,timestamp,usdc_high,usdc_low,usdc_open,usdc_close
0,2023-03-19 16:46:00,1831.3616377695068,1831.3616377695068,1831.3616377695068,1831.3616377695068
1,2023-03-19 16:45:00,1831.0844455137424,1831.0844455137424,1831.0844455137424,1831.0844455137424
2,2023-03-19 16:44:00,1831.3447379415752,1827.2718914498118,1827.3624960772866,1831.3447379415752
3,2023-03-19 16:43:00,1827.4220064043318,1824.438733742249,1824.4572179316701,1827.4220064043318
4,2023-03-19 16:42:00,1825.060815999643,1825.060815999643,1825.060815999643,1825.060815999643
5,2023-03-19 16:41:00,1824.995726622088,1823.3688683227642,1824.1023383543984,1824.995726622088
6,2023-03-19 16:40:00,1824.436677931839,1821.0885764276181,1821.1773840396586,1824.436677931839
7,2023-03-19 16:39:00,1821.6425465393058,1821.0973194713251,1821.6425465393058,1821.0973194713251
8,2023-03-19 16:38:00,1820.7939514663854,1820.7939514663854,1820.7939514663854,1820.7939514663854
9,2023-03-19 16:37:00,1820.5501569806138,1820.5501569806138,1820.5501569806138,1820.5501569806138
10,2023-03-19 16:36:00,1820.2332485097834,1820.2332485097834,1820.2332485097834,1820.2332485097834
11,2023-03-19 16:35:00,1818.608509228372,1818.608509228372,1818.608509228372,1818.608509228372
12,2023-03-19 16:34:00,1817.5749955540734,1813.889113709264,1813.889113709264,1817.5749955540734
13,2023-03-19 16:33:00,1809.2024526391447,1807.676412603113,1807.676412603113,1809.2024526391447
14,2023-03-19 16:32:00,1805.5115491115844,1805.1699290579463,1805.5115491115844,1805.1699290579463
15,2023-03-19 16:31:00,1805.4953638860263,1805.301146822181,1805.301146822181,1805.4953638860263
16,2023-03-19 16:29:00,1805.863892822215,1805.806596067591,1805.863892822215,1805.806596067591
17,2023-03-19 16:27:00,1805.8785085314216,1805.8785085314216,1805.8785085314216,1805.8785085314216
18,2023-03-19 16:26:00,1805.8814316945475,1805.7718999913413,1805.7718999913413,1805.8814316945475
19,2023-03-19 16:25:00,1805.7603920309332,1805.7557135928241,1805.7603920309332,1805.7557135928241
20,2023-03-19 16:24:00,1806.0710083079791,1805.7786810446073,1806.0710083079791,1805.7786810446073
21,2023-03-19 16:23:00,1806.1334058907337,1806.0456403168805,1806.1094706162603,1806.1334058907337
22,2023-03-19 16:21:00,1805.5457666715968,1805.5457666715968,1805.5457666715968,1805.5457666715968
23,2023-03-19 16:19:00,1805.6225902825329,1803.2303199475505,1803.2303199475505,1805.6225902825329
24,2023-03-19 16:18:00,1803.1090090031591,1803.1090090031591,1803.1090090031591,1803.1090090031591
25,2023-03-19 16:15:00,1803.1951329878825,1803.0333875303,1803.0333875303,1803.1702340937288
26,2023-03-19 16:14:00,1802.9504208037079,1802.9504208037079,1802.9504208037079,1802.9504208037079
27,2023-03-19 16:13:00,1802.8870783282762,1802.8870783282762,1802.8870783282762,1802.8870783282762
28,2023-03-19 16:12:00,1803.038703050992,1803.038703050992,1803.038703050992,1803.038703050992
29,2023-03-19 16:10:00,1802.7337159493054,1802.7337159493054,1802.7337159493054,1802.7337159493054
30,2023-03-19 16:08:00,1802.7380509901093,1802.7380509901093,1802.7380509901093,1802.7380509901093
31,2023-03-19 16:07:00,1802.9129963430657,1802.9129963430657,1802.9129963430657,1802.9129963430657
32,2023-03-19 16:06:00,1802.8616785293136,1802.8319769766756,1802.8319769766756,1802.8616785293136
33,2023-03-19 16:05:00,1803.3356486490356,1803.3356486490356,1803.3356486490356,1803.3356486490356
34,2023-03-19 16:04:00,1803.421518406814,1803.3391184186908,1803.421518406814,1803.3391184186908
35,2023-03-19 16:02:00,1803.0980141976108,1803.059446041952,1803.059446041952,1803.0980141976108
36,2023-03-19 16:01:00,1803.1583980865298,1803.12923279189,1803.1583980865298,1803.12923279189
37,2023-03-19 15:59:00,1803.1616063120873,1803.1616063120873,1803.1616063120873,1803.1616063120873
38,2023-03-19 15:57:00,1803.1240860882479,1803.1211696101782,1803.1240860882479,1803.1211696101782
39,2023-03-19 15:56:00,1800.5109969388673,1800.4382646298807,1800.4382646298807,1800.5109969388673
40,2023-03-19 15:55:00,1800.2766425252598,1800.2766425252598,1800.2766425252598,1800.2766425252598
41,2023-03-19 15:54:00,1800.2863612134379,1799.3271991784998,1799.3271991784998,1800.2863612134379
42,2023-03-19 15:53:00,1800.7906304954108,1800.7324153310076,1800.7906304954108,1800.7324153310076
43,2023-03-19 15:52:00,1800.8181857336942,1800.6289924002606,1800.8181857336942,1800.6289924002606
44,2023-03-19 15:51:00,1800.6565463781956,1800.6565463781956,1800.6565463781956,1800.6565463781956
45,2023-03-19 15:50:00,1800.7005071031633,1800.7005071031633,1800.7005071031633,1800.7005071031633
46,2023-03-19 15:49:00,1800.3194617037152,1800.2386522938725,1800.2386522938725,1800.3194617037152
47,2023-03-19 15:48:00,1799.312194390363,1799.312194390363,1799.312194390363,1799.312194390363
48,2023-03-19 15:47:00,1799.326730715087,1799.326730715087,1799.326730715087,1799.326730715087
49,2023-03-19 15:45:00,1799.3883782517164,1799.3883782517164,1799.3883782517164,1799.3883782517164
50,2023-03-19 15:43:00,1799.4174529249392,1799.3491362563539,1799.3491362563539,1799.4174529249392
51,2023-03-19 15:42:00,1798.2182734049013,1798.2182734049013,1798.2182734049013,1798.2182734049013
52,2023-03-19 15:40:00,1798.056750576526,1797.0595828127161,1797.0595828127161,1798.056750576526
53,2023-03-19 15:39:00,1796.9788464796159,1796.9788464796159,1796.9788464796159,1796.9788464796159
54,2023-03-19 15:36:00,1797.2493579090758,1797.2493579090758,1797.2493579090758,1797.2493579090758
55,2023-03-19 15:35:00,1797.2100413597263,1797.177321947218,1797.177321947218,1797.2100413597263
56,2023-03-19 15:34:00,1797.0965829550203,1797.0165522162506,1797.0165522162506,1797.0965829550203
57,2023-03-19 15:32:00,1796.686436266332,1796.686436266332,1796.686436266332,1796.686436266332
58,2023-03-19 15:28:00,1796.606163742589,1796.5916603524636,1796.606163742589,1796.5916603524636
59,2023-03-19 15:26:00,1796.6235680427142,1796.6235680427142,1796.6235680427142,1796.6235680427142
60,2023-03-19 15:25:00,1796.7018905255393,1796.7018905255393,1796.7018905255393,1796.7018905255393
61,2023-03-19 15:24:00,1796.7998187596331,1796.7998187596331,1796.7998187596331,1796.7998187596331
62,2023-03-19 15:23:00,1800.548272838447,1800.548272838447,1800.548272838447,1800.548272838447
63,2023-03-19 15:21:00,1802.621528765402,1802.621528765402,1802.621528765402,1802.621528765402
64,2023-03-19 15:20:00,1802.6259016994961,1802.6259016994961,1802.6259016994961,1802.6259016994961
65,2023-03-19 15:18:00,1802.6364278151805,1802.6364278151805,1802.6364278151805,1802.6364278151805
66,2023-03-19 15:16:00,1802.7500921752992,1802.5474799601225,1802.7500921752992,1802.5474799601225
67,2023-03-19 15:15:00,1802.7691142232393,1802.7691142232393,1802.7691142232393,1802.7691142232393
68,2023-03-19 15:13:00,1802.5275995955528,1802.5275995955528,1802.5275995955528,1802.5275995955528
69,2023-03-19 15:12:00,1802.579642816213,1802.5754487552385,1802.579642816213,1802.5754487552385
70,2023-03-19 15:10:00,1802.5545914244806,1802.5545914244806,1802.5545914244806,1802.5545914244806
71,2023-03-19 15:09:00,1805.8781468749005,1805.764626971966,1805.8781468749005,1805.764626971966
72,2023-03-19 15:08:00,1805.8842010012313,1805.8842010012313,1805.8842010012313,1805.8842010012313
73,2023-03-19 15:06:00,1805.8903560841404,1805.8903560841404,1805.8903560841404,1805.8903560841404
74,2023-03-19 15:05:00,1805.9472752031297,1804.1579930286002,1804.1579930286002,1805.894816294944
75,2023-03-19 15:04:00,1798.0091612422013,1796.2131429270362,1796.2131429270362,1798.0091612422013
76,2023-03-19 15:02:00,1792.73684046468,1792.73684046468,1792.73684046468,1792.73684046468
77,2023-03-19 15:01:00,1792.7126482705203,1792.7126482705203,1792.7126482705203,1792.7126482705203
78,2023-03-19 15:00:00,1793.1889879319363,1793.1889879319363,1793.1889879319363,1793.1889879319363
79,2023-03-19 14:59:00,1793.2944382064827,1793.2944382064827,1793.2944382064827,1793.2944382064827
80,2023-03-19 14:58:00,1792.649268239596,1792.649268239596,1792.649268239596,1792.649268239596
81,2023-03-19 14:57:00,1792.7309901831843,1792.7309901831843,1792.7309901831843,1792.7309901831843
82,2023-03-19 14:56:00,1792.738701001169,1792.7356909977364,1792.738701001169,1792.7356909977364
83,2023-03-19 14:54:00,1792.7704113854245,1792.286593602906,1792.286593602906,1792.7643791259775
84,2023-03-19 14:53:00,1792.219079740995,1791.9732517709076,1791.9732517709076,1792.219079740995
85,2023-03-19 14:51:00,1791.6208140621782,1791.6208140621782,1791.6208140621782,1791.6208140621782
86,2023-03-19 14:50:00,1791.335299873733,1791.3240844151992,1791.3240844151992,1791.335299873733
87,2023-03-19 14:48:00,1791.341702064199,1791.3275499545655,1791.341702064199,1791.3275499545655
88,2023-03-19 14:47:00,1791.4178984807747,1791.4178984807747,1791.4178984807747,1791.4178984807747
89,2023-03-19 14:46:00,1791.440233857074,1791.440233857074,1791.440233857074,1791.440233857074
90,2023-03-19 14:45:00,1791.50046989786,1791.50046989786,1791.50046989786,1791.50046989786
91,2023-03-19 14:44:00,1792.2208494507627,1792.2208494507627,1792.2208494507627,1792.2208494507627
92,2023-03-19 14:43:00,1792.4392604280663,1791.7766954333515,1792.4392604280663,1791.8976266720408
93,2023-03-19 14:42:00,1792.442729207111,1792.442729207111,1792.442729207111,1792.442729207111
94,2023-03-19 14:41:00,1791.660659913336,1791.660659913336,1791.660659913336,1791.660659913336
95,2023-03-19 14:40:00,1791.5566191824944,1791.5566191824944,1791.5566191824944,1791.5566191824944
96,2023-03-19 14:38:00,1791.2631192483595,1791.2631192483595,1791.2631192483595,1791.2631192483595
97,2023-03-19 14:37:00,1791.337593923093,1790.667122816895,1790.667122816895,1791.337593923093
98,2023-03-19 14:36:00,1790.646372190797,1790.646372190797,1790.646372190797,1790.646372190797
99,2023-03-19 14:35:00,1790.6320323008385,1790.6320323008385,1790.6320323008385,1790.6320323008385
100,2023-03-19 14:34:00,1789.8261846957512,1789.8101854714812,1789.8101854714812,1789.8261846957512
101,2023-03-19 14:33:00,1789.6558201035416,1789.4141126507593,1789.4141126507593,1789.6490384232063
102,2023-03-19 14:31:00,1789.1310281136864,1789.0504689507177,1789.0504689507177,1789.1281454668567
103,2023-03-19 14:30:00,1789.2286690020455,1786.5607009899652,1786.5607009899652,1789.1801865185794
104,2023-03-19 14:29:00,1786.5879822540576,1786.5879822540576,1786.5879822540576,1786.5879822540576
105,2023-03-19 14:28:00,1784.649463052955,1784.4885481272204,1784.4885481272204,1784.649463052955
106,2023-03-19 14:27:00,1782.3532452435297,1782.2420166319912,1782.3532452435297,1782.2420166319912
107,2023-03-19 14:26:00,1782.3350231227496,1782.3350231227496,1782.3350231227496,1782.3350231227496
108,2023-03-19 14:25:00,1782.5209649763772,1782.4939367774798,1782.5209649763772,1782.4939367774798
109,2023-03-19 14:23:00,1782.5710954754823,1782.5710954754823,1782.5710954754823,1782.5710954754823
110,2023-03-19 14:22:00,1782.417375637098,1782.417375637098,1782.417375637098,1782.417375637098
111,2023-03-19 14:18:00,1782.8893044137023,1782.6907755419168,1782.6907755419168,1782.8893044137023
112,2023-03-19 14:17:00,1782.2083167119465,1782.1681147560607,1782.1681147560607,1782.2083167119465
113,2023-03-19 14:16:00,1782.1861083245594,1782.1850243320264,1782.1861083245594,1782.1850243320264
114,2023-03-19 14:14:00,1782.026730524542,1781.9449048672723,1782.026730524542,1781.9449048672723
115,2023-03-19 14:12:00,1781.8659335800523,1781.8659335800523,1781.8659335800523,1781.8659335800523
116,2023-03-19 14:11:00,1781.8418146638671,1781.8418146638671,1781.8418146638671,1781.8418146638671
117,2023-03-19 14:09:00,1781.828462049996,1781.8083146355607,1781.8083146355607,1781.828462049996
118,2023-03-19 14:08:00,1781.6873614677702,1781.6873614677702,1781.6873614677702,1781.6873614677702
119,2023-03-19 14:07:00,1781.5758010517038,1781.5439237737567,1781.5758010517038,1781.5439237737567
120,2023-03-19 14:06:00,1781.5372310271973,1781.5372310271973,1781.5372310271973,1781.5372310271973
121,2023-03-19 14:04:00,1781.6495824804035,1781.6495824804035,1781.6495824804035,1781.6495824804035
122,2023-03-19 14:03:00,1781.906528600586,1781.8872169731362,1781.8872169731362,1781.906528600586
123,2023-03-19 14:02:00,1782.3851396608827,1781.726426235398,1782.3666737680314,1781.726426235398
124,2023-03-19 14:01:00,1782.7203620472585,1782.7203620472585,1782.7203620472585,1782.7203620472585
125,2023-03-19 13:58:00,1783.9617393950887,1782.9535648115975,1783.9617393950887,1782.9535648115975
126,2023-03-19 13:55:00,1784.4853253147603,1784.4853253147603,1784.4853253147603,1784.4853253147603
127,2023-03-19 13:53:00,1784.515700399697,1784.4832253828176,1784.4832253828176,1784.515700399697
128,2023-03-19 13:52:00,1784.5051620317595,1784.5051620317595,1784.5051620317595,1784.5051620317595
129,2023-03-19 13:51:00,1784.6056685834458,1784.5889595215278,1784.5889595215278,1784.6056685834458
130,2023-03-19 13:50:00,1784.702188286403,1784.701932566713,1784.702188286403,1784.701932566713
131,2023-03-19 13:49:00,1784.7955309827687,1784.7955309827687,1784.7955309827687,1784.7955309827687
132,2023-03-19 13:48:00,1784.7424722632945,1784.6993646332262,1784.7424722632945,1784.6993646332262
133,2023-03-19 13:44:00,1784.751388544736,1784.751388544736,1784.751388544736,1784.751388544736
134,2023-03-19 13:40:00,1784.8060198332846,1784.8060198332846,1784.8060198332846,1784.8060198332846
135,2023-03-19 13:39:00,1785.0315689606334,1785.0315689606334,1785.0315689606334,1785.0315689606334
136,2023-03-19 13:38:00,1785.0170663068816,1785.0090195274797,1785.0090195274797,1785.0170663068816
137,2023-03-19 13:35:00,1785.051614873323,1784.9581421927292,1785.051614873323,1784.9581421927292
138,2023-03-19 13:33:00,1785.0353259705037,1785.0353259705037,1785.0353259705037,1785.0353259705037
139,2023-03-19 13:32:00,1784.637298557457,1784.1448833891113,1784.637298557457,1784.1448833891113
140,2023-03-19 13:29:00,1784.5648244685099,1784.2431469906314,1784.2431469906314,1784.5648244685099
141,2023-03-19 13:28:00,1784.6833007188939,1784.2076385934067,1784.6833007188939,1784.2076385934067
142,2023-03-19 13:26:00,1784.7899866707103,1784.7899866707103,1784.7899866707103,1784.7899866707103
143,2023-03-19 13:25:00,1784.746679483511,1784.7425015141002,1784.746679483511,1784.7425015141002
144,2023-03-19 13:23:00,1784.5862617907312,1784.5862617907312,1784.5862617907312,1784.5862617907312
145,2023-03-19 13:22:00,1784.4856218869327,1784.4856218869327,1784.4856218869327,1784.4856218869327
146,2023-03-19 13:21:00,1784.4745753840086,1784.418947581796,1784.418947581796,1784.4745753840086
147,2023-03-19 13:20:00,1784.7252210879687,1784.7252210879687,1784.7252210879687,1784.7252210879687
148,2023-03-19 13:19:00,1784.7565334670783,1784.7565334670783,1784.7565334670783,1784.7565334670783
149,2023-03-19 13:17:00,1784.7796745647988,1784.7796745647988,1784.7796745647988,1784.7796745647988
150,2023-03-19 13:16:00,1784.8410699743165,1784.8410699743165,1784.8410699743165,1784.8410699743165
151,2023-03-19 13:15:00,1784.8686925016393,1784.8686925016393,1784.8686925016393,1784.8686925016393
152,2023-03-19 13:14:00,1785.0393362191228,1785.0278451157328,1785.0393362191228,1785.0278451157328
153,2023-03-19 13:13:00,1785.086256933706,1785.0762018153634,1785.086256933706,1785.0762018153634
154,2023-03-19 13:12:00,1785.6410655969803,1785.6410655969803,1785.6410655969803,1785.6410655969803
155,2023-03-19 13:11:00,1786.2687451934805,1786.2687451934805,1786.2687451934805,1786.2687451934805
156,2023-03-19 13:09:00,1788.3916363796045,1786.5361162103306,1788.3916363796045,1786.5361162103306
157,2023-03-19 13:08:00,1788.3746210790987,1788.3746210790987,1788.3746210790987,1788.3746210790987
158,2023-03-19 13:07:00,1790.9003551380915,1790.9003551380915,1790.9003551380915,1790.9003551380915
159,2023-03-19 13:05:00,1791.729966231139,1791.729966231139,1791.729966231139,1791.729966231139
160,2023-03-19 13:03:00,1791.6873782695586,1791.6873782695586,1791.6873782695586,1791.6873782695586
161,2023-03-19 13:02:00,1789.4635949863941,1789.4635949863941,1789.4635949863941,1789.4635949863941
162,2023-03-19 13:01:00,1789.3830273978926,1789.3830273978926,1789.3830273978926,1789.3830273978926
163,2023-03-19 12:58:00,1789.3058631963395,1789.2959007909888,1789.2959007909888,1789.3058631963395
164,2023-03-19 12:57:00,1789.584243928453,1789.584243928453,1789.584243928453,1789.584243928453
165,2023-03-19 12:56:00,1789.566791368739,1789.566791368739,1789.566791368739,1789.566791368739
166,2023-03-19 12:55:00,1789.6254478303522,1789.6254478303522,1789.6254478303522,1789.6254478303522
167,2023-03-19 12:54:00,1789.7858865135397,1789.7858865135397,1789.7858865135397,1789.7858865135397
168,2023-03-19 12:50:00,1789.7793287230922,1789.7793287230922,1789.7793287230922,1789.7793287230922
169,2023-03-19 12:49:00,1789.7614703412735,1789.7614703412735,1789.7614703412735,1789.7614703412735
170,2023-03-19 12:48:00,1789.8361408543362,1789.8361408543362,1789.8361408543362,1789.8361408543362
171,2023-03-19 12:47:00,1789.0481542819425,1789.0481542819425,1789.0481542819425,1789.0481542819425
172,2023-03-19 12:44:00,1789.0524051765622,1789.0524051765622,1789.0524051765622,1789.0524051765622
173,2023-03-19 12:43:00,1789.077573289239,1789.077573289239,1789.077573289239,1789.077573289239
174,2023-03-19 12:39:00,1789.1574169769328,1788.7553483296808,1789.0446324001043,1788.7553483296808
175,2023-03-19 12:38:00,1789.4022207547023,1788.8632287071628,1789.4022207547023,1788.8632287071628
176,2023-03-19 12:37:00,1789.412863885612,1789.412863885612,1789.412863885612,1789.412863885612
177,2023-03-19 12:36:00,1789.5183028744634,1789.46114691632,1789.5183028744634,1789.46114691632
178,2023-03-19 12:35:00,1789.8356848281446,1789.506940281825,1789.8356848281446,1789.506940281825
179,2023-03-19 12:32:00,1789.924475710052,1789.7953965585368,1789.924475710052,1789.7953965585368
180,2023-03-19 12:31:00,1789.9039630676762,1789.9039630676762,1789.9039630676762,1789.9039630676762
181,2023-03-19 12:30:00,1789.8979911159008,1789.8979911159008,1789.8979911159008,1789.8979911159008
182,2023-03-19 12:29:00,1793.5596243731145,1790.6826616031194,1793.5596243731145,1790.6826616031194
183,2023-03-19 12:27:00,1793.7275309593272,1793.642760543139,1793.7275309593272,1793.642760543139
184,2023-03-19 12:26:00,1793.746272790711,1793.746272790711,1793.746272790711,1793.746272790711
185,2023-03-19 12:25:00,1794.0750998291505,1794.0750998291505,1794.0750998291505,1794.0750998291505
186,2023-03-19 12:24:00,1794.1347832315416,1794.0860033050906,1794.1347832315416,1794.0860033050906
187,2023-03-19 12:23:00,1794.1424292226363,1794.13044914943,1794.13044914943,1794.1424292226363
188,2023-03-19 12:22:00,1793.6464391453135,1793.6464391453135,1793.6464391453135,1793.6464391453135
189,2023-03-19 12:21:00,1793.6565668379317,1793.6565668379317,1793.6565668379317,1793.6565668379317
190,2023-03-19 12:20:00,1794.3495727439529,1793.9263630951682,1794.3495727439529,1793.9263630951682
191,2023-03-19 12:18:00,1794.3553633914169,1794.3553633914169,1794.3553633914169,1794.3553633914169
192,2023-03-19 12:16:00,1794.5388778268828,1794.5120862182423,1794.5388778268828,1794.5120862182423
193,2023-03-19 12:14:00,1792.7858106955055,1792.0728799357887,1792.0728799357887,1792.7858106955055
194,2023-03-19 12:13:00,1792.359794189718,1792.359794189718,1792.359794189718,1792.359794189718
195,2023-03-19 12:12:00,1792.3634370754842,1792.2505510223625,1792.2505510223625,1792.3634370754842
196,2023-03-19 12:11:00,1792.8407445950195,1792.4137993310771,1792.5985787340892,1792.4137993310771
197,2023-03-19 12:10:00,1793.2603355723056,1792.6808552732255,1793.2603355723056,1792.6808552732255
198,2023-03-19 12:08:00,1793.2908402867681,1790.4195364132659,1790.4195364132659,1793.2908402867681
199,2023-03-19 12:07:00,1790.3877358720767,1790.3698718588846,1790.3877358720767,1790.3698718588846
200,2023-03-19 12:06:00,1787.9073706996182,1787.8938626144418,1787.9073706996182,1787.8938626144418
201,2023-03-19 12:05:00,1787.7581312978537,1787.7581312978537,1787.7581312978537,1787.7581312978537
202,2023-03-19 12:03:00,1787.5182773765825,1787.5182773765825,1787.5182773765825,1787.5182773765825
203,2023-03-19 12:01:00,1787.357230283059,1787.3245988240633,1787.3245988240633,1787.357230283059
204,2023-03-19 12:00:00,1787.3245988240633,1787.3125206945494,1787.3125206945494,1787.3245988240633
205,2023-03-19 11:59:00,1787.393139436186,1787.1796251944954,1787.1796251944954,1787.393139436186
206,2023-03-19 11:58:00,1787.1152115781772,1784.530727592798,1784.530727592798,1787.1152115781772
207,2023-03-19 11:57:00,1784.5630887020152,1784.4499725952967,1784.4499725952967,1784.5630887020152
208,2023-03-19 11:56:00,1784.3657775703032,1784.3599232246877,1784.3657775703032,1784.3599232246877
209,2023-03-19 11:55:00,1784.4481574249926,1784.4128389099512,1784.4128389099512,1784.4481574249926
210,2023-03-19 11:54:00,1784.415850591318,1782.506749424189,1782.506749424189,1784.415850591318
211,2023-03-19 11:53:00,1782.4272683322451,1782.4272683322451,1782.4272683322451,1782.4272683322451
212,2023-03-19 11:51:00,1780.5466176927634,1780.2573030949695,1780.2573030949695,1780.5466176927634
213,2023-03-19 11:50:00,1780.5963228595042,1778.9491267296219,1778.9491267296219,1780.4175465655483
214,2023-03-19 11:49:00,1779.0714402010312,1778.904396392396,1779.0714402010312,1778.904396392396
215,2023-03-19 11:46:00,1779.2914018183967,1779.0503894067979,1779.0503894067979,1779.2914018183967
216,2023-03-19 11:45:00,1778.889723523814,1778.889723523814,1778.889723523814,1778.889723523814
217,2023-03-19 11:44:00,1778.693149893679,1778.3718575772723,1778.4045331911093,1778.693149893679
218,2023-03-19 11:43:00,1778.2702238582597,1778.2702238582597,1778.2702238582597,1778.2702238582597
219,2023-03-19 11:41:00,1777.9062151699286,1777.9062151699286,1777.9062151699286,1777.9062151699286
220,2023-03-19 11:39:00,1778.1632301999766,1778.1086760569983,1778.1086760569983,1778.1632301999766
221,2023-03-19 11:38:00,1777.4783991289105,1777.4783991289105,1777.4783991289105,1777.4783991289105
222,2023-03-19 11:35:00,1777.5260336890017,1777.5260336890017,1777.5260336890017,1777.5260336890017
223,2023-03-19 11:34:00,1777.5244276813298,1777.5244276813298,1777.5244276813298,1777.5244276813298
224,2023-03-19 11:33:00,1777.569594411115,1777.5214139043035,1777.5214139043035,1777.569594411115
225,2023-03-19 11:32:00,1777.3419113220557,1777.3419113220557,1777.3419113220557,1777.3419113220557
226,2023-03-19 11:31:00,1777.325852106535,1776.844109279607,1776.844109279607,1777.325852106535
227,2023-03-19 11:29:00,1776.7415981313509,1776.7415981313509,1776.7415981313509,1776.7415981313509
228,2023-03-19 11:27:00,1776.9682897907485,1776.9682897907485,1776.9682897907485,1776.9682897907485
229,2023-03-19 11:25:00,1776.9512816702088,1776.8880028473254,1776.9512816702088,1776.8880028473254
230,2023-03-19 11:23:00,1776.8081941040818,1776.8081941040818,1776.8081941040818,1776.8081941040818
231,2023-03-19 11:22:00,1776.594414140654,1776.594414140654,1776.594414140654,1776.594414140654
232,2023-03-19 11:20:00,1776.7744191052066,1776.7744191052066,1776.7744191052066,1776.7744191052066
233,2023-03-19 11:19:00,1776.6247850231816,1776.6247850231816,1776.6247850231816,1776.6247850231816
234,2023-03-19 11:17:00,1776.6276375794403,1776.6276375794403,1776.6276375794403,1776.6276375794403
235,2023-03-19 11:16:00,1777.1447544401892,1777.104608726294,1777.104608726294,1777.1447544401892
236,2023-03-19 11:14:00,1777.0964156068653,1777.0964156068653,1777.0964156068653,1777.0964156068653
237,2023-03-19 11:13:00,1777.0232374184095,1777.0232374184095,1777.0232374184095,1777.0232374184095
238,2023-03-19 11:12:00,1777.8286359656781,1777.8286359656781,1777.8286359656781,1777.8286359656781
239,2023-03-19 11:11:00,1777.820117452429,1777.820117452429,1777.820117452429,1777.820117452429
240,2023-03-19 11:10:00,1777.857441969291,1777.857441969291,1777.857441969291,1777.857441969291
241,2023-03-19 11:09:00,1777.677471420192,1777.677471420192,1777.677471420192,1777.677471420192
242,2023-03-19 11:08:00,1777.6614106659106,1777.6614106659106,1777.6614106659106,1777.6614106659106
243,2023-03-19 11:07:00,1777.7059503126375,1777.685134355584,1777.7022651340142,1777.7059503126375
244,2023-03-19 11:06:00,1780.0416069532132,1777.436829771818,1780.025535502698,1777.436829771818
245,2023-03-19 11:04:00,1782.1158997369864,1779.945179335684,1781.8915429779736,1779.945179335684
246,2023-03-19 11:03:00,1781.8794831081652,1781.8794831081652,1781.8794831081652,1781.8794831081652
247,2023-03-19 11:01:00,1781.8751306633678,1781.8751306633678,1781.8751306633678,1781.8751306633678
248,2023-03-19 11:00:00,1781.8751306633678,1781.8751306633678,1781.8751306633678,1781.8751306633678
249,2023-03-19 10:58:00,1782.0689848142472,1781.5584123134684,1781.5584123134684,1782.0689848142472
250,2023-03-19 10:56:00,1781.3860404696975,1781.3860404696975,1781.3860404696975,1781.3860404696975
251,2023-03-19 10:55:00,1781.340417102099,1781.340417102099,1781.340417102099,1781.340417102099
252,2023-03-19 10:53:00,1781.3546867083624,1781.349008916743,1781.3546867083624,1781.349008916743
253,2023-03-19 10:52:00,1781.6658849355288,1781.3917326389294,1781.6658849355288,1781.3917326389294
254,2023-03-19 10:51:00,1781.6365275845033,1781.6365275845033,1781.6365275845033,1781.6365275845033
255,2023-03-19 10:49:00,1781.568167125961,1781.4877760001366,1781.4877760001366,1781.568167125961
256,2023-03-19 10:48:00,1781.407386685405,1781.326999181766,1781.326999181766,1781.407386685405
257,2023-03-19 10:47:00,1781.473523168707,1781.3931341651416,1781.3931341651416,1781.473523168707
258,2023-03-19 10:46:00,1781.3966446438174,1781.3966446438174,1781.3966446438174,1781.3966446438174
259,2023-03-19 10:45:00,1781.3162573720188,1781.155488258981,1781.155488258981,1781.3162573720188
260,2023-03-19 10:44:00,1781.075106420463,1781.0665980930676,1781.0665980930676,1781.075106420463
261,2023-03-19 10:43:00,1780.9862182573481,1780.9862182573481,1780.9862182573481,1780.9862182573481
262,2023-03-19 10:42:00,1780.8736895292168,1780.8736895292168,1780.8736895292168,1780.8736895292168
263,2023-03-19 10:40:00,1780.8415391165743,1779.8139922595205,1779.8139922595205,1780.8415391165743
264,2023-03-19 10:38:00,1779.7898865873221,1779.7898865873221,1779.7898865873221,1779.7898865873221
265,2023-03-19 10:37:00,1779.7898865873044,1779.7898865873044,1779.7898865873044,1779.7898865873044
266,2023-03-19 10:36:00,1779.6454029747842,1779.6454029747842,1779.6454029747842,1779.6454029747842
267,2023-03-19 10:35:00,1779.6199837343956,1779.6199837343956,1779.6199837343956,1779.6199837343956
268,2023-03-19 10:33:00,1779.7165841057308,1779.5560679125383,1779.5560679125383,1779.7165841057308
269,2023-03-19 10:31:00,1779.539987531386,1779.379479290406,1779.379479290406,1779.539987531386
270,2023-03-19 10:30:00,1779.3019793404965,1779.1747624610332,1779.1747624610332,1779.3019793404965
271,2023-03-19 10:26:00,1778.9270271250714,1778.9270271250714,1778.9270271250714,1778.9270271250714
272,2023-03-19 10:25:00,1778.9223674281088,1778.9223674281088,1778.9223674281088,1778.9223674281088
273,2023-03-19 10:22:00,1778.8902707654902,1778.8902707654902,1778.8902707654902,1778.8902707654902
274,2023-03-19 10:20:00,1778.8592735305808,1778.8592735305808,1778.8592735305808,1778.8592735305808
275,2023-03-19 10:17:00,1778.8432254473585,1778.8432254473585,1778.8432254473585,1778.8432254473585
276,2023-03-19 10:16:00,1778.844965979389,1778.844965979389,1778.844965979389,1778.844965979389
277,2023-03-19 10:14:00,1778.836139560115,1778.836139560115,1778.836139560115,1778.836139560115
278,2023-03-19 10:13:00,1778.8415035017088,1778.7120547546028,1778.8415035017088,1778.7120547546028
279,2023-03-19 10:11:00,1778.7250881880232,1778.7250881880232,1778.7250881880232,1778.7250881880232
280,2023-03-19 10:10:00,1778.7090550990765,1778.7090550990765,1778.7090550990765,1778.7090550990765
281,2023-03-19 10:09:00,1778.9055258698015,1778.9055258698015,1778.9055258698015,1778.9055258698015
282,2023-03-19 10:08:00,1778.9446025148734,1778.9065466815262,1778.9065466815262,1778.9446025148734
283,2023-03-19 10:07:00,1778.8630657278698,1778.671701763653,1778.671701763653,1778.8630657278698
284,2023-03-19 10:05:00,1778.130665303047,1778.130665303047,1778.130665303047,1778.130665303047
285,2023-03-19 10:04:00,1777.748350632737,1777.748350632737,1777.748350632737,1777.748350632737
286,2023-03-19 10:03:00,1777.6245828997369,1777.6245828997369,1777.6245828997369,1777.6245828997369
287,2023-03-19 10:01:00,1777.599392044011,1777.599392044011,1777.599392044011,1777.599392044011
288,2023-03-19 10:00:00,1777.599392044011,1777.599392044011,1777.599392044011,1777.599392044011
289,2023-03-19 09:59:00,1777.14063634719,1776.607132620978,1776.607132620978,1777.14063634719
290,2023-03-19 09:58:00,1776.604247555366,1776.604247555366,1776.604247555366,1776.604247555366
291,2023-03-19 09:57:00,1776.6058667917366,1776.6058667917366,1776.6058667917366,1776.6058667917366
292,2023-03-19 09:55:00,1776.2949660300878,1776.2949660300878,1776.2949660300878,1776.2949660300878
293,2023-03-19 09:54:00,1779.8964278033645,1779.8964278033645,1779.8964278033645,1779.8964278033645
294,2023-03-19 09:53:00,1779.7768829776903,1779.7768829776903,1779.7768829776903,1779.7768829776903
295,2023-03-19 09:50:00,1779.7788124194717,1779.458743621661,1779.458743621661,1779.7788124194717
296,2023-03-19 09:48:00,1779.4627302076183,1779.4627302076183,1779.4627302076183,1779.4627302076183
297,2023-03-19 09:46:00,1779.479817156776,1779.3170836337451,1779.3170836337451,1779.479817156776
298,2023-03-19 09:45:00,1779.3591941284385,1779.3591941284385,1779.3591941284385,1779.3591941284385
299,2023-03-19 09:44:00,1779.2978804979566,1779.2978804979566,1779.2978804979566,1779.2978804979566
300,2023-03-19 09:43:00,1778.981378011975,1778.981378011975,1778.981378011975,1778.981378011975
301,2023-03-19 09:39:00,1778.6604179674937,1778.6604179674937,1778.6604179674937,1778.6604179674937
302,2023-03-19 09:38:00,1778.9404107822768,1778.6606596408194,1778.9404107822768,1778.6606596408194
303,2023-03-19 09:36:00,1778.9689605283281,1778.754700528094,1778.754700528094,1778.9689605283281
304,2023-03-19 09:35:00,1778.8829608563674,1778.8829608563674,1778.8829608563674,1778.8829608563674
305,2023-03-19 09:32:00,1778.8646387843355,1778.8646387843355,1778.8646387843355,1778.8646387843355
306,2023-03-19 09:30:00,1779.0200159592002,1779.0200159592002,1779.0200159592002,1779.0200159592002
307,2023-03-19 09:29:00,1778.9703801941484,1778.9703801941484,1778.9703801941484,1778.9703801941484
308,2023-03-19 09:26:00,1779.0738703776894,1778.996747746074,1779.0738703776894,1778.996747746074
309,2023-03-19 09:25:00,1779.0528108269511,1779.0528108269511,1779.0528108269511,1779.0528108269511
310,2023-03-19 09:24:00,1779.0754313844843,1779.0220895586856,1779.0754313844843,1779.034834124994
311,2023-03-19 09:22:00,1779.1091300527862,1779.1091300527862,1779.1091300527862,1779.1091300527862
312,2023-03-19 09:21:00,1779.1594108977192,1779.1594108977192,1779.1594108977192,1779.1594108977192
313,2023-03-19 09:16:00,1779.1521896299255,1779.1521896299255,1779.1521896299255,1779.1521896299255
314,2023-03-19 09:15:00,1779.466330888363,1779.466330888363,1779.466330888363,1779.466330888363
315,2023-03-19 09:14:00,1779.600033594848,1779.595786299618,1779.600033594848,1779.595786299618
316,2023-03-19 09:13:00,1779.6966935123419,1779.6966935123419,1779.6966935123419,1779.6966935123419
317,2023-03-19 09:11:00,1779.6975430424466,1779.6975430424466,1779.6975430424466,1779.6975430424466
318,2023-03-19 09:08:00,1779.5397433105436,1779.5397433105436,1779.5397433105436,1779.5397433105436
319,2023-03-19 09:02:00,1779.5368829776487,1779.5368829776487,1779.5368829776487,1779.5368829776487
320,2023-03-19 09:01:00,1779.525486921489,1779.525486921489,1779.525486921489,1779.525486921489
321,2023-03-19 08:59:00,1779.5242235369365,1779.488803593648,1779.5081723851888,1779.488803593648
322,2023-03-19 08:58:00,1779.6712797357288,1779.6712797357288,1779.6712797357288,1779.6712797357288
323,2023-03-19 08:56:00,1779.66209324513,1779.66209324513,1779.66209324513,1779.66209324513
324,2023-03-19 08:55:00,1779.5818350893094,1779.5818350893094,1779.5818350893094,1779.5818350893094
325,2023-03-19 08:53:00,1779.736462699078,1779.4632490885417,1779.736462699078,1779.4632490885417
326,2023-03-19 08:51:00,1779.5759448059082,1779.5650755743438,1779.5650755743438,1779.5759448059082
327,2023-03-19 08:49:00,1779.58176333847,1779.546879475361,1779.546879475361,1779.58176333847
328,2023-03-19 08:48:00,1779.547036916878,1779.547036916878,1779.547036916878,1779.547036916878
329,2023-03-19 08:45:00,1779.547320057929,1779.547320057929,1779.547320057929,1779.547320057929
330,2023-03-19 08:44:00,1779.5616021667383,1779.5616021667383,1779.5616021667383,1779.5616021667383
331,2023-03-19 08:43:00,1779.5556072100915,1779.3896435233394,1779.3896435233394,1779.5556072100915
332,2023-03-19 08:41:00,1779.198680222936,1779.198680222936,1779.198680222936,1779.198680222936
333,2023-03-19 08:38:00,1779.1988556653725,1779.1988556653725,1779.1988556653725,1779.1988556653725
334,2023-03-19 08:36:00,1779.1804066358427,1779.1804066358427,1779.1804066358427,1779.1804066358427
335,2023-03-19 08:34:00,1778.7952359048293,1778.7952359048293,1778.7952359048293,1778.7952359048293
336,2023-03-19 08:32:00,1778.743882956673,1778.6709603138204,1778.6709603138204,1778.743882956673
337,2023-03-19 08:29:00,1778.51065086864,1778.4143723882353,1778.4143723882353,1778.51065086864
338,2023-03-19 08:27:00,1778.3066224455233,1778.158483677102,1778.3066224455233,1778.158483677102
339,2023-03-19 08:22:00,1778.227050815634,1778.227050815634,1778.227050815634,1778.227050815634
340,2023-03-19 08:20:00,1778.1738080041139,1778.1738080041139,1778.1738080041139,1778.1738080041139
341,2023-03-19 08:19:00,1778.1748065896006,1778.1748065896006,1778.1748065896006,1778.1748065896006
342,2023-03-19 08:17:00,1778.0215314765364,1777.7993891741191,1777.8079458037867,1778.0215314765364
343,2023-03-19 08:16:00,1777.8107730703887,1777.0086893268629,1777.0086893268629,1777.8107730703887
344,2023-03-19 08:14:00,1776.991529346564,1776.991529346564,1776.991529346564,1776.991529346564
345,2023-03-19 08:12:00,1776.8350760776946,1776.818124909325,1776.818124909325,1776.8350760776946
346,2023-03-19 08:11:00,1776.6612489428253,1776.6612489428253,1776.6612489428253,1776.6612489428253
347,2023-03-19 08:10:00,1776.6616457564191,1776.5132857747515,1776.5132857747515,1776.6616457564191
348,2023-03-19 08:07:00,1776.5135706853862,1776.5135706853862,1776.5135706853862,1776.5135706853862
349,2023-03-19 08:04:00,1776.5082256159726,1776.0270398580458,1776.0270398580458,1776.5082256159726
350,2023-03-19 08:01:00,1774.3416645218306,1774.3416645218306,1774.3416645218306,1774.3416645218306
351,2023-03-19 07:55:00,1774.2710707821213,1774.2710707821213,1774.2710707821213,1774.2710707821213
352,2023-03-19 07:53:00,1774.1604931795682,1774.1159852211301,1774.1604931795682,1774.1159852211301
353,2023-03-19 07:51:00,1774.1444661901558,1774.1444661901558,1774.1444661901558,1774.1444661901558
354,2023-03-19 07:49:00,1774.0768437936238,1774.0608171814752,1774.0608171814752,1774.0768437936238
355,2023-03-19 07:48:00,1773.9862674346525,1773.9862674346525,1773.9862674346525,1773.9862674346525
356,2023-03-19 07:47:00,1773.8082203656156,1773.8082203656156,1773.8082203656156,1773.8082203656156
357,2023-03-19 07:45:00,1773.7120686171857,1773.6327457366813,1773.6327457366813,1773.7120686171857
358,2023-03-19 07:41:00,1773.3418612399794,1773.3418612399794,1773.3418612399794,1773.3418612399794
359,2023-03-19 07:40:00,1774.2007821623606,1773.2723186751878,1774.2007821623606,1773.2723186751878
360,2023-03-19 07:39:00,1774.0993650252105,1774.032517508863,1774.032517508863,1774.0993650252105
361,2023-03-19 07:37:00,1774.034422418461,1774.034422418461,1774.034422418461,1774.034422418461
362,2023-03-19 07:36:00,1773.6562178226354,1773.6562178226354,1773.6562178226354,1773.6562178226354
363,2023-03-19 07:35:00,1773.647273195866,1773.647273195866,1773.647273195866,1773.647273195866
364,2023-03-19 07:34:00,1773.6111323508403,1773.6032054780183,1773.6111323508403,1773.6032054780183
365,2023-03-19 07:33:00,1773.6310274562106,1773.6310274562106,1773.6310274562106,1773.6310274562106
366,2023-03-19 07:31:00,1773.6264747804557,1773.536037997041,1773.536037997041,1773.6264747804557
367,2023-03-19 07:27:00,1773.48567319533,1773.48567319533,1773.48567319533,1773.48567319533
368,2023-03-19 07:25:00,1773.9829509584283,1773.9496973653481,1773.9496973653481,1773.9829509584283
369,2023-03-19 07:18:00,1773.9158076732087,1773.9158076732087,1773.9158076732087,1773.9158076732087
370,2023-03-19 07:17:00,1773.8757430431008,1773.8757430431008,1773.8757430431008,1773.8757430431008
371,2023-03-19 07:15:00,1773.851704481964,1773.851704481964,1773.851704481964,1773.851704481964
372,2023-03-19 07:14:00,1773.779129475109,1773.779129475109,1773.779129475109,1773.779129475109
373,2023-03-19 07:13:00,1773.822595799777,1773.7424690898024,1773.7424690898024,1773.822595799777
374,2023-03-19 07:12:00,1773.901290541956,1773.1000867826094,1773.1000867826094,1773.901290541956
375,2023-03-19 07:11:00,1773.0170452760512,1773.0170452760512,1773.0170452760512,1773.0170452760512
376,2023-03-19 07:09:00,1774.2139366996723,1772.7753744954632,1774.2139366996723,1772.7753744954632
377,2023-03-19 07:07:00,1774.2139366995993,1774.213935560424,1774.213935560424,1774.2139366995993
378,2023-03-19 07:05:00,1776.4032256385758,1776.4032256385758,1776.4032256385758,1776.4032256385758
379,2023-03-19 07:02:00,1776.4135802762,1776.4135802762,1776.4135802762,1776.4135802762
380,2023-03-19 07:01:00,1776.3976840196624,1776.3874848623636,1776.3874848623636,1776.3976840196624
381,2023-03-19 06:59:00,1776.3874848623636,1776.3874848623636,1776.3874848623636,1776.3874848623636
382,2023-03-19 06:58:00,1777.1837234850502,1777.035500550647,1777.1837234850502,1777.035500550647
383,2023-03-19 06:57:00,1777.403124019893,1777.403124019893,1777.403124019893,1777.403124019893
384,2023-03-19 06:56:00,1777.3710419935167,1777.3710419935167,1777.3710419935167,1777.3710419935167
385,2023-03-19 06:55:00,1777.3850846519667,1777.3850846519667,1777.3850846519667,1777.3850846519667
386,2023-03-19 06:54:00,1777.400527441734,1777.400527441734,1777.400527441734,1777.400527441734
387,2023-03-19 06:53:00,1777.72596328566,1777.72596328566,1777.72596328566,1777.72596328566
388,2023-03-19 06:52:00,1777.8270889233386,1777.7943507639877,1777.8270889233386,1777.7943507639877
389,2023-03-19 06:51:00,1777.9617271421891,1777.9617271421891,1777.9617271421891,1777.9617271421891
390,2023-03-19 06:49:00,1777.6570719942474,1777.6570719942474,1777.6570719942474,1777.6570719942474
391,2023-03-19 06:47:00,1779.701123738581,1777.6599237574128,1779.701123738581,1777.6599237574128
392,2023-03-19 06:45:00,1779.7116228421783,1779.7116228421783,1779.7116228421783,1779.7116228421783
393,2023-03-19 06:44:00,1780.290380325889,1780.290380325889,1780.290380325889,1780.290380325889
394,2023-03-19 06:43:00,1780.6698829743755,1780.6698829743755,1780.6698829743755,1780.6698829743755
395,2023-03-19 06:41:00,1780.7427901307665,1780.7427901307665,1780.7427901307665,1780.7427901307665
396,2023-03-19 06:39:00,1780.7005653900437,1780.6610890526847,1780.6610890526847,1780.694621927451
397,2023-03-19 06:38:00,1780.7354252604848,1780.7354252604848,1780.7354252604848,1780.7354252604848
398,2023-03-19 06:37:00,1780.7116493688807,1780.7116493688807,1780.7116493688807,1780.7116493688807
399,2023-03-19 06:36:00,1780.6715095020797,1780.6715095020797,1780.6715095020797,1780.6715095020797
400,2023-03-19 06:35:00,1780.7639155977113,1780.6313700870098,1780.7639155977113,1780.6313700870098
401,2023-03-19 06:34:00,1780.8848228446286,1780.723775138229,1780.8848228446286,1780.723775138229
402,2023-03-19 06:30:00,1780.885381470849,1780.8833528960076,1780.885381470849,1780.8833528960076
403,2023-03-19 06:26:00,1780.9885671264706,1780.972509873712,1780.972509873712,1780.9885671264706
404,2023-03-19 06:25:00,1783.2766431661194,1782.5684663492707,1783.2766431661194,1782.5684663492707
405,2023-03-19 06:23:00,1783.6635217212158,1783.6635217212158,1783.6635217212158,1783.6635217212158
406,2023-03-19 06:22:00,1785.5942109773698,1785.5572165372134,1785.5942109773698,1785.5572165372134
407,2023-03-19 06:17:00,1785.6184235300084,1785.6184235300084,1785.6184235300084,1785.6184235300084
408,2023-03-19 06:14:00,1785.7161699265662,1785.7161699265662,1785.7161699265662,1785.7161699265662
409,2023-03-19 06:12:00,1785.6970685783103,1785.6970685783103,1785.6970685783103,1785.6970685783103
410,2023-03-19 06:09:00,1785.7389518562584,1785.7389518562584,1785.7389518562584,1785.7389518562584
411,2023-03-19 06:07:00,1785.6898948458822,1785.6809802700773,1785.6809802700773,1785.6898948458822
412,2023-03-19 06:04:00,1785.6829724564395,1785.6829724564395,1785.6829724564395,1785.6829724564395
413,2023-03-19 06:03:00,1785.8135378940915,1785.8135378940915,1785.8135378940915,1785.8135378940915
414,2023-03-19 06:02:00,1785.692946978248,1785.692946978248,1785.692946978248,1785.692946978248
415,2023-03-19 06:01:00,1785.6012962568911,1785.6012962568911,1785.6012962568911,1785.6012962568911
416,2023-03-19 06:00:00,1785.5911810402256,1785.5911810402256,1785.5911810402256,1785.5911810402256
417,2023-03-19 05:58:00,1785.5918779595966,1785.5918779595966,1785.5918779595966,1785.5918779595966
418,2023-03-19 05:57:00,1785.6366291174472,1785.5562386963343,1785.5562386963343,1785.6366291174472
419,2023-03-19 05:56:00,1785.583497012662,1785.5433021724396,1785.5433021724396,1785.583497012662
420,2023-03-19 05:55:00,1785.50432809188,1785.502336056105,1785.50432809188,1785.502336056105
421,2023-03-19 05:54:00,1785.6449869745247,1785.6449869745247,1785.6449869745247,1785.6449869745247
422,2023-03-19 05:53:00,1785.7055043765881,1785.7055043765881,1785.7055043765881,1785.7055043765881
423,2023-03-19 05:52:00,1785.6067779658642,1785.6067779658642,1785.6067779658642,1785.6067779658642
424,2023-03-19 05:50:00,1785.9128907603583,1785.9128907603583,1785.9128907603583,1785.9128907603583
425,2023-03-19 05:48:00,1786.0510701648047,1785.9547300668016,1786.0510701648047,1785.9547300668016
426,2023-03-19 05:47:00,1786.05155402051,1786.05155402051,1786.05155402051,1786.05155402051
427,2023-03-19 05:45:00,1786.135026226887,1786.1339140387288,1786.135026226887,1786.1339140387288
428,2023-03-19 05:44:00,1786.114129254983,1786.0997686070414,1786.114129254983,1786.0997686070414
429,2023-03-19 05:43:00,1786.3946022377174,1786.1360761588953,1786.3946022377174,1786.1360761588953
430,2023-03-19 05:42:00,1786.4070438724098,1786.4070438724098,1786.4070438724098,1786.4070438724098
431,2023-03-19 05:40:00,1786.3266360612834,1786.3266360612834,1786.3266360612834,1786.3266360612834
432,2023-03-19 05:38:00,1786.2779807963998,1786.2779807963998,1786.2779807963998,1786.2779807963998
433,2023-03-19 05:37:00,1786.3811074918472,1786.3320854604876,1786.3811074918472,1786.3320854604876
434,2023-03-19 05:36:00,1786.3701994717596,1786.3701994717596,1786.3701994717596,1786.3701994717596
435,2023-03-19 05:35:00,1786.5174502274385,1786.5174502274385,1786.5174502274385,1786.5174502274385
436,2023-03-19 05:34:00,1785.561296963702,1785.561296963702,1785.561296963702,1785.561296963702
437,2023-03-19 05:33:00,1784.8378625286914,1784.8378625286914,1784.8378625286914,1784.8378625286914
438,2023-03-19 05:32:00,1784.8538007662828,1784.8538007662828,1784.8538007662828,1784.8538007662828
439,2023-03-19 05:28:00,1784.849232898843,1784.849232898843,1784.849232898843,1784.849232898843
440,2023-03-19 05:24:00,1784.988333653315,1784.8879076687858,1784.988333653315,1784.8879076687858
441,2023-03-19 05:21:00,1784.4952335965013,1784.494156171553,1784.494156171553,1784.4952335965013
442,2023-03-19 05:20:00,1784.4637381059115,1784.4637381059115,1784.4637381059115,1784.4637381059115
443,2023-03-19 05:19:00,1784.4605235049748,1784.4605235049748,1784.4605235049748,1784.4605235049748
444,2023-03-19 05:17:00,1784.9389655735938,1784.9222285269332,1784.9389655735938,1784.9222285269332
445,2023-03-19 05:16:00,1785.091404927934,1784.9156952099436,1785.091404927934,1784.9156952099436
446,2023-03-19 05:15:00,1785.0928353655918,1785.0928353655918,1785.0928353655918,1785.0928353655918
447,2023-03-19 05:14:00,1785.0606838109989,1785.0518421842137,1785.0518421842137,1785.0606838109989
448,2023-03-19 05:13:00,1785.0523766545164,1785.0523766545164,1785.0523766545164,1785.0523766545164
449,2023-03-19 05:12:00,1784.971999218791,1784.971999218791,1784.971999218791,1784.971999218791
450,2023-03-19 05:10:00,1785.215922997822,1785.215922997822,1785.215922997822,1785.215922997822
451,2023-03-19 05:05:00,1785.2167084995976,1785.2167084995976,1785.2167084995976,1785.2167084995976
452,2023-03-19 05:04:00,1785.176517700845,1785.176517700845,1785.176517700845,1785.176517700845
453,2023-03-19 05:03:00,1785.015759019119,1784.8561100164954,1784.8561100164954,1785.015759019119
454,2023-03-19 05:02:00,1784.9555291274717,1784.9555291274717,1784.9555291274717,1784.9555291274717
455,2023-03-19 05:01:00,1784.9981936639015,1784.9981936639015,1784.9981936639015,1784.9981936639015
456,2023-03-19 05:00:00,1784.9981936639015,1784.9981936639015,1784.9981936639015,1784.9981936639015
457,2023-03-19 04:59:00,1785.1348335618359,1785.1348335618359,1785.1348335618359,1785.1348335618359
458,2023-03-19 04:58:00,1785.159181516996,1785.159181516996,1785.159181516996,1785.159181516996
459,2023-03-19 04:57:00,1785.1874760667943,1785.1874760667943,1785.1874760667943,1785.1874760667943
460,2023-03-19 04:55:00,1785.2075247620282,1785.2075247620282,1785.2075247620282,1785.2075247620282
461,2023-03-19 04:54:00,1785.1664007817885,1785.1664007817885,1785.1664007817885,1785.1664007817885
462,2023-03-19 04:53:00,1785.763110312303,1785.1746378641622,1785.763110312303,1785.1746378641622
463,2023-03-19 04:51:00,1785.682716817205,1785.682716817205,1785.682716817205,1785.682716817205
464,2023-03-19 04:50:00,1785.732962359179,1785.732962359179,1785.732962359179,1785.732962359179
465,2023-03-19 04:48:00,1785.676499755274,1785.676499755274,1785.676499755274,1785.676499755274
466,2023-03-19 04:46:00,1786.2862576960256,1786.2862576960256,1786.2862576960256,1786.2862576960256
467,2023-03-19 04:45:00,1786.2661562025955,1786.2661562025955,1786.2661562025955,1786.2661562025955
468,2023-03-19 04:44:00,1785.8776869180438,1785.8776869180438,1785.8776869180438,1785.8776869180438
469,2023-03-19 04:43:00,1786.165531703327,1786.165531703327,1786.165531703327,1786.165531703327
470,2023-03-19 04:41:00,1786.1655345446604,1786.1655345446604,1786.1655345446604,1786.1655345446604
471,2023-03-19 04:40:00,1786.5002367756729,1786.5002367756729,1786.5002367756729,1786.5002367756729
472,2023-03-19 04:39:00,1786.5474698308485,1786.4680724995965,1786.5474698308485,1786.4680724995965
473,2023-03-19 04:37:00,1786.8068014164542,1786.793982419755,1786.8068014164542,1786.793982419755
474,2023-03-19 04:36:00,1786.8700129254712,1786.8671533190068,1786.8700129254712,1786.8671533190068
475,2023-03-19 04:35:00,1786.8785594536118,1786.8785594536118,1786.8785594536118,1786.8785594536118
476,2023-03-19 04:34:00,1786.914225372262,1786.8682236880643,1786.914225372262,1786.8682236880643
477,2023-03-19 04:33:00,1786.988800363051,1786.988800363051,1786.988800363051,1786.988800363051
478,2023-03-19 04:32:00,1786.9405419363034,1786.9405419363034,1786.9405419363034,1786.9405419363034
479,2023-03-19 04:28:00,1787.0268115420133,1786.991196976648,1787.0268115420133,1786.991196976648
480,2023-03-19 04:26:00,1787.0268177618648,1787.0268177618648,1787.0268177618648,1787.0268177618648
481,2023-03-19 04:25:00,1788.2424895028785,1786.9894976997666,1788.2424895028785,1786.9894976997666
482,2023-03-19 04:24:00,1786.8993142665822,1786.896454586243,1786.8993142665822,1786.896454586243
483,2023-03-19 04:22:00,1786.9252591160725,1786.844773967888,1786.9252591160725,1786.844773967888
484,2023-03-19 04:21:00,1786.9425039418009,1786.9425039418009,1786.9425039418009,1786.9425039418009
485,2023-03-19 04:19:00,1789.012011911872,1788.8833724086776,1789.012011911872,1788.8833724086776
486,2023-03-19 04:18:00,1790.7155921071376,1788.9637315880136,1790.7155921071376,1788.9637315880136
487,2023-03-19 04:16:00,1790.717725445219,1790.6833898066968,1790.717725445219,1790.6833898066968
488,2023-03-19 04:13:00,1791.804508130118,1790.9438281225432,1791.804508130118,1790.9438281225432
489,2023-03-19 04:10:00,1791.6389092374563,1791.6389092374563,1791.6389092374563,1791.6389092374563
490,2023-03-19 04:09:00,1792.2205357873645,1792.2205357873645,1792.2205357873645,1792.2205357873645
491,2023-03-19 04:08:00,1792.6039819752584,1789.9929903497502,1789.9929903497502,1792.5798470835255
492,2023-03-19 04:07:00,1789.188210073286,1788.6802072118735,1788.6802072118735,1789.188210073286
493,2023-03-19 04:05:00,1788.737775884029,1788.737775884029,1788.737775884029,1788.737775884029
494,2023-03-19 04:04:00,1786.8859607926227,1786.8859607926227,1786.8859607926227,1786.8859607926227
495,2023-03-19 04:03:00,1786.80554144039,1786.80554144039,1786.80554144039,1786.80554144039
496,2023-03-19 04:01:00,1786.7883861038908,1783.3738973127158,1783.3738973127158,1786.7883861038908
497,2023-03-19 04:00:00,1783.3767628878052,1783.3767628878052,1783.3767628878052,1783.3767628878052
498,2023-03-19 03:59:00,1783.379628469759,1783.379628469759,1783.379628469759,1783.379628469759
499,2023-03-19 03:58:00,1783.4210745950795,1783.3961381351162,1783.4210745950795,1783.3961381351162
500,2023-03-19 03:56:00,1783.403600348564,1783.403600348564,1783.403600348564,1783.403600348564
