,address,amount0,amount1,sender,transaction_hash,timestamp
0,0x3041cbd36888becc7bbcbc0045e3b1f144466f5f,4894000000,4889094208,0x7a250d5630b4cf539739df2c5dacb4c659f2488d,0xccc40365323a752d9d26164faacffd4a7288beee2078672614dce284426fec3f,2023-03-19 16:42:00
1,0x3041cbd36888becc7bbcbc0045e3b1f144466f5f,2047999999,2045947065,0x7a250d5630b4cf539739df2c5dacb4c659f2488d,0xe256d5db894d1ea1206c82f76f56ba374a1a63362f6c95e5edc97c0817f03350,2023-03-19 16:41:00
2,0x3041cbd36888becc7bbcbc0045e3b1f144466f5f,3841999999,3838148742,0x7a250d5630b4cf539739df2c5dacb4c659f2488d,0xf900877556a5df0d34f732cda8e2b538ef3541dba925a9d4da5acf5a63a32198,2023-03-19 16:40:00
3,0x3041cbd36888becc7bbcbc0045e3b1f144466f5f,3343000000,3339648945,0x7a250d5630b4cf539739df2c5dacb4c659f2488d,0xc5d1f913ab32cdcf6c9fe4b8b3b6c08c4e34cab0ef9880fd885a48b447c2fa94,2023-03-19 16:40:00
4,0x3041cbd36888becc7bbcbc0045e3b1f144466f5f,3145999999,3142846419,0x7a250d5630b4cf539739df2c5dacb4c659f2488d,0x22ac239e6f7d4f6984c0db3134a46c527146a1abba5ff38936daea05c7fd0ca2,2023-03-19 16:39:00
5,0x3041cbd36888becc7bbcbc0045e3b1f144466f5f,4150000000,4141530708,0x7a250d5630b4cf539739df2c5dacb4c659f2488d,0x14327224ec4371494e58c98233fb476447329bd927e0921e59696e65fc38c75c,2023-03-19 16:29:00
6,0x3041cbd36888becc7bbcbc0045e3b1f144466f5f,2755000000,2743620198,0x7a250d5630b4cf539739df2c5dacb4c659f2488d,0x479486cfa7887a2da5a0b115541d632dfc258d961d241a3b0827f75aa2245e48,2023-03-19 16:28:00
7,0x3041cbd36888becc7bbcbc0045e3b1f144466f5f,4643000000,4637128826,0x7a250d5630b4cf539739df2c5dacb4c659f2488d,0x7369eed3c4b3d515338257e3b1ed016efa117056f247aae72134300b13c602eb,2023-03-19 14:46:00
8,0x3041cbd36888becc7bbcbc0045e3b1f144466f5f,1846651872,1844316741,0x7a250d5630b4cf539739df2c5dacb4c659f2488d,0x70293b0592bffaa49f9a499e937499131a05efc774d0a15001fdf5bb56d146e5,2023-03-19 14:45:00
9,0x3041cbd36888becc7bbcbc0045e3b1f144466f5f,4096000000,4086246690,0x7a250d5630b4cf539739df2c5dacb4c659f2488d,0x69ba15620ee54893bc4b87455c5bc4f9745c2896d39d30fec34f1f4081d5952f,2023-03-19 14:44:00
10,0x3041cbd36888becc7bbcbc0045e3b1f144466f5f,3449999999,3441784931,0x7a250d5630b4cf539739df2c5dacb4c659f2488d,0xb29d685ad72c498a3b26c7bac1feb3ef568cf5d89ffaba7c5402ec459882a5bb,2023-03-19 14:43:00
11,0x3041cbd36888becc7bbcbc0045e3b1f144466f5f,3105000000,3092223924,0x7a250d5630b4cf539739df2c5dacb4c659f2488d,0x7f9b648b2d9c09a35b2276fb94dfc755f990dd415bb70fd727b9ae0bb61b5464,2023-03-19 14:42:00
12,0x3041cbd36888becc7bbcbc0045e3b1f144466f5f,696000000,695862838,0x7a250d5630b4cf539739df2c5dacb4c659f2488d,0x222cca7b03e3d93d11711323db8fcdf81441be0d9387010d2f6e7cd2a83f48d8,2023-03-19 14:20:00
13,0x3041cbd36888becc7bbcbc0045e3b1f144466f5f,3093000000,3092390454,0x7a250d5630b4cf539739df2c5dacb4c659f2488d,0xdfa9c4e49608bcd555850e186625095b9703ae2a8517bb1155d17f96e3e6a8da,2023-03-19 14:19:00
14,0x3041cbd36888becc7bbcbc0045e3b1f144466f5f,348045826434,348158262896,0x7a250d5630b4cf539739df2c5dacb4c659f2488d,0x725ba278a0d549f10e0a32ab81e104842d394c6046a493bbecf96073a90b464c,2023-03-19 14:09:00
15,0x3041cbd36888becc7bbcbc0045e3b1f144466f5f,398000000,398128574,0x7a250d5630b4cf539739df2c5dacb4c659f2488d,0x707adddfd155573053bdbbd254060b97a193e8a70cd72ba0f83e22be1d56c6dc,2023-03-19 14:07:00
16,0x3041cbd36888becc7bbcbc0045e3b1f144466f5f,4875999999,4877575195,0x7a250d5630b4cf539739df2c5dacb4c659f2488d,0x306b87cbae864fbdb211ab2bb8ee3424d7951a36ecc291db7077b6303752f7b2,2023-03-19 14:07:00
17,0x3041cbd36888becc7bbcbc0045e3b1f144466f5f,1145000000,1146012105,0x7a250d5630b4cf539739df2c5dacb4c659f2488d,0xdf02d9411741f0675ace45eac7dd71c35c92143dbe438fe1d6f3c2f7a3d4c88b,2023-03-19 14:05:00
18,0x3041cbd36888becc7bbcbc0045e3b1f144466f5f,2738000000,2741963130,0x7a250d5630b4cf539739df2c5dacb4c659f2488d,0xcb0da47715e060c7f3b8c4398a7a63e727863256cd13a0a1257cf5eda84da5f6,2023-03-19 14:04:00
19,0x3041cbd36888becc7bbcbc0045e3b1f144466f5f,4077803620,4085285064,0x7a250d5630b4cf539739df2c5dacb4c659f2488d,0xcf9bc5c8d5a00c9f197b8157014aadfbdff1b745f59fe9343e2871cbcb84ec8c,2023-03-19 14:03:00
20,0x3041cbd36888becc7bbcbc0045e3b1f144466f5f,2192000000,2192689731,0x7a250d5630b4cf539739df2c5dacb4c659f2488d,0x499603fa4386438810c4ecc82a849f34a8cd7cbc7b0409629cb6d9cf5fc0845b,2023-03-19 14:02:00
21,0x3041cbd36888becc7bbcbc0045e3b1f144466f5f,1445000000,1445454681,0x7a250d5630b4cf539739df2c5dacb4c659f2488d,0xca6dcc57ed6e1bdb77dcffbbb1a4f86fe380304c18d44c669505fc6e10dd2f24,2023-03-19 14:02:00
22,0x3041cbd36888becc7bbcbc0045e3b1f144466f5f,4983000000,4987728417,0x7a250d5630b4cf539739df2c5dacb4c659f2488d,0x3d779a186104caf77ba5e417ec5a61645644505bf0b2b80ee8821cd8aa527d4e,2023-03-19 14:01:00
23,0x3041cbd36888becc7bbcbc0045e3b1f144466f5f,848000000,847052571,0x7a250d5630b4cf539739df2c5dacb4c659f2488d,0x5928cc40fa683eb86b274372af4f711fc51c3215752d500587dfdbacbeb09aae,2023-03-19 14:00:00
24,0x3041cbd36888becc7bbcbc0045e3b1f144466f5f,4538999999,4531793931,0x7a250d5630b4cf539739df2c5dacb4c659f2488d,0xc8528ff95ae57a1201651d2598aeb8042cebcbd8aed2c6fb099f73b529e02c96,2023-03-19 13:59:00
25,0x3041cbd36888becc7bbcbc0045e3b1f144466f5f,3244000000,3238849860,0x7a250d5630b4cf539739df2c5dacb4c659f2488d,0x37ffa332a3868467f8bf238cce7adcfef2effa7c7ecc5ea76daeb38c205332cf,2023-03-19 13:58:00
26,0x3041cbd36888becc7bbcbc0045e3b1f144466f5f,3092000000,3093250232,0x7a250d5630b4cf539739df2c5dacb4c659f2488d,0xcbd218398f03651572aad2aa506ef5db1211b0caa0baf06707550b782332b0d1,2023-03-19 13:44:00
27,0x3041cbd36888becc7bbcbc0045e3b1f144466f5f,2293047086,2293974266,0x7a250d5630b4cf539739df2c5dacb4c659f2488d,0x29c1f2e1a41cc34adb9935ba6bc69a325c06e2972e92b15b740eb8bf68176bc2,2023-03-19 13:43:00
28,0x3041cbd36888becc7bbcbc0045e3b1f144466f5f,1299000000,1295630897,0x7a250d5630b4cf539739df2c5dacb4c659f2488d,0xf186b81bb204338f22ee69e0d730b31fa774465fe63e6c6b0e9f2b369387dabd,2023-03-19 13:42:00
29,0x3041cbd36888becc7bbcbc0045e3b1f144466f5f,3255999999,3242225498,0x7a250d5630b4cf539739df2c5dacb4c659f2488d,0x664fb984f47584c3f208004efc5bb04fb6e27ef5e070933bdb18c574667842b8,2023-03-19 13:41:00
30,0x3041cbd36888becc7bbcbc0045e3b1f144466f5f,1651000000,1645527047,0x7a250d5630b4cf539739df2c5dacb4c659f2488d,0x9b1fcc7e069ded1552b68a13cfa22bf5c24fad0b289ef4fd2f07801611458808,2023-03-19 13:41:00
31,0x3041cbd36888becc7bbcbc0045e3b1f144466f5f,2998999999,2993099616,0x7a250d5630b4cf539739df2c5dacb4c659f2488d,0xbf04d322c69144250a89dbab981be3ed39d25ccb3cf73dfd5d3292d572a2d8d2,2023-03-19 13:40:00
32,0x3041cbd36888becc7bbcbc0045e3b1f144466f5f,499999999,498185633,0x7a250d5630b4cf539739df2c5dacb4c659f2488d,0xe71906c41c4e26cf7c6d48bb9fe8de4cea997571e77daf27dff6793c3c3ceae3,2023-03-19 13:39:00
33,0x3041cbd36888becc7bbcbc0045e3b1f144466f5f,3435999999,3437475362,0x7a250d5630b4cf539739df2c5dacb4c659f2488d,0x39f4ba6dbd9720972d793bf6ba5ca099a1ca389240b3c7c743d9d89d30a92dc4,2023-03-19 13:14:00
34,0x3041cbd36888becc7bbcbc0045e3b1f144466f5f,3886999999,3888669014,0x7a250d5630b4cf539739df2c5dacb4c659f2488d,0x1e08291e7453fc5a9d0435c4449cbd911325ac15f689f56497ffe4d9f983170e,2023-03-19 13:13:00
35,0x3041cbd36888becc7bbcbc0045e3b1f144466f5f,3940000000,3941691772,0x7a250d5630b4cf539739df2c5dacb4c659f2488d,0xe19a87df300dd3187791c3e65f24f71e6178c17402b22a13e5411740392aa463,2023-03-19 13:12:00
36,0x3041cbd36888becc7bbcbc0045e3b1f144466f5f,1298000000,1295719374,0x7a250d5630b4cf539739df2c5dacb4c659f2488d,0xe6aa73ed0bde9bf17fef27fd7436e3da5e8f18164c5d9befaa1596e0b7b5df46,2023-03-19 13:11:00
37,0x3041cbd36888becc7bbcbc0045e3b1f144466f5f,4453000000,4441972830,0x7a250d5630b4cf539739df2c5dacb4c659f2488d,0x73b5ed99d1800bede3d34e1e99c67c9bdaa38ad239596108deddf32544d572ac,2023-03-19 13:10:00
38,0x3041cbd36888becc7bbcbc0045e3b1f144466f5f,700999999,697815296,0x7a250d5630b4cf539739df2c5dacb4c659f2488d,0x8b92ee70ce9eb81d9075c52156c646deab1b5e1fa2e6e3a9bdcd72cf4ea3320e,2023-03-19 12:52:00
39,0x3041cbd36888becc7bbcbc0045e3b1f144466f5f,1854000000,1844861813,0x7a250d5630b4cf539739df2c5dacb4c659f2488d,0xcd95411674d31f7e501a54a9906fce1519fc1192181b8ca25eae37450e3ad1e5,2023-03-19 12:51:00
40,0x3041cbd36888becc7bbcbc0045e3b1f144466f5f,3333519630,3313689437,0x7a250d5630b4cf539739df2c5dacb4c659f2488d,0x334e36fbb22f04da0aebda5e5cbe73796398a7be46c312ee98ca6742a8e1aeb7,2023-03-19 12:50:00
41,0x3041cbd36888becc7bbcbc0045e3b1f144466f5f,2487999999,2491491931,0x7a250d5630b4cf539739df2c5dacb4c659f2488d,0x89b9058c39b4a280980c97f7f6b8468bab6912feee32d16bd1da3bb4992cc409,2023-03-19 12:40:00
42,0x3041cbd36888becc7bbcbc0045e3b1f144466f5f,895000000,896256141,0x7a250d5630b4cf539739df2c5dacb4c659f2488d,0x978ed52f4a0d621da2dee6f2362d5cad58363e3ef8d4dce65e91294989a90d20,2023-03-19 12:39:00
43,0x3041cbd36888becc7bbcbc0045e3b1f144466f5f,1494000000,1496044234,0x7a250d5630b4cf539739df2c5dacb4c659f2488d,0xcff52e92f0e3a1c714ea5b1e338fe329a64e4de3cc9905d7dd381e6bd63b10de,2023-03-19 12:37:00
44,0x3041cbd36888becc7bbcbc0045e3b1f144466f5f,297999999,298407752,0x7a250d5630b4cf539739df2c5dacb4c659f2488d,0x0a6e0237a3f9d707017463dbbfd3d867978a59c91f91ce6d432bbb04e6d37ee6,2023-03-19 12:37:00
45,0x3041cbd36888becc7bbcbc0045e3b1f144466f5f,2041000000,2042103283,0x7a250d5630b4cf539739df2c5dacb4c659f2488d,0x41fc15bf2b144ccdc26302bd959482ca2b864a9be09fdeb95b333ba88499a3c9,2023-03-19 12:36:00
46,0x3041cbd36888becc7bbcbc0045e3b1f144466f5f,3340062694,3342680155,0x7a250d5630b4cf539739df2c5dacb4c659f2488d,0xf98e87572eb96ff41f6d9dd25636a99afb47155e720ca9dee93e850b2ad98027,2023-03-19 12:35:00
47,0x3041cbd36888becc7bbcbc0045e3b1f144466f5f,1349000000,1346375905,0x7a250d5630b4cf539739df2c5dacb4c659f2488d,0x55ed287f313d8f62cb43127ff1cd8829f34c0bfcd2660755da3d73d86eb65557,2023-03-19 12:33:00
48,0x3041cbd36888becc7bbcbc0045e3b1f144466f5f,1048999999,1046177827,0x7a250d5630b4cf539739df2c5dacb4c659f2488d,0x361c47fb6b97d0697e3d4b214b0ad32fc3b6cbc45b26042dd3c64093d3725ede,2023-03-19 12:33:00
49,0x3041cbd36888becc7bbcbc0045e3b1f144466f5f,3002999999,2993180587,0x7a250d5630b4cf539739df2c5dacb4c659f2488d,0x494cf2201efca323e131d71ddd3ec4354ec2e79300abd9d534f8d8fc7fe087ff,2023-03-19 12:32:00
50,0x3041cbd36888becc7bbcbc0045e3b1f144466f5f,501000000,498532028,0x7a250d5630b4cf539739df2c5dacb4c659f2488d,0xa5e8827a3c09fd34d7f92f4c4e401e3deb7e76b5eb2d45019f525e1148a40607,2023-03-19 12:31:00
51,0x3041cbd36888becc7bbcbc0045e3b1f144466f5f,400000000,398306961,0x7a250d5630b4cf539739df2c5dacb4c659f2488d,0x3fa8abdac0f897ff8b36a528a62ec2b204d10257fbd9f960a81768847ac750f9,2023-03-19 10:59:00
52,0x3041cbd36888becc7bbcbc0045e3b1f144466f5f,1201000000,1196031508,0x7a250d5630b4cf539739df2c5dacb4c659f2488d,0x5af892b5b3b661473673f7a664fbe11eca06a19008b253f767b54f0bb468d925,2023-03-19 10:33:00
53,0x3041cbd36888becc7bbcbc0045e3b1f144466f5f,2846999999,2843433553,0x7a250d5630b4cf539739df2c5dacb4c659f2488d,0xf4fd9605dcf24eef8825a6b8b7a1f3116867c807ce1c67e9e7a7f8e7660f8f54,2023-03-19 09:49:00
54,0x3041cbd36888becc7bbcbc0045e3b1f144466f5f,3851999999,3841538237,0x7a250d5630b4cf539739df2c5dacb4c659f2488d,0xe652513b776197c0c06cad560cf44b4e81aeef805aefeef043623d12f2ccc971,2023-03-19 09:32:00
55,0x3041cbd36888becc7bbcbc0045e3b1f144466f5f,500000000,497584346,0x7a250d5630b4cf539739df2c5dacb4c659f2488d,0x059dbd6a402086e4d67a58944c858c608e7ec89635ecdebf9be2fb1091ae7648,2023-03-19 09:31:00
56,0x3041cbd36888becc7bbcbc0045e3b1f144466f5f,2256000000,2244481076,0x7a250d5630b4cf539739df2c5dacb4c659f2488d,0xb7398b2856a02ef004d74f47ce5ac0b35f0bfa9e35a167b176c1178ada85f460,2023-03-19 09:30:00
57,0x3041cbd36888becc7bbcbc0045e3b1f144466f5f,2497000000,2494051523,0x7a250d5630b4cf539739df2c5dacb4c659f2488d,0x19ea2875b85f0bb17facb37a4beadb05aee6f99caa0cec17b6f2ebe1a22fa159,2023-03-19 08:56:00
58,0x3041cbd36888becc7bbcbc0045e3b1f144466f5f,450000000,448431228,0x7a250d5630b4cf539739df2c5dacb4c659f2488d,0x876fbfa0b09e3d93ecbdb5116aafd6c5287f3dd3d7a5504548980d8f667c2339,2023-03-19 08:28:00
59,0x3041cbd36888becc7bbcbc0045e3b1f144466f5f,900999999,897118877,0x7a250d5630b4cf539739df2c5dacb4c659f2488d,0x0730b886db05638ecd81fce6d1103c399b93c3e870a78cacad25cc03753405cd,2023-03-19 08:02:00
60,0x3041cbd36888becc7bbcbc0045e3b1f144466f5f,1751000000,1745138635,0x7a250d5630b4cf539739df2c5dacb4c659f2488d,0xb4e41718a1179cd6a85236f6cc1f656ea349f1cdd301990ba2dec0816204a94c,2023-03-19 08:02:00
61,0x3041cbd36888becc7bbcbc0045e3b1f144466f5f,1052000000,1046949035,0x7a250d5630b4cf539739df2c5dacb4c659f2488d,0xc47245995cd0fe5c3f515cf5496e065669295a2707db1b6f8dce5402fe93bb19,2023-03-19 08:01:00
62,0x3041cbd36888becc7bbcbc0045e3b1f144466f5f,601000000,597791502,0x7a250d5630b4cf539739df2c5dacb4c659f2488d,0xfb1420e94cabcae3d324db74cff911fe4fcafec5be66b957f1404c5a8a348869,2023-03-19 07:44:00
63,0x3041cbd36888becc7bbcbc0045e3b1f144466f5f,3858000000,3842067573,0x7a250d5630b4cf539739df2c5dacb4c659f2488d,0x83b3a48b2bfacd60ad36f73173a618b177bb39d1d14cd6a432344148f6d084b0,2023-03-19 07:30:00
64,0x3041cbd36888becc7bbcbc0045e3b1f144466f5f,249999999,248990000,0x7a250d5630b4cf539739df2c5dacb4c659f2488d,0x6abbc212bcee24cb21f6ad47af692b8771b4b4df66d17e70f6c05a771d98896b,2023-03-19 06:58:00
65,0x3041cbd36888becc7bbcbc0045e3b1f144466f5f,2149000000,2143992526,0x7a250d5630b4cf539739df2c5dacb4c659f2488d,0xea2ac93b499c6117421af5e34bd03cb4134b0ef0560351195a12b880028648a4,2023-03-19 05:34:00
66,0x3041cbd36888becc7bbcbc0045e3b1f144466f5f,1900999999,1894326262,0x7a250d5630b4cf539739df2c5dacb4c659f2488d,0x6571e050300ef770baf62032ed7f52251d3f62e61731de77218504c6e9b2ccd3,2023-03-19 05:11:00
67,0x3041cbd36888becc7bbcbc0045e3b1f144466f5f,497999999,497585485,0x7a250d5630b4cf539739df2c5dacb4c659f2488d,0x2b96af1cf8472994cf7029fe93da8860e7155a3dc91077a59327921861e5574c,2023-03-19 04:23:00
68,0x3041cbd36888becc7bbcbc0045e3b1f144466f5f,3600000000,3596476150,0x7a250d5630b4cf539739df2c5dacb4c659f2488d,0x1fd0a7435053c8bfcc77bcf62e81b093874b0195b5c65d5250afda4e8c337fda,2023-03-19 04:10:00
69,0x3041cbd36888becc7bbcbc0045e3b1f144466f5f,499000000,498239694,0x7a250d5630b4cf539739df2c5dacb4c659f2488d,0x62a732f68b5004b911dafef43df5a262afd8128b8493005180062e8fdf9ddfeb,2023-03-19 03:36:00
70,0x3041cbd36888becc7bbcbc0045e3b1f144466f5f,2496999999,2493866250,0x7a250d5630b4cf539739df2c5dacb4c659f2488d,0x07cb4a8959c95fe1381ede8c9a01374815847dd376035a7566dad735d08fbf5c,2023-03-19 03:26:00
71,0x3041cbd36888becc7bbcbc0045e3b1f144466f5f,2148999999,2144552634,0x7a250d5630b4cf539739df2c5dacb4c659f2488d,0x2425fde817058cf92ba0f6f95e5b6503cb4d1ee9c200903ae433162aa4dbb712,2023-03-19 02:37:00
72,0x3041cbd36888becc7bbcbc0045e3b1f144466f5f,599999999,598048963,0x7a250d5630b4cf539739df2c5dacb4c659f2488d,0x398ae65cf6c174b62109f1ead329da6c4f1cd5f61808ca8d99a9b7a8fb4eb8f4,2023-03-19 02:36:00
73,0x3041cbd36888becc7bbcbc0045e3b1f144466f5f,550000000,548030131,0x7a250d5630b4cf539739df2c5dacb4c659f2488d,0xe4c921518a52b47b4242ab35089227838f63220ea100a1a45f4075d81d80a280,2023-03-19 02:35:00
74,0x3041cbd36888becc7bbcbc0045e3b1f144466f5f,499999999,498058028,0x7a250d5630b4cf539739df2c5dacb4c659f2488d,0xe49354e9f8e5efa483697b9b1c8eab514ffe3e577204c09647cbe5f39417f709,2023-03-19 02:34:00
75,0x3041cbd36888becc7bbcbc0045e3b1f144466f5f,4109000000,4091911424,0x7a250d5630b4cf539739df2c5dacb4c659f2488d,0x45779e58fb4498b59b959be6c413087fb85b32d9bb3932a68e77aa2853482274,2023-03-19 02:33:00
76,0x3041cbd36888becc7bbcbc0045e3b1f144466f5f,3751000000,3742566059,0x7a250d5630b4cf539739df2c5dacb4c659f2488d,0xb6c166a6f4b704f86d8f894218ea9c85077b29a84d5839ab3346a1fb259fdf5d,2023-03-19 01:45:00
77,0x3041cbd36888becc7bbcbc0045e3b1f144466f5f,299966944,299025425,0x7a250d5630b4cf539739df2c5dacb4c659f2488d,0xd76bed39fb4871037a5ba6ef0d4fff88c9dee43592dba85d2846dc6eef44511f,2023-03-19 00:54:00
78,0x3041cbd36888becc7bbcbc0045e3b1f144466f5f,2890999999,2893108867,0x7a250d5630b4cf539739df2c5dacb4c659f2488d,0x97d49622ed95158b4bbfcec4d3af401b3ad783322f019bdeeba877207ca909b2,2023-03-18 20:53:00
79,0x3041cbd36888becc7bbcbc0045e3b1f144466f5f,1596999999,1595615679,0x7a250d5630b4cf539739df2c5dacb4c659f2488d,0x8cad0a8bd947f45b60b9a7e218b177321aa77179c0600601e4f7eb37a2aad8e7,2023-03-18 20:47:00
80,0x3041cbd36888becc7bbcbc0045e3b1f144466f5f,4698000000,4691893231,0x7a250d5630b4cf539739df2c5dacb4c659f2488d,0xc21df1cacae2c8217ade628501d1894f8c414f4b000191fdd885b10d2931c813,2023-03-18 20:42:00
81,0x3041cbd36888becc7bbcbc0045e3b1f144466f5f,4058000000,4042221785,0x7a250d5630b4cf539739df2c5dacb4c659f2488d,0x16a3457d967889026990a5a9dd136f7088e879f001a66161477cba43d5bd3644,2023-03-18 20:38:00
82,0x3041cbd36888becc7bbcbc0045e3b1f144466f5f,1196000000,1195865228,0x7a250d5630b4cf539739df2c5dacb4c659f2488d,0x810aa97fe8bb939852d0108120d4884c2ab5d3ca6939e28784e8e107ed2dc5ef,2023-03-18 20:23:00
83,0x3041cbd36888becc7bbcbc0045e3b1f144466f5f,1297000000,1295997580,0x7a250d5630b4cf539739df2c5dacb4c659f2488d,0x81196c046e4212d0e42b505be67708917dcf5e6c0e03bbbebc158bdce4eb436a,2023-03-18 20:22:00
84,0x3041cbd36888becc7bbcbc0045e3b1f144466f5f,1899999999,1895281064,0x7a250d5630b4cf539739df2c5dacb4c659f2488d,0xccd5dcf5433f135a78cd7b62fdfd6027f567df8b049a658dbe1140914503bb53,2023-03-18 20:02:00
85,0x3041cbd36888becc7bbcbc0045e3b1f144466f5f,1897999999,1892912377,0x7a250d5630b4cf539739df2c5dacb4c659f2488d,0xc326e41ccbe5541ee96db2b58470e3861b17b492ef86a6bd8d55010c5682bb8c,2023-03-18 19:46:00
86,0x3041cbd36888becc7bbcbc0045e3b1f144466f5f,1699000000,1696580185,0x7a250d5630b4cf539739df2c5dacb4c659f2488d,0x2b18bb38e4668a1d2a850323a10fdde141258ed998d3116faa3e966280abbe49,2023-03-18 19:45:00
87,0x3041cbd36888becc7bbcbc0045e3b1f144466f5f,3541999999,3542441100,0x7a250d5630b4cf539739df2c5dacb4c659f2488d,0x75ea7bd930925ef7dfe97824d0f95794158e14bd497d2cae0263bb9d5904cb3e,2023-03-18 19:39:00
88,0x3041cbd36888becc7bbcbc0045e3b1f144466f5f,4242000000,4233051224,0x7a250d5630b4cf539739df2c5dacb4c659f2488d,0xb531e57e5b1683c42c16712fc21f94074d5f67b968ea4542c613732bcaa6b1c5,2023-03-18 19:32:00
89,0x3041cbd36888becc7bbcbc0045e3b1f144466f5f,3351000000,3342623527,0x7a250d5630b4cf539739df2c5dacb4c659f2488d,0x3a73f296e6f28d98e28ea2c1431af52a2a31ffe56519acc7690cda15524d6cda,2023-03-18 19:28:00
90,0x3041cbd36888becc7bbcbc0045e3b1f144466f5f,1302000000,1296317832,0x7a250d5630b4cf539739df2c5dacb4c659f2488d,0xe2dcb270891cee5aaea0cd19967fa9f6494a33e44a906930c347351afbfd6c8e,2023-03-18 19:27:00
91,0x3041cbd36888becc7bbcbc0045e3b1f144466f5f,951999999,947163901,0x7a250d5630b4cf539739df2c5dacb4c659f2488d,0xbca5f2cd0fbaad10fa4e7a2efabb34bdcaeb93584b253405c73bd51795a2ddac,2023-03-18 19:26:00
92,0x3041cbd36888becc7bbcbc0045e3b1f144466f5f,953000000,947165784,0x7a250d5630b4cf539739df2c5dacb4c659f2488d,0x7a06c28c05746eb2d8622924b6cf87d00731a44420384f5749319e272336fb0b,2023-03-18 19:25:00
93,0x3041cbd36888becc7bbcbc0045e3b1f144466f5f,1102000000,1096575830,0x7a250d5630b4cf539739df2c5dacb4c659f2488d,0xa62076c9646d4139e7f7c9ee5f230e297d4907ab2041f09b43e2900f366afb34,2023-03-18 19:24:00
94,0x3041cbd36888becc7bbcbc0045e3b1f144466f5f,2494999999,2493938930,0x7a250d5630b4cf539739df2c5dacb4c659f2488d,0xa13891274f6269eadfd2e46d8fc26e4be61f89046c74fe7befc8f13202ef4a10,2023-03-18 17:50:00
95,0x3041cbd36888becc7bbcbc0045e3b1f144466f5f,3998999999,3991801345,0x7a250d5630b4cf539739df2c5dacb4c659f2488d,0xca0affe4a2901eb7246027cbfab781e732ff2689ae99196fb2d95df22bf70ebc,2023-03-18 17:49:00
96,0x3041cbd36888becc7bbcbc0045e3b1f144466f5f,2603000000,2592587202,0x7a250d5630b4cf539739df2c5dacb4c659f2488d,0x8fc944c3da643349ce757053cfc198ecf65c5fa4d5fcaf14541e51cdc68bca48,2023-03-18 17:48:00
97,0x3041cbd36888becc7bbcbc0045e3b1f144466f5f,4832000000,4831120080,0x7a250d5630b4cf539739df2c5dacb4c659f2488d,0xb73e93bfc67b8ce4d424d883ce7ae0d07bb27e07a12898edb7fac931b90409c7,2023-03-18 17:22:00
98,0x3041cbd36888becc7bbcbc0045e3b1f144466f5f,2243000000,2241998034,0x7a250d5630b4cf539739df2c5dacb4c659f2488d,0xe2dceeecdc2b871dffd2844ac8b0d77a3b326992ec81b62d310bfcfa4cfa5afd,2023-03-18 17:15:00
99,0x3041cbd36888becc7bbcbc0045e3b1f144466f5f,2593999999,2592841239,0x7a250d5630b4cf539739df2c5dacb4c659f2488d,0x8e80d8b9b34eba2ff3439bb5d26b08697bd8eb3a607cbd45e066132059968fdc,2023-03-18 17:14:00
100,0x3041cbd36888becc7bbcbc0045e3b1f144466f5f,1096000000,1095510408,0x7a250d5630b4cf539739df2c5dacb4c659f2488d,0xbde1279e29200412279aac1a8f3028913ed7b35df168ea41c088449e1c28e8b8,2023-03-18 17:14:00
101,0x3041cbd36888becc7bbcbc0045e3b1f144466f5f,298999999,298866434,0x7a250d5630b4cf539739df2c5dacb4c659f2488d,0x93b3f96b378a2966404f67fd5d3c5146936a88f0fd2916cd3fdb01396efad3f9,2023-03-18 17:13:00
102,0x3041cbd36888becc7bbcbc0045e3b1f144466f5f,4674999999,4679212193,0x7a250d5630b4cf539739df2c5dacb4c659f2488d,0x0713484d6e36a49c95619c559ee1d6a8410059a96de9cd865d83587a7b76927a,2023-03-18 17:02:00
103,0x3041cbd36888becc7bbcbc0045e3b1f144466f5f,1744000000,1745571351,0x7a250d5630b4cf539739df2c5dacb4c659f2488d,0x1f886a91c350bca1203c3547d0c174ad89d8a0fcb95e2e44d9d50f6623acbde3,2023-03-18 17:01:00
104,0x3041cbd36888becc7bbcbc0045e3b1f144466f5f,2300999999,2293929950,0x7a250d5630b4cf539739df2c5dacb4c659f2488d,0x3e322b009f7f0bf7319c9159d292538a63d9e52e1a09baa99bdc90133382ef17,2023-03-18 16:59:00
105,0x3041cbd36888becc7bbcbc0045e3b1f144466f5f,2846999999,2842729755,0x7a250d5630b4cf539739df2c5dacb4c659f2488d,0x89f643676db9a29fc1fd0d1e607c6a8fd7a1f42accfe70627aba7d32b6d901f0,2023-03-18 16:59:00
106,0x3041cbd36888becc7bbcbc0045e3b1f144466f5f,1796000000,1792099728,0x7a250d5630b4cf539739df2c5dacb4c659f2488d,0x8a211f8a4d8fcd85693729e2ad9aa840e905ea702636f5c3b4108668e0f44215,2023-03-18 16:34:00
107,0x3041cbd36888becc7bbcbc0045e3b1f144466f5f,4096999999,4090689818,0x7a250d5630b4cf539739df2c5dacb4c659f2488d,0xa8a94dda605fd0544492727511044b1674ac90c173259e94f679844b08af2238,2023-03-18 16:34:00
108,0x3041cbd36888becc7bbcbc0045e3b1f144466f5f,1906000000,1895063828,0x7a250d5630b4cf539739df2c5dacb4c659f2488d,0xc46c18b32848e1a51203e875f06cb7ab496371392380f2da90deb2859e570667,2023-03-18 16:32:00
109,0x3041cbd36888becc7bbcbc0045e3b1f144466f5f,4256000000,4241542109,0x7a250d5630b4cf539739df2c5dacb4c659f2488d,0xce5e0424dd167f913bac31385463c13efadf49443e34f23bab156cdc5c99f81f,2023-03-18 16:32:00
110,0x3041cbd36888becc7bbcbc0045e3b1f144466f5f,3191000000,3192295779,0x7a250d5630b4cf539739df2c5dacb4c659f2488d,0x2ef7637e88915baa95f5742e42b8295f2efca6ee537af1c7546dc376931ae6fd,2023-03-18 15:33:00
111,0x3041cbd36888becc7bbcbc0045e3b1f144466f5f,1493999999,1495842655,0x7a250d5630b4cf539739df2c5dacb4c659f2488d,0xb18939711d707de4d22b7250a45dfa235ab830d15ab457a2ed0b7b86b250d012,2023-03-18 15:33:00
112,0x3041cbd36888becc7bbcbc0045e3b1f144466f5f,2197000000,2194013743,0x7a250d5630b4cf539739df2c5dacb4c659f2488d,0x6e4460c232fda7e7e03ee10b39c92b156490c87224497595a63ee4aecc28a217,2023-03-18 15:32:00
113,0x3041cbd36888becc7bbcbc0045e3b1f144466f5f,4301999999,4291332722,0x7a250d5630b4cf539739df2c5dacb4c659f2488d,0x599d1a9a21ca6fe7db02a0421ee3b84bbe12880a7afaa28101aa078b8210db2c,2023-03-18 15:31:00
114,0x3041cbd36888becc7bbcbc0045e3b1f144466f5f,501000000,497978957,0x7a250d5630b4cf539739df2c5dacb4c659f2488d,0x419913291b2c48d1e5586baa8f3f5172194249fa8fdb275a8caf7478085ead3a,2023-03-18 15:17:00
115,0x3041cbd36888becc7bbcbc0045e3b1f144466f5f,651999999,647889054,0x7a250d5630b4cf539739df2c5dacb4c659f2488d,0x2e16fc65e7efab5c2b5db5acac2c3d2c4584b6162a28954764f9eb743c12883c,2023-03-18 15:17:00
116,0x3041cbd36888becc7bbcbc0045e3b1f144466f5f,4342000000,4333540513,0x7a250d5630b4cf539739df2c5dacb4c659f2488d,0x8abcebeee16f1ecf4dc8c161c0793bb2e7a1e80a9344db580591123a266274da,2023-03-18 14:45:00
117,0x3041cbd36888becc7bbcbc0045e3b1f144466f5f,1853000000,1848271530,0x7a250d5630b4cf539739df2c5dacb4c659f2488d,0xcae851b71a3b6082c94dbf625a1e49771a12f5b4b38b5add0fa19ebad0c112c5,2023-03-18 14:29:00
118,0x3041cbd36888becc7bbcbc0045e3b1f144466f5f,3840000000,3841602450,0x7a250d5630b4cf539739df2c5dacb4c659f2488d,0x37a188f63b93e887c5edf416a10764dad9dab800804090afb3e07e08cde92a2d,2023-03-18 14:15:00
119,0x3041cbd36888becc7bbcbc0045e3b1f144466f5f,3097999999,3092732408,0x7a250d5630b4cf539739df2c5dacb4c659f2488d,0x347db04093c7cb85f38dc78a8d5234df3d2b3b4938895c71a2909468118acf76,2023-03-18 14:14:00
120,0x3041cbd36888becc7bbcbc0045e3b1f144466f5f,349999999,348808164,0x7a250d5630b4cf539739df2c5dacb4c659f2488d,0x3fa8a4242cd4ab6d24724d4c5772c8eadd78a4615263ecfe42c37847ee74b7d4,2023-03-18 14:13:00
121,0x3041cbd36888becc7bbcbc0045e3b1f144466f5f,1450999999,1445779789,0x7a250d5630b4cf539739df2c5dacb4c659f2488d,0xc12489b7a287307dbc1b5f8f1ffa0a2410d0acdaa00509243829f3db4af706e9,2023-03-18 14:13:00
122,0x3041cbd36888becc7bbcbc0045e3b1f144466f5f,650999999,647476977,0x7a250d5630b4cf539739df2c5dacb4c659f2488d,0x3bf4e2481f86dbe14869f70430247a76025aea46402e59781b68780f9cddb607,2023-03-18 14:11:00
123,0x3041cbd36888becc7bbcbc0045e3b1f144466f5f,1145999999,1146719594,0x7a250d5630b4cf539739df2c5dacb4c659f2488d,0x72c72e8287999e58c2b50b8dc74623b29cd6ea0e281db3dbd079de64cf06027d,2023-03-18 13:50:00
124,0x3041cbd36888becc7bbcbc0045e3b1f144466f5f,448000000,447998200,0x7a250d5630b4cf539739df2c5dacb4c659f2488d,0x5d0ea16eabb722ff16bed34c8d9781a7d60b82a0fe29ed1d5a1488d5d30c7bfe,2023-03-18 13:50:00
125,0x3041cbd36888becc7bbcbc0045e3b1f144466f5f,4434882100,4434838522,0x7a250d5630b4cf539739df2c5dacb4c659f2488d,0x6664796dddfca2d7fdfd31e98ddd93963f4b253fc09d27b8b03d33cdf6162621,2023-03-18 13:42:00
126,0x3041cbd36888becc7bbcbc0045e3b1f144466f5f,1694999999,1694938285,0x7a250d5630b4cf539739df2c5dacb4c659f2488d,0xdf3225a77f97b1ea17ee91b9c326472c1a3e82855b3d874c43cda4c9bf02f6e3,2023-03-18 13:39:00
127,0x3041cbd36888becc7bbcbc0045e3b1f144466f5f,1648999999,1645534598,0x7a250d5630b4cf539739df2c5dacb4c659f2488d,0x4d290583b9fb384ba76e94199679979050ef8bd85eb80a3f5bac2575d4ac632e,2023-03-18 13:38:00
128,0x3041cbd36888becc7bbcbc0045e3b1f144466f5f,3741999999,3741863754,0x7a250d5630b4cf539739df2c5dacb4c659f2488d,0x844baa337bd372996469a3698d43a718f695192318c1dd03154cd77311872730,2023-03-18 13:38:00
129,0x3041cbd36888becc7bbcbc0045e3b1f144466f5f,748000000,745748594,0x7a250d5630b4cf539739df2c5dacb4c659f2488d,0x52fff54c08f084cdc9cfb14297ab49031bcf711725e5b9b25d0d539cfb6c50f5,2023-03-18 13:37:00
130,0x3041cbd36888becc7bbcbc0045e3b1f144466f5f,3141999999,3139088516,0x7a250d5630b4cf539739df2c5dacb4c659f2488d,0x103ee44796a3309c4b7913fde4bfa8c8f4300ef446d96ac63cb76a95d86a2181,2023-03-18 13:36:00
131,0x3041cbd36888becc7bbcbc0045e3b1f144466f5f,3895999999,3892389834,0x7a250d5630b4cf539739df2c5dacb4c659f2488d,0xed612cea0f2d0606e8c05044203bef7f39140fbff11b8033efefd854eb8e4262,2023-03-18 13:35:00
132,0x3041cbd36888becc7bbcbc0045e3b1f144466f5f,1650000000,1644923448,0x7a250d5630b4cf539739df2c5dacb4c659f2488d,0xf2214460b005adc983c280610243971a992a5e77bb61c9b4614f782be53d4c35,2023-03-18 13:35:00
133,0x3041cbd36888becc7bbcbc0045e3b1f144466f5f,2798000000,2793314681,0x7a250d5630b4cf539739df2c5dacb4c659f2488d,0xf139834a9701b19ac64f4a9e3c8a693113b491b9194b5548477d6cc7240d48d1,2023-03-18 13:20:00
134,0x3041cbd36888becc7bbcbc0045e3b1f144466f5f,2146000000,2139091444,0x7a250d5630b4cf539739df2c5dacb4c659f2488d,0x181ab952692b869714278f4faa748d5bc3716bbe3f58cadeefd73b1ffd798dec,2023-03-18 13:19:00
135,0x3041cbd36888becc7bbcbc0045e3b1f144466f5f,4600999999,4591218316,0x7a250d5630b4cf539739df2c5dacb4c659f2488d,0xa01d05c988546df47ade4994d66d68abc1688aa8eaf74f547672953933f8a135,2023-03-18 13:18:00
136,0x3041cbd36888becc7bbcbc0045e3b1f144466f5f,3809999999,3792228550,0x7a250d5630b4cf539739df2c5dacb4c659f2488d,0x7bb7b0592005bcf022653e4e13f3981e1599d9df76b877c5e51fd09ca0de68d9,2023-03-18 13:17:00
137,0x3041cbd36888becc7bbcbc0045e3b1f144466f5f,3801000000,3791986931,0x7a250d5630b4cf539739df2c5dacb4c659f2488d,0x353c22d7010b5f5c61ded69c2fe9eeba57534cfe1f5bb3dfc03329f68fc56abb,2023-03-18 12:59:00
138,0x3041cbd36888becc7bbcbc0045e3b1f144466f5f,1301999999,1296186570,0x7a250d5630b4cf539739df2c5dacb4c659f2488d,0x7202621ef7419bf4d39187b8ce8f00142409fcd007f90da9fef1cdcdbebde092,2023-03-18 12:58:00
139,0x3041cbd36888becc7bbcbc0045e3b1f144466f5f,1992000000,1993530905,0x7a250d5630b4cf539739df2c5dacb4c659f2488d,0xbbfa2ad032a932adf5e05534b7e7403e084e6802a5f71fea8c0f5d04fe2641a5,2023-03-18 12:48:00
140,0x3041cbd36888becc7bbcbc0045e3b1f144466f5f,3533999999,3536715972,0x7a250d5630b4cf539739df2c5dacb4c659f2488d,0x52c9ffed97dee8644093d82c0be8e9e872690e48d6849716c46f4e253e6a08a4,2023-03-18 12:47:00
141,0x3041cbd36888becc7bbcbc0045e3b1f144466f5f,3135000000,3135965054,0x7a250d5630b4cf539739df2c5dacb4c659f2488d,0x36b9c1b15f92c8020b89d4d68b8856b73013ec4698d12b1bf7ca0219e23bd1de,2023-03-18 12:46:00
142,0x3041cbd36888becc7bbcbc0045e3b1f144466f5f,3690999999,3692136208,0x7a250d5630b4cf539739df2c5dacb4c659f2488d,0x351e552acc58124f45f9596f48279679f63742ea79fb8397f011755e2081ba73,2023-03-18 12:46:00
143,0x3041cbd36888becc7bbcbc0045e3b1f144466f5f,648999999,647875430,0x7a250d5630b4cf539739df2c5dacb4c659f2488d,0xbfaa6acc527c40f76737452cb897c1144a6b8bce9bac02fa43e01a7e9842748d,2023-03-18 12:45:00
144,0x3041cbd36888becc7bbcbc0045e3b1f144466f5f,1498999999,1495865430,0x7a250d5630b4cf539739df2c5dacb4c659f2488d,0x0b9323ccdff384d988b887562994ba62536717b6df5a9d0f525bc3e34fb4f8fe,2023-03-18 12:44:00
145,0x3041cbd36888becc7bbcbc0045e3b1f144466f5f,299000000,298127479,0x7a250d5630b4cf539739df2c5dacb4c659f2488d,0x97c02099e31a53e90b39728d036d09d9e02a42223299d25fb09b9ebaa57cecf9,2023-03-18 12:43:00
146,0x3041cbd36888becc7bbcbc0045e3b1f144466f5f,4887000000,4870347061,0x7a250d5630b4cf539739df2c5dacb4c659f2488d,0x4d2031a6456728642aa983a6c7aad04bb04499d3fe69012677a9b941e84de96f,2023-03-18 12:31:00
147,0x3041cbd36888becc7bbcbc0045e3b1f144466f5f,4231000000,4223206792,0x7a250d5630b4cf539739df2c5dacb4c659f2488d,0x62045405e4dc222a6489a2e95d722d1785ad6fef33b4d57dd7652183867a60c6,2023-03-18 12:30:00
148,0x3041cbd36888becc7bbcbc0045e3b1f144466f5f,2941000000,2942571894,0x7a250d5630b4cf539739df2c5dacb4c659f2488d,0x6f5b47b4fe0fbfbf390bf3239ef7e0b26908e35f3cc742429f6f83f5d9b9cb31,2023-03-18 12:29:00
149,0x3041cbd36888becc7bbcbc0045e3b1f144466f5f,4643000000,4641594035,0x7a250d5630b4cf539739df2c5dacb4c659f2488d,0xa5ea38d792d388698bae76ca37af9ed16fcfee8c7845cd29a8888b49696ed696,2023-03-18 12:18:00
150,0x3041cbd36888becc7bbcbc0045e3b1f144466f5f,3407999999,3392949468,0x7a250d5630b4cf539739df2c5dacb4c659f2488d,0x8e1fd7886447de1a05bf550099565e98685b3fa7c42e44c9fafd87de317889c2,2023-03-18 12:17:00
151,0x3041cbd36888becc7bbcbc0045e3b1f144466f5f,2800999999,2792959734,0x7a250d5630b4cf539739df2c5dacb4c659f2488d,0xa8ce85d262baf2591455a11e303d8446349ab2c6b835b9dbab27a2294e61ca5d,2023-03-18 12:17:00
152,0x3041cbd36888becc7bbcbc0045e3b1f144466f5f,500999999,497847026,0x7a250d5630b4cf539739df2c5dacb4c659f2488d,0x6ce9e6128914c12c4f4b6043cb660060e1d0b0bb6698465cae84f07b62fcb8d9,2023-03-18 12:16:00
153,0x3041cbd36888becc7bbcbc0045e3b1f144466f5f,2452000000,2433862804,0x7a250d5630b4cf539739df2c5dacb4c659f2488d,0x7653a4c6c757ca5ebc72c78a4c35ce5ff64c0b78f76d7b16ad5b8efa19961a2f,2023-03-18 12:15:00
154,0x3041cbd36888becc7bbcbc0045e3b1f144466f5f,2801999999,2793751054,0x7a250d5630b4cf539739df2c5dacb4c659f2488d,0x599e93675b53470d9b860200dcfe45bf8072ca9084cda38cf83c6ec167818802,2023-03-18 12:01:00
155,0x3041cbd36888becc7bbcbc0045e3b1f144466f5f,4749000000,4741734504,0x7a250d5630b4cf539739df2c5dacb4c659f2488d,0xbb714acbd27decc0be910b2e58087b5f76564654c670f240023022b13a38e42b,2023-03-18 11:43:00
156,0x3041cbd36888becc7bbcbc0045e3b1f144466f5f,1401999999,1396196241,0x7a250d5630b4cf539739df2c5dacb4c659f2488d,0x8931933a55bc1c24661b00e4eb871c3a020255a4796382edc6d203a7c807fbb5,2023-03-18 11:43:00
157,0x3041cbd36888becc7bbcbc0045e3b1f144466f5f,349999999,348282040,0x7a250d5630b4cf539739df2c5dacb4c659f2488d,0x073c7b1f5ce3edd41bb37e929de4f19deffb05acbdea3117722babbcbc50f8b1,2023-03-18 11:42:00
158,0x3041cbd36888becc7bbcbc0045e3b1f144466f5f,20327337579,20290364596,0x7a250d5630b4cf539739df2c5dacb4c659f2488d,0x4a01537a54c45544b899816bb2812e9ea9495b71578f5e2553d43e720fdcbc04,2023-03-18 11:25:00
159,0x3041cbd36888becc7bbcbc0045e3b1f144466f5f,3387999999,3386867737,0x7a250d5630b4cf539739df2c5dacb4c659f2488d,0xd49350fe687fe52bbd157b2ef8d2a4774da2b054da6f18cf44f78447c6611525,2023-03-18 10:13:00
160,0x3041cbd36888becc7bbcbc0045e3b1f144466f5f,498000000,498096225,0x7a250d5630b4cf539739df2c5dacb4c659f2488d,0x2218f18844efefbf42909450e2a53d280d2fb24d0066553fb63776e1106858da,2023-03-18 09:53:00
161,0x3041cbd36888becc7bbcbc0045e3b1f144466f5f,4883999999,4891481990,0x7a250d5630b4cf539739df2c5dacb4c659f2488d,0x59d9e92f52448713348f0f106c890bf485c567d54cd4bf608aaa128ee9a04076,2023-03-18 09:33:00
162,0x3041cbd36888becc7bbcbc0045e3b1f144466f5f,1649000000,1644896382,0x7a250d5630b4cf539739df2c5dacb4c659f2488d,0x64c1b360a7c33c478333e59e62bc77991cb7d5a90bdf6ba4077c225a1a3f3597,2023-03-18 09:17:00
163,0x3041cbd36888becc7bbcbc0045e3b1f144466f5f,2495999999,2493239832,0x7a250d5630b4cf539739df2c5dacb4c659f2488d,0x0d06deccac213b13e5ccb7bcd715bc159bb304a8fd5480e8dd9d2e99c146a3b7,2023-03-18 09:17:00
164,0x3041cbd36888becc7bbcbc0045e3b1f144466f5f,3350000000,3329639017,0x7a250d5630b4cf539739df2c5dacb4c659f2488d,0x3a1f4979c61694b1ce3891d1c51c03a17dcf2b42fe166b919eab2fbeaf94a81e,2023-03-18 08:59:00
165,0x3041cbd36888becc7bbcbc0045e3b1f144466f5f,2487771542,2482863243,0x5e169082fff23cee6766062b96051a78c543127d,0xe2a55a64ae58c4b11a44766217fd2f3c97fd395a92f9caf12988efe877364119,2023-03-18 08:33:00
166,0x3041cbd36888becc7bbcbc0045e3b1f144466f5f,1377737175,1375018941,0x7a250d5630b4cf539739df2c5dacb4c659f2488d,0xfe297c255c9e658ffd157a07dc93de1b4fae5a1b6df44518af9a1a7aedf94428,2023-03-18 08:21:00
167,0x3041cbd36888becc7bbcbc0045e3b1f144466f5f,747999999,747232843,0x7a250d5630b4cf539739df2c5dacb4c659f2488d,0x9b83f34c1abf6b593cd593c85b074ae0e0aabe80d77002d64f5cef34c60dfa0c,2023-03-18 08:01:00
168,0x3041cbd36888becc7bbcbc0045e3b1f144466f5f,2346000000,2343513410,0x7a250d5630b4cf539739df2c5dacb4c659f2488d,0x3bc2a027967cf793e99c93887ee134637057e670271951f6c27ebf751fc74183,2023-03-18 07:34:00
169,0x3041cbd36888becc7bbcbc0045e3b1f144466f5f,2899525594,2892684324,0x7a250d5630b4cf539739df2c5dacb4c659f2488d,0x59ba1421bd3c18a1e31b617ae9f6b5985cc33f304210faf060d2631ba0004003,2023-03-18 07:33:00
170,0x3041cbd36888becc7bbcbc0045e3b1f144466f5f,249000000,248321614,0x7a250d5630b4cf539739df2c5dacb4c659f2488d,0x2f211cc700d9eae8ee6abfb682738d340a45ca04128edc0ab271e33174f9a1a4,2023-03-18 06:42:00
171,0x3041cbd36888becc7bbcbc0045e3b1f144466f5f,1544999999,1545494077,0x7a250d5630b4cf539739df2c5dacb4c659f2488d,0xca99d61a20fd6785eec0ea40d850d4b3bbca94986650bc3e65992cfc9c93be80,2023-03-18 06:16:00
172,0x3041cbd36888becc7bbcbc0045e3b1f144466f5f,897000000,897286853,0x7a250d5630b4cf539739df2c5dacb4c659f2488d,0xe08cd646a4b6548fa2318946714dc95aa7e91d64d233ee593fb04592ba945fd8,2023-03-18 06:15:00
173,0x3041cbd36888becc7bbcbc0045e3b1f144466f5f,2391999999,2389900111,0x7a250d5630b4cf539739df2c5dacb4c659f2488d,0xa455c6ab32db91bf027a8b06ff7ac53e07defa25ee982e4fe292cc2357771087,2023-03-18 05:43:00
174,0x3041cbd36888becc7bbcbc0045e3b1f144466f5f,2248999999,2244627101,0x7a250d5630b4cf539739df2c5dacb4c659f2488d,0xfe28a335f480ee47887f251dfbf84a7b971653ee30f1f9ab305e8594eb9a0be4,2023-03-18 05:15:00
175,0x3041cbd36888becc7bbcbc0045e3b1f144466f5f,2444999999,2443554879,0x7a250d5630b4cf539739df2c5dacb4c659f2488d,0xa7c01733d112a6ad6923b518cfa4c8234429f8a9c355762b725dcd03fc22a782,2023-03-18 05:15:00
176,0x3041cbd36888becc7bbcbc0045e3b1f144466f5f,3494000000,3492355559,0x7a250d5630b4cf539739df2c5dacb4c659f2488d,0x4c85d4be67a724b996fc46ef168fcc900acd31b0266075dc53e3f5a79f0f286e,2023-03-18 02:32:00
177,0x3041cbd36888becc7bbcbc0045e3b1f144466f5f,3250000000,3242188200,0x7a250d5630b4cf539739df2c5dacb4c659f2488d,0x477752900816e64aae45624cd223b3e9087815979a6babf33ff7e2f0f23bc05d,2023-03-18 02:20:00
178,0x3041cbd36888becc7bbcbc0045e3b1f144466f5f,799000000,797432270,0x7a250d5630b4cf539739df2c5dacb4c659f2488d,0xb39dd0bfee551e8de30d97122e7a2dde5c4cf511bdb54529802b4562fe9d3b57,2023-03-18 02:20:00
179,0x3041cbd36888becc7bbcbc0045e3b1f144466f5f,3858000000,3841690626,0x7a250d5630b4cf539739df2c5dacb4c659f2488d,0xd289b7b22fcb1ac22c129d611de35a74c6e50bca30037a4bf88b153dbfe36b39,2023-03-18 02:09:00
180,0x3041cbd36888becc7bbcbc0045e3b1f144466f5f,995999999,996140551,0x7a250d5630b4cf539739df2c5dacb4c659f2488d,0xc417a2c4f475eb9410dda557ad71a90c51d047f2ce5ed414428d35e28b9310d1,2023-03-18 01:46:00
181,0x3041cbd36888becc7bbcbc0045e3b1f144466f5f,1845999999,1844843168,0x7a250d5630b4cf539739df2c5dacb4c659f2488d,0x7c82f3da8e376768090789ddd13292f27529defd8b0bb31ab60f199ea9677c01,2023-03-17 20:36:00
182,0x3041cbd36888becc7bbcbc0045e3b1f144466f5f,4880999999,4891156547,0x7a250d5630b4cf539739df2c5dacb4c659f2488d,0x04dd950ebd92ad962f11b77dbc0716fabc816e16bc3a1b996247cbfb56ad3736,2023-03-17 20:36:00
183,0x3041cbd36888becc7bbcbc0045e3b1f144466f5f,3048000000,3042975495,0x7a250d5630b4cf539739df2c5dacb4c659f2488d,0xcdeddff98caceaeea209caff266864a33097920ec6209e725d5ff9fdf90e3e6f,2023-03-17 20:31:00
184,0x3041cbd36888becc7bbcbc0045e3b1f144466f5f,2651999999,2643160053,0x7a250d5630b4cf539739df2c5dacb4c659f2488d,0x9406456f330874eb0844215d5ed8ad93114a2d87785e3f4c8b3a4cce4e24ff04,2023-03-17 20:24:00
185,0x3041cbd36888becc7bbcbc0045e3b1f144466f5f,2795000000,2793211741,0x7a250d5630b4cf539739df2c5dacb4c659f2488d,0x5ddd6acb5dc4d65eab1a2d964ff220e7d20d7a47d29e300831e9733eae4fb942,2023-03-17 20:10:00
186,0x3041cbd36888becc7bbcbc0045e3b1f144466f5f,2393000000,2393253535,0x7a250d5630b4cf539739df2c5dacb4c659f2488d,0x8d50447e6fda3daaad597584af086ee017fa00ab4b684e78baeb826382178f30,2023-03-17 19:42:00
187,0x3041cbd36888becc7bbcbc0045e3b1f144466f5f,3540000000,3539947859,0x7a250d5630b4cf539739df2c5dacb4c659f2488d,0x2a2a3459ddb199253f03c01c407adda28a093b2227f55a33ab2e814ba973dccf,2023-03-17 19:36:00
188,0x3041cbd36888becc7bbcbc0045e3b1f144466f5f,3139000000,3137647620,0x7a250d5630b4cf539739df2c5dacb4c659f2488d,0x9f5f8ebe3ab957e65ae53dd6b06b87cc053a5ebee45cb6844ff0651e0456b5db,2023-03-17 19:25:00
189,0x3041cbd36888becc7bbcbc0045e3b1f144466f5f,4987000000,4991342575,0x7a250d5630b4cf539739df2c5dacb4c659f2488d,0x8429bada9b8c033674ee93ff387c2b461b0d9ccdba8b7976ace19f1360b102d9,2023-03-17 19:21:00
190,0x3041cbd36888becc7bbcbc0045e3b1f144466f5f,548999999,547959301,0x7a250d5630b4cf539739df2c5dacb4c659f2488d,0x246a35075f5dad779d0f75d41b627605d404dcafc77fa001ceed05a1d6a1ab10,2023-03-17 19:20:00
191,0x3041cbd36888becc7bbcbc0045e3b1f144466f5f,847999999,847305398,0x7a250d5630b4cf539739df2c5dacb4c659f2488d,0x9b1670efc297d4d2b4defdbdb7f4cbb2d14e9cad026ea82e7e1758cda3434ab5,2023-03-17 19:16:00
192,0x3041cbd36888becc7bbcbc0045e3b1f144466f5f,4246999999,4241523705,0x7a250d5630b4cf539739df2c5dacb4c659f2488d,0xbb5f06d601daf516d03499eb15700880888a91b6800b550650b0134c12776676,2023-03-17 19:15:00
193,0x3041cbd36888becc7bbcbc0045e3b1f144466f5f,2252000000,2243797583,0x7a250d5630b4cf539739df2c5dacb4c659f2488d,0x28220bdb089b3c703dcd162af9101b5f2732142a18bfc214d827d2fb0ea18d86,2023-03-17 19:10:00
194,0x3041cbd36888becc7bbcbc0045e3b1f144466f5f,2301999999,2293770379,0x7a250d5630b4cf539739df2c5dacb4c659f2488d,0x10fde5bf90449354452f1db0e5b15aab2a19d49a023627bb554447ec2d134d85,2023-03-17 18:57:00
195,0x3041cbd36888becc7bbcbc0045e3b1f144466f5f,2394999999,2393899842,0x7a250d5630b4cf539739df2c5dacb4c659f2488d,0xa267341367707d0f6995b932dbdf0c76b66b6444763a5672abe0772d3fbe707a,2023-03-17 18:00:00
196,0x3041cbd36888becc7bbcbc0045e3b1f144466f5f,4838999999,4843803383,0x7a250d5630b4cf539739df2c5dacb4c659f2488d,0xa5446a0427a41c8929b8fb70f71d0989a4d3b7573d2fe67dfbd0509439cd7242,2023-03-17 17:47:00
197,0x3041cbd36888becc7bbcbc0045e3b1f144466f5f,4852000000,4841449143,0x7a250d5630b4cf539739df2c5dacb4c659f2488d,0x6f25d66348d336e957b700ecb29da98ccd6ef8eb015d58b744359b9d0bc55569,2023-03-17 17:42:00
198,0x3041cbd36888becc7bbcbc0045e3b1f144466f5f,2742999999,2743101262,0x7a250d5630b4cf539739df2c5dacb4c659f2488d,0x12d0a1b6a21e4e1fe504a27bf4565ab564c0908f3b676efc97ef4b41259e7b6c,2023-03-17 17:20:00
199,0x3041cbd36888becc7bbcbc0045e3b1f144466f5f,399000000,398408876,0x7a250d5630b4cf539739df2c5dacb4c659f2488d,0x9a7c235c8161d8b136af3d45c53b2c30b2975c4ca1706178fb8a648e81447ea0,2023-03-17 17:19:00
200,0x3041cbd36888becc7bbcbc0045e3b1f144466f5f,4934907068,4927595933,0x7a250d5630b4cf539739df2c5dacb4c659f2488d,0xa5a23250d023be242e2826c68f79918c53ba99e236ebbf734ead0f22b12df46b,2023-03-17 17:19:00
201,0x3041cbd36888becc7bbcbc0045e3b1f144466f5f,4822999999,4841604004,0x7a250d5630b4cf539739df2c5dacb4c659f2488d,0x8ddcf74dfecd6cbae90197da7a1d019d4870a40e385785d71d90034a2d92ac96,2023-03-17 17:02:00
202,0x3041cbd36888becc7bbcbc0045e3b1f144466f5f,1897999999,1895012292,0x7a250d5630b4cf539739df2c5dacb4c659f2488d,0x3ec94c908102a0f2d497e08ababf1839758be8cc339abc65cd0eb3dfd8377b18,2023-03-17 17:01:00
203,0x3041cbd36888becc7bbcbc0045e3b1f144466f5f,2950999999,2943250591,0x7a250d5630b4cf539739df2c5dacb4c659f2488d,0xef9a160c0b527592fef11dc434f71ff37533a0367dc4b313ecdc7bffc7446a37,2023-03-17 17:00:00
204,0x3041cbd36888becc7bbcbc0045e3b1f144466f5f,2589000000,2590960488,0x7a250d5630b4cf539739df2c5dacb4c659f2488d,0xf4aba22e5ad17d73d0ec61f4b2f2641defb23d522a90695633a757fa434907a8,2023-03-17 16:34:00
205,0x3041cbd36888becc7bbcbc0045e3b1f144466f5f,1643999999,1645244898,0x7a250d5630b4cf539739df2c5dacb4c659f2488d,0xce54e56b38f768e872ddc2a66965350129380f67308c531ecf2d2ad5c218c8f9,2023-03-17 16:34:00
206,0x3041cbd36888becc7bbcbc0045e3b1f144466f5f,3842999999,3842397523,0x7a250d5630b4cf539739df2c5dacb4c659f2488d,0x2c959150805fc4fb68acf7ca9e21b71b72c9a426dcf720a12a6f46c17365041d,2023-03-17 16:33:00
207,0x3041cbd36888becc7bbcbc0045e3b1f144466f5f,1248999999,1246139647,0x7a250d5630b4cf539739df2c5dacb4c659f2488d,0xb12d0f1703684d58bc5b2098d0a6dc86df1e73c15366866a37e9e2aa4432dcef,2023-03-17 16:32:00
208,0x3041cbd36888becc7bbcbc0045e3b1f144466f5f,4971999999,4957170970,0x7a250d5630b4cf539739df2c5dacb4c659f2488d,0xede37b3c173b9cab5332bc3141c079d22ec51148f45d592ea401691bb5d33c91,2023-03-17 16:32:00
209,0x3041cbd36888becc7bbcbc0045e3b1f144466f5f,2000000000,1994034984,0x7a250d5630b4cf539739df2c5dacb4c659f2488d,0x8a00e6eec55d04a2c98df2a64a3fde7b33b81df4f28f19c6bff4fabc90e7b50c,2023-03-17 16:31:00
210,0x3041cbd36888becc7bbcbc0045e3b1f144466f5f,4926999999,4934532923,0x7a250d5630b4cf539739df2c5dacb4c659f2488d,0xd62536871d0a4b46d3f8605e907f08f786d89f1bf8f726f08efbc0659399d494,2023-03-17 15:29:00
211,0x3041cbd36888becc7bbcbc0045e3b1f144466f5f,4434000000,4440779172,0x7a250d5630b4cf539739df2c5dacb4c659f2488d,0xc3c4d289942ea4f30538ffe7db084faabf2d3153f08cf12042dff21ea59f68cf,2023-03-17 15:28:00
212,0x3041cbd36888becc7bbcbc0045e3b1f144466f5f,2444999999,2443366805,0x7a250d5630b4cf539739df2c5dacb4c659f2488d,0xc667eafef40464965f041df175ac2e41b27249a7931884880cf5d85659800fec,2023-03-17 15:28:00
213,0x3041cbd36888becc7bbcbc0045e3b1f144466f5f,1098999999,1096769986,0x7a250d5630b4cf539739df2c5dacb4c659f2488d,0xc56a836637acd6b86247ba3caf9eedaf3acbcf4c740ac0232e7b35db4f7135e5,2023-03-17 15:27:00
214,0x3041cbd36888becc7bbcbc0045e3b1f144466f5f,3936999999,3929011316,0x7a250d5630b4cf539739df2c5dacb4c659f2488d,0x3629151a97fb7562c2101c04aee3e9a4a5bfac48e6f766d7035339c392c3af0b,2023-03-17 15:27:00
215,0x3041cbd36888becc7bbcbc0045e3b1f144466f5f,1649999999,1645642653,0x7a250d5630b4cf539739df2c5dacb4c659f2488d,0xd28638299cf80f1d67947d6fb775cecc70cd1f8825ec4c81e849dcfdc4d96498,2023-03-17 15:26:00
216,0x3041cbd36888becc7bbcbc0045e3b1f144466f5f,899000000,895800984,0x7a250d5630b4cf539739df2c5dacb4c659f2488d,0x1c3a6a28429f8714846af2392235365ab492e5cb2f8df3ae88d3e4a7f81218bb,2023-03-17 15:25:00
217,0x3041cbd36888becc7bbcbc0045e3b1f144466f5f,848000000,847095167,0x7a250d5630b4cf539739df2c5dacb4c659f2488d,0x27cbe674e74795f8457981a8f494515d77902ab1e498d465fa9e8b62dc9c4707,2023-03-17 15:23:00
218,0x3041cbd36888becc7bbcbc0045e3b1f144466f5f,1893999999,1894633027,0x7a250d5630b4cf539739df2c5dacb4c659f2488d,0x3f09b8ce02f2f9acfd77b997c61df62c9a59a1e884337bd2327160004b7e108d,2023-03-17 15:15:00
219,0x3041cbd36888becc7bbcbc0045e3b1f144466f5f,498000000,497473123,0x7a250d5630b4cf539739df2c5dacb4c659f2488d,0x6a17cad52fba523dc1a7a49da82675f70488be15db08f9db92c3ba52967e421e,2023-03-17 15:13:00
220,0x3041cbd36888becc7bbcbc0045e3b1f144466f5f,2242999999,2243741883,0x7a250d5630b4cf539739df2c5dacb4c659f2488d,0x8369d58149130599b8f271b6eaeeb18fdcb3db2584f4e5407e341009ab6c76d7,2023-03-17 15:12:00
221,0x3041cbd36888becc7bbcbc0045e3b1f144466f5f,2343000000,2343774959,0x7a250d5630b4cf539739df2c5dacb4c659f2488d,0x54366fb925a1105c664569dcc9d8184a685c7175383c29a682faef1efcbcc3d8,2023-03-17 15:11:00
222,0x3041cbd36888becc7bbcbc0045e3b1f144466f5f,2498000000,2495559869,0x7a250d5630b4cf539739df2c5dacb4c659f2488d,0x214539197d048637de00d7c4bb2f70b571177466db5b52a449702e45f41a59c0,2023-03-17 15:10:00
223,0x3041cbd36888becc7bbcbc0045e3b1f144466f5f,2200000000,2193491448,0x7a250d5630b4cf539739df2c5dacb4c659f2488d,0xd57b43ce7d072b94ade63de70d76b0ceaad2f902d096d288ca04a9b40a451342,2023-03-17 15:09:00
224,0x3041cbd36888becc7bbcbc0045e3b1f144466f5f,1696999999,1695375021,0x7a250d5630b4cf539739df2c5dacb4c659f2488d,0xc46584e05621070a13fc2df5a145a2b4639bd974cd3aa6a96609e1056073553f,2023-03-17 15:00:00
225,0x3041cbd36888becc7bbcbc0045e3b1f144466f5f,1249000000,1246622175,0x7a250d5630b4cf539739df2c5dacb4c659f2488d,0xe823465b29f1ce2ef06a534306f9f8c77126323e4015642e013075e65baa1518,2023-03-17 14:59:00
226,0x3041cbd36888becc7bbcbc0045e3b1f144466f5f,1745999999,1739324427,0x7a250d5630b4cf539739df2c5dacb4c659f2488d,0xe31c0734e25092aa5b5a1ee2e1f90ba2ebc0a86f80582277641648b3d5eae582,2023-03-17 14:58:00
227,0x3041cbd36888becc7bbcbc0045e3b1f144466f5f,1547999999,1545684547,0x7a250d5630b4cf539739df2c5dacb4c659f2488d,0xb5d09cafdd4dfdec6af3b71a7b3a9be3eeffafbdd7ec55914e530d827402b8d6,2023-03-17 14:57:00
228,0x3041cbd36888becc7bbcbc0045e3b1f144466f5f,1598000000,1594231985,0x7a250d5630b4cf539739df2c5dacb4c659f2488d,0x844a69a039885fe18e5fcc31900b3dbc95e80503259f26b772214a7ad2930fd5,2023-03-17 14:56:00
229,0x3041cbd36888becc7bbcbc0045e3b1f144466f5f,2191999999,2193982336,0x7a250d5630b4cf539739df2c5dacb4c659f2488d,0xc859755ef21b6c426c88ff397548bb9c8a9a5d003c7386106dde5cfb4c1bba6c,2023-03-17 14:08:00
230,0x3041cbd36888becc7bbcbc0045e3b1f144466f5f,1446000000,1445536697,0x7a250d5630b4cf539739df2c5dacb4c659f2488d,0x529a1143731689635ff5c510f2e7670c4a3f8f13c43d986f0f8ca3e71910fb98,2023-03-17 14:08:00
231,0x3041cbd36888becc7bbcbc0045e3b1f144466f5f,4246999999,4242211324,0x7a250d5630b4cf539739df2c5dacb4c659f2488d,0xbfe2927e0851765e198bdc82397b940fa28e4f14e33ddbe3c4ac9fe05c220dc7,2023-03-17 14:07:00
232,0x3041cbd36888becc7bbcbc0045e3b1f144466f5f,3053999999,3043328640,0x7a250d5630b4cf539739df2c5dacb4c659f2488d,0xa23e082c38649db02abd74d0acd468a7b58682fe3dc0fd9798a61d140c55aca9,2023-03-17 14:06:00
233,0x3041cbd36888becc7bbcbc0045e3b1f144466f5f,600999999,597879378,0x7a250d5630b4cf539739df2c5dacb4c659f2488d,0xcb5ba064207e62101cbe2dfbe9d6e80e96d11a9d7fe628836ff2ab93240f0fc4,2023-03-17 13:57:00
234,0x3041cbd36888becc7bbcbc0045e3b1f144466f5f,3045999999,3029166794,0x7a250d5630b4cf539739df2c5dacb4c659f2488d,0x281cff9c8b6454889c870b24ea20e29e324ca8b3ad7b158b9e6048b4e7671953,2023-03-17 13:56:00
235,0x3041cbd36888becc7bbcbc0045e3b1f144466f5f,4133999999,4132321039,0x7a250d5630b4cf539739df2c5dacb4c659f2488d,0x8dff672908611b2960acd2c6aff081961f8689fed13361d928f625c7a8998516,2023-03-17 13:38:00
236,0x3041cbd36888becc7bbcbc0045e3b1f144466f5f,749000000,746994905,0x7a250d5630b4cf539739df2c5dacb4c659f2488d,0x4caee0785a260d2617879a0e9302f5d7d928204427e92beb94428bd0d9b80f3f,2023-03-17 13:38:00
237,0x3041cbd36888becc7bbcbc0045e3b1f144466f5f,2390999999,2391373907,0x7a250d5630b4cf539739df2c5dacb4c659f2488d,0xdae04d326663e964fea7a081f8c4b884a295092c3e9d49aee916fb730b84d338,2023-03-17 13:37:00
238,0x3041cbd36888becc7bbcbc0045e3b1f144466f5f,2242000000,2242350607,0x7a250d5630b4cf539739df2c5dacb4c659f2488d,0xb574a017662da5df817dbb0a0f81953234b7934329bee715015f6570ce7d458a,2023-03-17 13:36:00
239,0x3041cbd36888becc7bbcbc0045e3b1f144466f5f,3688000000,3688576734,0x7a250d5630b4cf539739df2c5dacb4c659f2488d,0x1aac709e3663b6f7a2af0e3ad5384737d74c7725e4f7a31527d55f99cc5ba7cc,2023-03-17 13:35:00
240,0x3041cbd36888becc7bbcbc0045e3b1f144466f5f,4428000000,4438561105,0x7a250d5630b4cf539739df2c5dacb4c659f2488d,0xa69c05b47efaf7ce68bb32392bcb3769f8b735fa9014c82de1412d98df36db9a,2023-03-17 13:16:00
241,0x3041cbd36888becc7bbcbc0045e3b1f144466f5f,2736000000,2742525561,0x7a250d5630b4cf539739df2c5dacb4c659f2488d,0x35ff6d457defb191dee2a4696bb1cffe0f42a7934d5c499a795f47185b129910,2023-03-17 13:15:00
242,0x3041cbd36888becc7bbcbc0045e3b1f144466f5f,4331000000,4341329753,0x7a250d5630b4cf539739df2c5dacb4c659f2488d,0x70645f6e46d7ff1682f2a365635a27cbb7d37702fd616c93efe39a9d650430dd,2023-03-17 13:15:00
243,0x3041cbd36888becc7bbcbc0045e3b1f144466f5f,4179999999,4179778755,0x7a250d5630b4cf539739df2c5dacb4c659f2488d,0xb793a9ea458a78aea3f08f175c7d94fd4c1e0ea4b18d03f42f3f8fdbb0a25ea6,2023-03-17 13:14:00
244,0x3041cbd36888becc7bbcbc0045e3b1f144466f5f,2093000000,2094054547,0x7a250d5630b4cf539739df2c5dacb4c659f2488d,0xeb6b3f1dbb54455f44ffadb5e0d587a98ca73c142c6eec3686c8eaae4a64d73d,2023-03-17 13:13:00
245,0x3041cbd36888becc7bbcbc0045e3b1f144466f5f,2844999999,2843081157,0x7a250d5630b4cf539739df2c5dacb4c659f2488d,0x27f67ef27b5c3ca0ac51d49628db390ad13657397bbdcc56919a62b4a555a9d8,2023-03-17 13:12:00
246,0x3041cbd36888becc7bbcbc0045e3b1f144466f5f,2150999999,2144057489,0x7a250d5630b4cf539739df2c5dacb4c659f2488d,0x584ac195f8cb896c3d3f275818b50a225d9ba601d8f658e9ef559ff7b00ae01b,2023-03-17 13:11:00
247,0x3041cbd36888becc7bbcbc0045e3b1f144466f5f,1699000000,1695136882,0x7a250d5630b4cf539739df2c5dacb4c659f2488d,0xba1ab12340508e94dc4b2f257ba625db5c90cd93830d91912f9eac49b91ae761,2023-03-17 13:11:00
248,0x3041cbd36888becc7bbcbc0045e3b1f144466f5f,4234999999,4237048596,0x7a250d5630b4cf539739df2c5dacb4c659f2488d,0xe39269b62359428cd9805c13a9e4bf2e01ca653445aa4e923ccd4911b662d3a1,2023-03-17 12:50:00
249,0x3041cbd36888becc7bbcbc0045e3b1f144466f5f,448999999,448349133,0x7a250d5630b4cf539739df2c5dacb4c659f2488d,0x5dc82b8deb89970dba995658cc973320526b3dbe072cd41601dacdc0fdc39b22,2023-03-17 12:49:00
250,0x3041cbd36888becc7bbcbc0045e3b1f144466f5f,3789999999,3792582068,0x7a250d5630b4cf539739df2c5dacb4c659f2488d,0x0ccd0c4b25c7abc09ee2cb17f90df1a1ccd0b1e03fafb6b8b0c8d2f6bc433053,2023-03-17 12:49:00
251,0x3041cbd36888becc7bbcbc0045e3b1f144466f5f,3948000000,3942275578,0x7a250d5630b4cf539739df2c5dacb4c659f2488d,0xed277434370f018ced94f1c9a475b2271a01e3428f6ccfa50a819eb070ad2c0f,2023-03-17 12:47:00
252,0x3041cbd36888becc7bbcbc0045e3b1f144466f5f,649941486,647559414,0x7a250d5630b4cf539739df2c5dacb4c659f2488d,0x7bc52d759279da935869902a16aef492b0e24b5eae7fe817fbc7539d6aa91905,2023-03-17 12:47:00
253,0x3041cbd36888becc7bbcbc0045e3b1f144466f5f,1200999999,1196052994,0x7a250d5630b4cf539739df2c5dacb4c659f2488d,0x197d39714ceaf01cf41e0b847dccf7678b88b446279d94477701e6db2c16da08,2023-03-17 12:46:00
254,0x3041cbd36888becc7bbcbc0045e3b1f144466f5f,601000000,598120174,0x7a250d5630b4cf539739df2c5dacb4c659f2488d,0x0f902280e9ecac6404a7038f2090efe3c6d06e4d7c1da6444307b2caf080137f,2023-03-17 12:45:00
255,0x3041cbd36888becc7bbcbc0045e3b1f144466f5f,4183999999,4187968242,0x7a250d5630b4cf539739df2c5dacb4c659f2488d,0x37df301c336f6d9e22be569179e927147c66ff264d778df8bf0f59e2fe2e12cf,2023-03-17 12:27:00
256,0x3041cbd36888becc7bbcbc0045e3b1f144466f5f,4833000000,4832575345,0x7a250d5630b4cf539739df2c5dacb4c659f2488d,0x57ae572bc4930cde552c98bd46abacebf90f45e6484b05a6fff8a873d573ebc6,2023-03-17 12:26:00
257,0x3041cbd36888becc7bbcbc0045e3b1f144466f5f,1842999999,1844747961,0x7a250d5630b4cf539739df2c5dacb4c659f2488d,0xb7d4e62786a14221cf9bc8d77219bb1b20ff250e4eecc349d18ebffb6df5e35f,2023-03-17 12:26:00
258,0x3041cbd36888becc7bbcbc0045e3b1f144466f5f,2892999999,2892745804,0x7a250d5630b4cf539739df2c5dacb4c659f2488d,0x41326869947040a2152ac4bdc94a4d0b6f781dc1ff2aa6a061a683e357cf293e,2023-03-17 12:24:00
259,0x3041cbd36888becc7bbcbc0045e3b1f144466f5f,2791000000,2790754767,0x7a250d5630b4cf539739df2c5dacb4c659f2488d,0xd7ef9ef3ed64dd1e4dc0f8e335f0fab8b415a8436e574c081aa78e6949a4fede,2023-03-17 12:24:00
260,0x3041cbd36888becc7bbcbc0045e3b1f144466f5f,2897999999,2893026871,0x7a250d5630b4cf539739df2c5dacb4c659f2488d,0xdd2bc4a1b971551e142ea322c18be245882ea2f8c94ec2ab7c5d9077ecaeba4a,2023-03-17 12:23:00
261,0x3041cbd36888becc7bbcbc0045e3b1f144466f5f,2552000000,2543465485,0x7a250d5630b4cf539739df2c5dacb4c659f2488d,0x601723c40d73909968fb0e782fc636dd1858681601abad67272edd3aac336e35,2023-03-17 12:22:00
262,0x3041cbd36888becc7bbcbc0045e3b1f144466f5f,2906999999,2893116573,0x7a250d5630b4cf539739df2c5dacb4c659f2488d,0x40bcfffb61ef749c0aad10c3abe50b7c3529747da0f77ce737de504119fea990,2023-03-17 12:21:00
263,0x3041cbd36888becc7bbcbc0045e3b1f144466f5f,3955000000,3929671973,0x7a250d5630b4cf539739df2c5dacb4c659f2488d,0x82470ab8d16f6d9a88bd70952c4d20c73e00ab548e631a818321f2115ac79b92,2023-03-17 12:20:00
264,0x3041cbd36888becc7bbcbc0045e3b1f144466f5f,4896999999,4891430462,0x7a250d5630b4cf539739df2c5dacb4c659f2488d,0x3e43f8c2aa6cfbdd7d01a405e2300fb04fa1a5c1ff1e5c246c7582eb57d7df1b,2023-03-17 11:59:00
265,0x3041cbd36888becc7bbcbc0045e3b1f144466f5f,1296999999,1296465346,0x7a250d5630b4cf539739df2c5dacb4c659f2488d,0xe460339c2a58d015c29fc01891a8ba3d41843bf8acff173c9d5419c035499264,2023-03-17 11:59:00
266,0x3041cbd36888becc7bbcbc0045e3b1f144466f5f,2593000000,2589224010,0x7a250d5630b4cf539739df2c5dacb4c659f2488d,0x06f6d0fc97a3f4682e017504f8f537197a9e715119c3dc7f621ee272493f3630,2023-03-17 11:36:00
267,0x3041cbd36888becc7bbcbc0045e3b1f144466f5f,299000000,298348202,0x7a250d5630b4cf539739df2c5dacb4c659f2488d,0x6cd5d9ee936d48891a86580a8ba0d2ed15e038c53dd66356c715b2a9952c3916,2023-03-17 11:35:00
268,0x3041cbd36888becc7bbcbc0045e3b1f144466f5f,1498000000,1495818575,0x7a250d5630b4cf539739df2c5dacb4c659f2488d,0x5cc7a39fdd5ddddc73c645d97f3f83783ea2ec6991841b2dd7b949b097144ef2,2023-03-17 11:35:00
269,0x3041cbd36888becc7bbcbc0045e3b1f144466f5f,2900000000,2893193729,0x7a250d5630b4cf539739df2c5dacb4c659f2488d,0x601a0f59cecd78f2900f49b39f845b9856202b9a007fd221dfece61d43c4aed1,2023-03-17 11:34:00
270,0x3041cbd36888becc7bbcbc0045e3b1f144466f5f,800000000,796697519,0x7a250d5630b4cf539739df2c5dacb4c659f2488d,0x5213a6b033675f43be42366a96364a1eaf2074951dbdbe563858b3c4e8e106af,2023-03-17 11:31:00
271,0x3041cbd36888becc7bbcbc0045e3b1f144466f5f,2990999999,2993302904,0x7a250d5630b4cf539739df2c5dacb4c659f2488d,0xdbbbea605557cf42143fb2b8675b1063c3a08931afe4bb3a363c37074a1175ec,2023-03-17 10:11:00
272,0x3041cbd36888becc7bbcbc0045e3b1f144466f5f,499000000,498550289,0x7a250d5630b4cf539739df2c5dacb4c659f2488d,0xf765292337944b77c14d20d6f7b24cd777c7091f283b5a99fc683fdec5e4a279,2023-03-17 10:09:00
273,0x3041cbd36888becc7bbcbc0045e3b1f144466f5f,1196999999,1195921233,0x7a250d5630b4cf539739df2c5dacb4c659f2488d,0x0de31204585845ba89dafc1f0609d3afd455c90f6a7f001505eeca4c02d726d4,2023-03-17 09:58:00
274,0x3041cbd36888becc7bbcbc0045e3b1f144466f5f,448999999,448295241,0x7a250d5630b4cf539739df2c5dacb4c659f2488d,0x82ca4b7ca2a5a9cab125bf70ffe5eb5c05fbf7c448717d60c133ec6425ac0baf,2023-03-17 09:56:00
275,0x3041cbd36888becc7bbcbc0045e3b1f144466f5f,1149000000,1146908545,0x7a250d5630b4cf539739df2c5dacb4c659f2488d,0x8caec08b503c11514d16b56033b4b553ea814dad1f1eccaff02bafdde9444e2a,2023-03-17 09:55:00
276,0x3041cbd36888becc7bbcbc0045e3b1f144466f5f,349928841,350000000,0x7a250d5630b4cf539739df2c5dacb4c659f2488d,0xcafaf0c559e9ef7aa22a95e829730002af4c85687505ffa55b0fe297353b2656,2023-03-17 09:05:00
277,0x3041cbd36888becc7bbcbc0045e3b1f144466f5f,3885999999,3886795199,0x7a250d5630b4cf539739df2c5dacb4c659f2488d,0x8e22b2ca905925cd54f8f658eebed38bfaea3d27556c551e6a5a8882947e3cbc,2023-03-17 08:54:00
278,0x3041cbd36888becc7bbcbc0045e3b1f144466f5f,3141000000,3141642748,0x7a250d5630b4cf539739df2c5dacb4c659f2488d,0x329ec0f2c81c443b40f1ae95201d787584a337cdbebacf5f94cf9ec5f789795d,2023-03-17 08:54:00
279,0x3041cbd36888becc7bbcbc0045e3b1f144466f5f,549000000,548352450,0x7a250d5630b4cf539739df2c5dacb4c659f2488d,0xb992f137f9df6f002e08a2e2f97b5fc8ced9bbf7c79d1776a9bd24a23b41e375,2023-03-17 08:53:00
280,0x3041cbd36888becc7bbcbc0045e3b1f144466f5f,1848000000,1845253423,0x7a250d5630b4cf539739df2c5dacb4c659f2488d,0x46baf04c3ceaa35c24fafbe0ebf5be08c819d44c1d414f3fb37f66098a694c25,2023-03-17 08:52:00
281,0x3041cbd36888becc7bbcbc0045e3b1f144466f5f,2900000000,2892697295,0x7a250d5630b4cf539739df2c5dacb4c659f2488d,0x983d3e3fc817d26da9d51301b90d586e52b23e30550364df491f9481889a6bbb,2023-03-17 08:51:00
282,0x3041cbd36888becc7bbcbc0045e3b1f144466f5f,2152999999,2144095119,0x7a250d5630b4cf539739df2c5dacb4c659f2488d,0x2e296b49d965f1df74fc17e700d9653d5c15a32b4afafcd36d096fb99c055590,2023-03-17 08:51:00
283,0x3041cbd36888becc7bbcbc0045e3b1f144466f5f,250000000,248617369,0x7a250d5630b4cf539739df2c5dacb4c659f2488d,0x2e0f6fb2c2192353fd6c9c86bd05545838edf0bbf3d077fa4373f23711aac635,2023-03-17 08:49:00
284,0x3041cbd36888becc7bbcbc0045e3b1f144466f5f,1745999999,1744643680,0x7a250d5630b4cf539739df2c5dacb4c659f2488d,0x2978f8166fd2195a3c43ea43261ed6ef11304a6464abcecb1672e255d0081d68,2023-03-17 07:46:00
285,0x3041cbd36888becc7bbcbc0045e3b1f144466f5f,1700000000,1698679414,0x7a250d5630b4cf539739df2c5dacb4c659f2488d,0x0ec98becf5457608f3989c01ed272ea7c111acafef558132a3994d8493c760b0,2023-03-17 07:46:00
286,0x3041cbd36888becc7bbcbc0045e3b1f144466f5f,398999999,398300701,0x7a250d5630b4cf539739df2c5dacb4c659f2488d,0xd7a389b088e163cd7fce67662d1fe32a178d4778775534cf32a1f795e81150fe,2023-03-17 07:45:00
287,0x3041cbd36888becc7bbcbc0045e3b1f144466f5f,1798999999,1795445843,0x7a250d5630b4cf539739df2c5dacb4c659f2488d,0x8f5edeb4dc1cf542f4e67aad74f9c6a3e397fd36c77f494397f1c3221b61a1ad,2023-03-17 07:44:00
288,0x3041cbd36888becc7bbcbc0045e3b1f144466f5f,499999999,498510335,0x7a250d5630b4cf539739df2c5dacb4c659f2488d,0x8663e41bfcbb56b6ce3efcc3997b61fa8f6351471f2b7611b5c1ea88e4f6ef58,2023-03-17 07:43:00
289,0x3041cbd36888becc7bbcbc0045e3b1f144466f5f,599999999,597648977,0x7a250d5630b4cf539739df2c5dacb4c659f2488d,0xcde04c6479cc94289171be529da6e63aa1b00db90694b91c077ffea4717e8e7f,2023-03-17 07:28:00
290,0x3041cbd36888becc7bbcbc0045e3b1f144466f5f,1302000000,1296485111,0x7a250d5630b4cf539739df2c5dacb4c659f2488d,0x67b3d1f068a1b12c2db74416da99c4b3bd934573b1c62ccb1f51163217138107,2023-03-17 07:10:00
291,0x3041cbd36888becc7bbcbc0045e3b1f144466f5f,3199000000,3194595525,0x7a250d5630b4cf539739df2c5dacb4c659f2488d,0x51d1a106e41daefccb728c9a35e726a92689dd1ceef062fe615c79e3795d9a3a,2023-03-17 06:55:00
292,0x3041cbd36888becc7bbcbc0045e3b1f144466f5f,1047999999,1046966052,0x7a250d5630b4cf539739df2c5dacb4c659f2488d,0x29328f4d8866a02022d0efbb80d964047b44aa08b713d6402bfeb8c16b1136ab,2023-03-17 06:33:00
293,0x3041cbd36888becc7bbcbc0045e3b1f144466f5f,599000000,598058257,0x7a250d5630b4cf539739df2c5dacb4c659f2488d,0x04e82c24647999ecc13d56fccb1cc022af2fdeb3e0f177bd75eaf447ae7677f2,2023-03-17 06:33:00
294,0x3041cbd36888becc7bbcbc0045e3b1f144466f5f,647999999,645608599,0x7a250d5630b4cf539739df2c5dacb4c659f2488d,0xfcc75abc44f5cdb75d09ba8c7f3cd763b40ad4fea97eb6430727c2478f7ce02f,2023-03-17 06:20:00
295,0x3041cbd36888becc7bbcbc0045e3b1f144466f5f,298999999,298835997,0x7a250d5630b4cf539739df2c5dacb4c659f2488d,0xe52bb7b283d41fc5f305a38e3dd7f006217ab4091e267e554cc3b8eddcf2f30b,2023-03-17 06:04:00
296,0x3041cbd36888becc7bbcbc0045e3b1f144466f5f,2142999999,2144165609,0x7a250d5630b4cf539739df2c5dacb4c659f2488d,0xa7fa55ca2c284340bbacc916d4fd9af0902ad6cabb0905b6111aa2762cc29f98,2023-03-17 04:22:00
297,0x3041cbd36888becc7bbcbc0045e3b1f144466f5f,298999999,298804036,0x7a250d5630b4cf539739df2c5dacb4c659f2488d,0xd9d24793df648b11f1d86d180bca60cac9bf158de84b37b43b32cebaed0ef9f4,2023-03-17 04:21:00
298,0x3041cbd36888becc7bbcbc0045e3b1f144466f5f,696999999,697477054,0x7a250d5630b4cf539739df2c5dacb4c659f2488d,0xeb8dda99b4869a8f62beed15d2b7dad3273aeae6635abd98be997cb96417cbbb,2023-03-17 03:36:00
299,0x3041cbd36888becc7bbcbc0045e3b1f144466f5f,2049000000,2043701969,0x7a250d5630b4cf539739df2c5dacb4c659f2488d,0x64414778673509fe7bd1af0e84a9afd78cecd10ef622ff52f9ffd697e4f028fa,2023-03-17 02:59:00
300,0x3041cbd36888becc7bbcbc0045e3b1f144466f5f,4943999999,4941973450,0x7a250d5630b4cf539739df2c5dacb4c659f2488d,0x46e7e6aea6b523c1b346ee2de5823c70c0c78da63f04e62c04b78d0b460c6918,2023-03-17 02:15:00
301,0x3041cbd36888becc7bbcbc0045e3b1f144466f5f,4856999999,4841587371,0x7a250d5630b4cf539739df2c5dacb4c659f2488d,0x333cc261f11f3887a039fe07e86f8a8da93d7c8346417a6a0bf9ab13af5578a5,2023-03-17 02:00:00
302,0x3041cbd36888becc7bbcbc0045e3b1f144466f5f,547999999,547763590,0x7a250d5630b4cf539739df2c5dacb4c659f2488d,0x6095b8cd2844e322b9a11b93176370cb2c618e85a3931225ce10c82edc3b23d9,2023-03-17 01:30:00
303,0x3041cbd36888becc7bbcbc0045e3b1f144466f5f,997000000,996457283,0x7a250d5630b4cf539739df2c5dacb4c659f2488d,0x34122a8d166754392a21f546b1e901a77ebe88d236a3d7509c0c70d6d7b8f7fa,2023-03-17 00:35:00
304,0x3041cbd36888becc7bbcbc0045e3b1f144466f5f,4239815707,4241762150,0x7a250d5630b4cf539739df2c5dacb4c659f2488d,0xd4e29343ae1846ef66c9943f73531ac208cbb9c2abab9914f7fd561c4e9a60df,2023-03-16 21:05:00
305,0x3041cbd36888becc7bbcbc0045e3b1f144466f5f,1295000000,1295943173,0x7a250d5630b4cf539739df2c5dacb4c659f2488d,0x97d4d2d8da33b641bda609cfa940094362508b6eb34de23954a94f440c14117f,2023-03-16 20:22:00
306,0x3041cbd36888becc7bbcbc0045e3b1f144466f5f,2993000000,2993006658,0x7a250d5630b4cf539739df2c5dacb4c659f2488d,0xe70d37f21490ce20b2e1927d9886dae1839ae083c9b8c553cf2b22737eff8194,2023-03-16 20:18:00
307,0x3041cbd36888becc7bbcbc0045e3b1f144466f5f,749000000,747746342,0x7a250d5630b4cf539739df2c5dacb4c659f2488d,0xcfb4d2c32454dc1321a9acfaae8dc2a1dc8e11a9165f4ac62ba889327826e511,2023-03-16 20:17:00
308,0x3041cbd36888becc7bbcbc0045e3b1f144466f5f,1799000000,1795235333,0x7a250d5630b4cf539739df2c5dacb4c659f2488d,0x4f273a0c1cbbfbec03ef29df0a3e2ae85f1bdb29217a42cd96c4b16561b555c6,2023-03-16 20:16:00
309,0x3041cbd36888becc7bbcbc0045e3b1f144466f5f,1750999999,1745575268,0x7a250d5630b4cf539739df2c5dacb4c659f2488d,0xb24583c29255a133099a51189224297306e6eb91967e2049303f52aea59795f3,2023-03-16 20:16:00
310,0x3041cbd36888becc7bbcbc0045e3b1f144466f5f,1047999999,1047126461,0x7a250d5630b4cf539739df2c5dacb4c659f2488d,0x513be6428e3fb2da951dae20ebb5130ff1d60e0cb56a06b3cc5435afc4e07d3d,2023-03-16 20:00:00
311,0x3041cbd36888becc7bbcbc0045e3b1f144466f5f,1247267374,1246227741,0x7a250d5630b4cf539739df2c5dacb4c659f2488d,0x2143520fb46da91dcafba706bdbea4c7461d13138da032baa843a3e9420e0c45,2023-03-16 19:59:00
312,0x3041cbd36888becc7bbcbc0045e3b1f144466f5f,4140000000,4142203718,0x7a250d5630b4cf539739df2c5dacb4c659f2488d,0x8f0828c7308ba76ac64b8c04d1d8912f8e7f5dac47f1c52471a1587da93a5516,2023-03-16 19:34:00
313,0x3041cbd36888becc7bbcbc0045e3b1f144466f5f,2439999999,2438143267,0x7a250d5630b4cf539739df2c5dacb4c659f2488d,0xbff4aeeb0dd63334267fcf02b7bc1e5c93ced1f07c31d98dedbb52fbbc9aeced,2023-03-16 19:24:00
314,0x3041cbd36888becc7bbcbc0045e3b1f144466f5f,4939999999,4941786697,0x7a250d5630b4cf539739df2c5dacb4c659f2488d,0x6ff38f2815822e9907954592e095d85bec27d4e02c6bb515743728f747affead,2023-03-16 19:15:00
315,0x3041cbd36888becc7bbcbc0045e3b1f144466f5f,3195999999,3198035583,0x7a250d5630b4cf539739df2c5dacb4c659f2488d,0x59dcb9e3b2a5d8b3f79f9de46d61c6670b3e3468f81e09588dfcdda85a8e7a43,2023-03-16 19:09:00
316,0x3041cbd36888becc7bbcbc0045e3b1f144466f5f,3434000000,3442820769,0x7a250d5630b4cf539739df2c5dacb4c659f2488d,0xdd6ae9532845168a6fc1c617c250893b2242aff6f13abe9ae45e8d31e2c62c07,2023-03-16 19:09:00
317,0x3041cbd36888becc7bbcbc0045e3b1f144466f5f,2242999999,2244428602,0x7a250d5630b4cf539739df2c5dacb4c659f2488d,0x88cf9a531fbe25b97783e840b0377e063cc3c42f0e1c181a9671a888b0462d95,2023-03-16 19:04:00
318,0x3041cbd36888becc7bbcbc0045e3b1f144466f5f,447999999,447720522,0x7a250d5630b4cf539739df2c5dacb4c659f2488d,0xf78d971b54d47a5799f5d8d92f16fb2b716b8408d5718bd05d6841cfbdb76186,2023-03-16 19:04:00
319,0x3041cbd36888becc7bbcbc0045e3b1f144466f5f,1597000000,1595772473,0x7a250d5630b4cf539739df2c5dacb4c659f2488d,0x7819d2d37e1a373291c7197d70bd294a1d3a6a016a391ffe7e3ee4151904d616,2023-03-16 18:56:00
320,0x3041cbd36888becc7bbcbc0045e3b1f144466f5f,3901000000,3892340354,0x7a250d5630b4cf539739df2c5dacb4c659f2488d,0x8167714e1f1c8809f9e45d434255b1082f92b8665758960fc14a1543f23f9742,2023-03-16 18:48:00
321,0x3041cbd36888becc7bbcbc0045e3b1f144466f5f,2689999999,2685664637,0x7a250d5630b4cf539739df2c5dacb4c659f2488d,0x935a4b01d0c20f1713fdbf1f012ae25d61055abf0be9d4cfe6bc63f1b5747eed,2023-03-16 18:38:00
322,0x3041cbd36888becc7bbcbc0045e3b1f144466f5f,646000000,647148053,0x7a250d5630b4cf539739df2c5dacb4c659f2488d,0xf53c0f39b85e426ceeb4f4fc200e7100b59815cf1cb8ac8460757ac76da3d40e,2023-03-16 18:16:00
323,0x3041cbd36888becc7bbcbc0045e3b1f144466f5f,3134000000,3139569655,0x7a250d5630b4cf539739df2c5dacb4c659f2488d,0x2a96a9f5539d93105592be49fd3d4d71352fdf5e0329f14c6399f654cc67e6b5,2023-03-16 18:15:00
324,0x3041cbd36888becc7bbcbc0045e3b1f144466f5f,1890999999,1896962084,0x7a250d5630b4cf539739df2c5dacb4c659f2488d,0x8b1535ab8e6930f1150458e58de92c8db3961c034de7481099dc894259571806,2023-03-16 18:14:00
325,0x3041cbd36888becc7bbcbc0045e3b1f144466f5f,297999999,298170881,0x7a250d5630b4cf539739df2c5dacb4c659f2488d,0x4a3c9cc5ef7bf5ba4b2bec224b4ecc0f32cabfcd76c71b6bde7e635bc5a547c7,2023-03-16 18:13:00
326,0x3041cbd36888becc7bbcbc0045e3b1f144466f5f,4577000000,4591430704,0x7a250d5630b4cf539739df2c5dacb4c659f2488d,0x32f106db0377d24dff4f3cc17ea747a28c5216caf18cc3b4fbcde913d065560c,2023-03-16 18:13:00
327,0x3041cbd36888becc7bbcbc0045e3b1f144466f5f,298000000,298120780,0x7a250d5630b4cf539739df2c5dacb4c659f2488d,0x5968d527eaa3714f57c72064a92cc80480a5e9c4f9e5bd7f21538f0a37fe5550,2023-03-16 18:12:00
328,0x3041cbd36888becc7bbcbc0045e3b1f144466f5f,2241000000,2244410704,0x7a250d5630b4cf539739df2c5dacb4c659f2488d,0x0af656ece45b1aa199dafb88f5969dc1c10bdb284146e1f9b0102f9ebb652bb8,2023-03-16 18:11:00
329,0x3041cbd36888becc7bbcbc0045e3b1f144466f5f,597000000,597908608,0x7a250d5630b4cf539739df2c5dacb4c659f2488d,0x48e0a161cd18312b1ccc07261cffe1ffedb0f215052f3b180b21c827cfefad62,2023-03-16 18:11:00
330,0x3041cbd36888becc7bbcbc0045e3b1f144466f5f,2392999999,2393621373,0x7a250d5630b4cf539739df2c5dacb4c659f2488d,0xe7fea3ea07698cfd8b797a40cc35cd5e49c71932091dca04739419fba271475f,2023-03-16 18:10:00
331,0x3041cbd36888becc7bbcbc0045e3b1f144466f5f,1697000000,1695155681,0x7a250d5630b4cf539739df2c5dacb4c659f2488d,0x6237e6725236806728b78950ae2511c24da7b00c9361284cda44c75c491845b6,2023-03-16 18:09:00
332,0x3041cbd36888becc7bbcbc0045e3b1f144466f5f,1298000000,1295351469,0x7a250d5630b4cf539739df2c5dacb4c659f2488d,0xc488630a1ec2d00c0b7926a23ba5f807b91cb3312baaffb80d8ccaaea03efff9,2023-03-16 18:08:00
333,0x3041cbd36888becc7bbcbc0045e3b1f144466f5f,3248999999,3242370510,0x7a250d5630b4cf539739df2c5dacb4c659f2488d,0x687af4d746d7dc4a7f6c8b3dea3de1b2c6fa5cdbe60b4e4e53c6ceb1c14afcdb,2023-03-16 18:08:00
334,0x3041cbd36888becc7bbcbc0045e3b1f144466f5f,3236999999,3242875760,0x7a250d5630b4cf539739df2c5dacb4c659f2488d,0x31c27845557151d3f7d60af3e70f5923e8755e418e254a36ec5ab82a0e884b4e,2023-03-16 17:15:00
335,0x3041cbd36888becc7bbcbc0045e3b1f144466f5f,1641000000,1640981892,0x7a250d5630b4cf539739df2c5dacb4c659f2488d,0xb4d84da2d64e9a33d8b866736e27ce8ad27f8a06b8a07e6565b8d72f8bb795f8,2023-03-16 17:14:00
336,0x3041cbd36888becc7bbcbc0045e3b1f144466f5f,4079999999,4083078338,0x7a250d5630b4cf539739df2c5dacb4c659f2488d,0xb4090bb0b724647176f5e489eb9b75ba1ef44bad90dd9c404ed251edf55191fe,2023-03-16 17:13:00
337,0x3041cbd36888becc7bbcbc0045e3b1f144466f5f,4576000000,4591291062,0x7a250d5630b4cf539739df2c5dacb4c659f2488d,0xba04052c623199c8f8ab7d9c9cea72731be3d009e3602632627adb00bd2a1755,2023-03-16 17:13:00
338,0x3041cbd36888becc7bbcbc0045e3b1f144466f5f,3285999999,3288479269,0x7a250d5630b4cf539739df2c5dacb4c659f2488d,0x8a9b5cb788ee0e744ffce15cf25afebca5e42e6b6378a58043784a356b42cfb3,2023-03-16 17:12:00
339,0x3041cbd36888becc7bbcbc0045e3b1f144466f5f,946000000,946713752,0x7a250d5630b4cf539739df2c5dacb4c659f2488d,0xbc397b62033a2db8a330b8d2ed970dd9e60dde8b814cd85fd158b23fe628a5a5,2023-03-16 17:11:00
340,0x3041cbd36888becc7bbcbc0045e3b1f144466f5f,3339000000,3342299213,0x7a250d5630b4cf539739df2c5dacb4c659f2488d,0xc50c4781849c0f3425f585537255b85250820f4b0cdec75e590f1bb94be7479c,2023-03-16 17:10:00
341,0x3041cbd36888becc7bbcbc0045e3b1f144466f5f,2044000000,2042159791,0x7a250d5630b4cf539739df2c5dacb4c659f2488d,0x0849f8e9bb80bd5a43f32e8aa41ddb8c20170facdeb3a38102770029397d06b6,2023-03-16 17:09:00
342,0x3041cbd36888becc7bbcbc0045e3b1f144466f5f,698000000,697371592,0x7a250d5630b4cf539739df2c5dacb4c659f2488d,0x9c7f1b303d3e416134dded37d6b33e1ccdc4e97a8d0bcbc11017b1875a4f10c2,2023-03-16 17:07:00
343,0x3041cbd36888becc7bbcbc0045e3b1f144466f5f,349000000,348548057,0x7a250d5630b4cf539739df2c5dacb4c659f2488d,0x87d3a0db1ec5718f9a2bf648921c9d7c159e23dd16918306b2cf54a6d7eebb13,2023-03-16 17:06:00
344,0x3041cbd36888becc7bbcbc0045e3b1f144466f5f,349000000,348479191,0x7a250d5630b4cf539739df2c5dacb4c659f2488d,0xf6092cc0f21ceebb411e4ebfc9001c7243a2e4b70729232ab8e463502ecd4c6d,2023-03-16 17:05:00
345,0x3041cbd36888becc7bbcbc0045e3b1f144466f5f,248999999,248579286,0x7a250d5630b4cf539739df2c5dacb4c659f2488d,0xe97bab8a9a67fa8ae6ba197489384ad5b7f5e03a74b8f9920f298cde1aea6763,2023-03-16 17:05:00
346,0x3041cbd36888becc7bbcbc0045e3b1f144466f5f,498999999,498011221,0x7a250d5630b4cf539739df2c5dacb4c659f2488d,0x764b000e3b9495827b982904cdff2336c1c99a6627be678315a6f8410772b894,2023-03-16 16:36:00
347,0x3041cbd36888becc7bbcbc0045e3b1f144466f5f,4836000000,4841151197,0x7a250d5630b4cf539739df2c5dacb4c659f2488d,0x05233bbe9027d68d66c943e5e1e132a6365862104af5706a925fbbaa66f85591,2023-03-16 15:08:00
348,0x3041cbd36888becc7bbcbc0045e3b1f144466f5f,297999999,298367558,0x7a250d5630b4cf539739df2c5dacb4c659f2488d,0x3695ef83161451711ffa742cc62f90726427a8f7fe06d6e67fff803f375660d2,2023-03-16 15:08:00
349,0x3041cbd36888becc7bbcbc0045e3b1f144466f5f,1648000000,1645270180,0x7a250d5630b4cf539739df2c5dacb4c659f2488d,0xdf980c4fdac693c46bc074984a4524857e1fa407ac93fff5c04a85e812c28007,2023-03-16 15:07:00
350,0x3041cbd36888becc7bbcbc0045e3b1f144466f5f,1099000000,1096162447,0x7a250d5630b4cf539739df2c5dacb4c659f2488d,0x18fadc918000ecbdda919839f3c0c14f8d31b9a38737958f9df183dce52d44ca,2023-03-16 15:06:00
351,0x3041cbd36888becc7bbcbc0045e3b1f144466f5f,2952999999,2943553674,0x7a250d5630b4cf539739df2c5dacb4c659f2488d,0xdaf213191fcb257301d2bcac218f059e011669b4eb63aabfd1fb642ca902a2d2,2023-03-16 15:05:00
352,0x3041cbd36888becc7bbcbc0045e3b1f144466f5f,2406000000,2394321587,0x7a250d5630b4cf539739df2c5dacb4c659f2488d,0xd245af8f034a37bbccc5a1627b1be1a85933af0c3104994c3415c5799ccd10e3,2023-03-16 15:04:00
353,0x3041cbd36888becc7bbcbc0045e3b1f144466f5f,601999999,597958748,0x7a250d5630b4cf539739df2c5dacb4c659f2488d,0xfe1760f83eb77f8d2482043d82d30456f3001a9e10c722592ea55807e213faeb,2023-03-16 15:03:00
354,0x3041cbd36888becc7bbcbc0045e3b1f144466f5f,1355999999,1346440945,0x7a250d5630b4cf539739df2c5dacb4c659f2488d,0x3744362f9c99d23c5fb799f373699709bb1ab625c1c43c28b914fd20eb28a990,2023-03-16 15:02:00
355,0x3041cbd36888becc7bbcbc0045e3b1f144466f5f,249999999,248592993,0x7a250d5630b4cf539739df2c5dacb4c659f2488d,0xd16c1503a251d2f075984aa176b0cd9f4b4bcb616189656ee0f8b5a7a3888aac,2023-03-16 15:01:00
356,0x3041cbd36888becc7bbcbc0045e3b1f144466f5f,4578999999,4583008691,0x7a250d5630b4cf539739df2c5dacb4c659f2488d,0x7c6c457cafa077d1c42a2bac420200a33ccdc0adb62391712ec7f533c6df72b7,2023-03-16 14:16:00
357,0x3041cbd36888becc7bbcbc0045e3b1f144466f5f,2636999999,2639308565,0x7a250d5630b4cf539739df2c5dacb4c659f2488d,0xd7dfabc87ff70eb85cf10783aee520b2c469d752a6b99b8640ee623f2cdc432f,2023-03-16 14:15:00
358,0x3041cbd36888becc7bbcbc0045e3b1f144466f5f,397999999,398392725,0x7a250d5630b4cf539739df2c5dacb4c659f2488d,0xde04d7153c3e404b67f4df2938b971882ff48a153ad5b88654993af23b10d974,2023-03-16 14:14:00
359,0x3041cbd36888becc7bbcbc0045e3b1f144466f5f,2389999999,2391822090,0x7a250d5630b4cf539739df2c5dacb4c659f2488d,0x9ecd904d67fdc210faa3b041a81dbdd2bd2b1a4c84232e2a9df6720a579bb952,2023-03-16 14:14:00
360,0x3041cbd36888becc7bbcbc0045e3b1f144466f5f,3636000000,3638772017,0x7a250d5630b4cf539739df2c5dacb4c659f2488d,0xe351fb715d04dadc2a03814a90d43f2f923364b797f21821c0c4a32232ffebc4,2023-03-16 14:13:00
361,0x3041cbd36888becc7bbcbc0045e3b1f144466f5f,1194999999,1195911045,0x7a250d5630b4cf539739df2c5dacb4c659f2488d,0x27ef3288d234497879eabbfbf71702f08a058e5c7379404cc1f42b555a7a50e0,2023-03-16 14:12:00
362,0x3041cbd36888becc7bbcbc0045e3b1f144466f5f,2143000000,2143188725,0x7a250d5630b4cf539739df2c5dacb4c659f2488d,0xd1165a9940fb85b1a23455a91fbe4a8b12b72ad0c80dd86974fb1b9a8f7089fd,2023-03-16 14:11:00
363,0x3041cbd36888becc7bbcbc0045e3b1f144466f5f,4535000000,4535399378,0x7a250d5630b4cf539739df2c5dacb4c659f2488d,0x9d68de7ca4344a9209d84c287a27c31a9e3ef028cb35ee96ed160a6382d35853,2023-03-16 14:09:00
364,0x3041cbd36888becc7bbcbc0045e3b1f144466f5f,4690999999,4691413116,0x7a250d5630b4cf539739df2c5dacb4c659f2488d,0x33bd339b76dbeda94e601b2df09bc36b8de84ef5e3bc0be6f9efc27c198490c3,2023-03-16 14:07:00
365,0x3041cbd36888becc7bbcbc0045e3b1f144466f5f,3602000000,3592781469,0x7a250d5630b4cf539739df2c5dacb4c659f2488d,0x8572752b11006d81387e84a73d8b76ef40b0d20cfeaeb44eb10089f152c31ebe,2023-03-16 14:07:00
366,0x3041cbd36888becc7bbcbc0045e3b1f144466f5f,2405000000,2393968929,0x7a250d5630b4cf539739df2c5dacb4c659f2488d,0x40811011571ec9cde69b951f2c16a63071fd067fcd73f53a666edf4a76500fc4,2023-03-16 14:06:00
367,0x3041cbd36888becc7bbcbc0045e3b1f144466f5f,802000000,797237625,0x7a250d5630b4cf539739df2c5dacb4c659f2488d,0x225ace798e79924cbfa0da93807fa2ffbf3fee963f65329cde378ebb38eee6bc,2023-03-16 14:05:00
368,0x3041cbd36888becc7bbcbc0045e3b1f144466f5f,2557726213,2541386210,0x7a250d5630b4cf539739df2c5dacb4c659f2488d,0xf0d8e9321bea9fa4f7f0849268b7cf4d920c4c5032565662d02c97e66b8c5b18,2023-03-16 14:03:00
369,0x3041cbd36888becc7bbcbc0045e3b1f144466f5f,2450000000,2434348204,0x7a250d5630b4cf539739df2c5dacb4c659f2488d,0xe9cefb66ffa9ff610d769b17767e6247ae9b9364c836cca6ef997f78a0a1d366,2023-03-16 14:03:00
370,0x3041cbd36888becc7bbcbc0045e3b1f144466f5f,3884000000,3859187112,0x7a250d5630b4cf539739df2c5dacb4c659f2488d,0xbbb7f262a8cab524feca2d07558c691e6131a335d1932e179343280a7840d352,2023-03-16 14:03:00
371,0x3041cbd36888becc7bbcbc0045e3b1f144466f5f,2340000000,2325050937,0x7a250d5630b4cf539739df2c5dacb4c659f2488d,0xe15cb3efa75763da94ccd2e9c882c07d0fd751c649e2a06d497b855edf220b96,2023-03-16 14:03:00
372,0x3041cbd36888becc7bbcbc0045e3b1f144466f5f,2444999999,2429678356,0x7a250d5630b4cf539739df2c5dacb4c659f2488d,0x3a9fb03f5c69f9effc8b2e6688387359358f9283b2d7dbcc92a14e0773d8a9ed,2023-03-16 14:02:00
373,0x3041cbd36888becc7bbcbc0045e3b1f144466f5f,601000000,597437509,0x7a250d5630b4cf539739df2c5dacb4c659f2488d,0x987a43284927d614e80299dad415d3b19127ac7f0191696b9361fb9e9e54eb0a,2023-03-16 14:02:00
374,0x3041cbd36888becc7bbcbc0045e3b1f144466f5f,4828000000,4827869049,0x7a250d5630b4cf539739df2c5dacb4c659f2488d,0x6fc7398018892226af74db7b2388db6bb7c3c3985a82282f19083e8fa36da8ac,2023-03-16 12:38:00
375,0x3041cbd36888becc7bbcbc0045e3b1f144466f5f,4674999999,4674974549,0x7a250d5630b4cf539739df2c5dacb4c659f2488d,0x0810d5809304562b487ed9cb5ff99837e41c0b04a16e146a27850ef548e25341,2023-03-16 12:37:00
376,0x3041cbd36888becc7bbcbc0045e3b1f144466f5f,4231000000,4229262968,0x7a250d5630b4cf539739df2c5dacb4c659f2488d,0xaec5b216ef1e1cb3365cfd02add97d83affb7f31fa701bae714af13eb31628cb,2023-03-16 12:36:00
377,0x3041cbd36888becc7bbcbc0045e3b1f144466f5f,2191999999,2193826164,0x7a250d5630b4cf539739df2c5dacb4c659f2488d,0xc604a5c7da02f258a7efb8403de187a89d80b4ba2c3390bca16d3999cff9dccf,2023-03-16 12:36:00
378,0x3041cbd36888becc7bbcbc0045e3b1f144466f5f,1299000000,1296524800,0x7a250d5630b4cf539739df2c5dacb4c659f2488d,0xf4f0c0db2c456d0537cbd612009f2255a430e875e5cb627976af650fe719441c,2023-03-16 12:35:00
379,0x3041cbd36888becc7bbcbc0045e3b1f144466f5f,2503999999,2493920671,0x7a250d5630b4cf539739df2c5dacb4c659f2488d,0xaa4e416f049cf4f7c305517f06f9f1eb04fbe553e3da01a9530fc95fa9fe2818,2023-03-16 12:33:00
380,0x3041cbd36888becc7bbcbc0045e3b1f144466f5f,347999999,345409853,0x7a250d5630b4cf539739df2c5dacb4c659f2488d,0x0ab0adc3bbc39454ea0bd822236ab9b1aaa591ce4f875116ee0d4cf0c4273e75,2023-03-16 12:31:00
381,0x3041cbd36888becc7bbcbc0045e3b1f144466f5f,1544000000,1545727019,0x7a250d5630b4cf539739df2c5dacb4c659f2488d,0xf5810726af2af6d0f1f179fabc3ee6489da13e7d5e953f83f3446b8e961f39ea,2023-03-16 12:30:00
382,0x3041cbd36888becc7bbcbc0045e3b1f144466f5f,1742999999,1744949607,0x7a250d5630b4cf539739df2c5dacb4c659f2488d,0x713dc2518940dc4087aee74f66afa01ad6723f4b391c26bcb2c10947286eacc8,2023-03-16 12:29:00
383,0x3041cbd36888becc7bbcbc0045e3b1f144466f5f,4574000000,4574594764,0x7a250d5630b4cf539739df2c5dacb4c659f2488d,0xeec3132c8ed8d6e5fe2480aeb7e24c63cd4cdfd40d6ec26a042d579d78bfc5c0,2023-03-16 12:27:00
384,0x3041cbd36888becc7bbcbc0045e3b1f144466f5f,4928999999,4941648969,0x7a250d5630b4cf539739df2c5dacb4c659f2488d,0x6ee44459134aafdcf8f52a037d3ec497f7da24f826664ae9ca9acb4e6b89c85c,2023-03-16 12:26:00
385,0x3041cbd36888becc7bbcbc0045e3b1f144466f5f,4926000000,4924826996,0x7a250d5630b4cf539739df2c5dacb4c659f2488d,0x68a12a392b6d6a842fc00ba7c8c4da70bae5092740469ecf6f173f454137d66e,2023-03-16 12:25:00
386,0x3041cbd36888becc7bbcbc0045e3b1f144466f5f,2788000000,2790723276,0x7a250d5630b4cf539739df2c5dacb4c659f2488d,0x3799520ff36708df561495448f3beabc55dc64090a1be89e6184678447d9777d,2023-03-16 12:25:00
387,0x3041cbd36888becc7bbcbc0045e3b1f144466f5f,1693999999,1695654673,0x7a250d5630b4cf539739df2c5dacb4c659f2488d,0x79b0375aef7bd555d884e0c1c294f350b4351a59c61650e4c0208b0c1cd86dff,2023-03-16 12:24:00
388,0x3041cbd36888becc7bbcbc0045e3b1f144466f5f,3287999999,3288224215,0x7a250d5630b4cf539739df2c5dacb4c659f2488d,0xa241f82302e4734e46d926ef5d5ae2e409924d0371ce6eb2a7b416dd931eb4e8,2023-03-16 12:23:00
389,0x3041cbd36888becc7bbcbc0045e3b1f144466f5f,647999999,648044188,0x7a250d5630b4cf539739df2c5dacb4c659f2488d,0xf3ee727b497531f2a390f33eaeeeb57b3a13b8896bc80c63be9fe409cf550fdc,2023-03-16 12:22:00
390,0x3041cbd36888becc7bbcbc0045e3b1f144466f5f,4787000000,4785558059,0x7a250d5630b4cf539739df2c5dacb4c659f2488d,0xb2dd75e1b6a19d316b19b45229b537a4a6a5a5603120fb8794c3b3b543ad427e,2023-03-16 12:21:00
391,0x3041cbd36888becc7bbcbc0045e3b1f144466f5f,1247000000,1246896211,0x7a250d5630b4cf539739df2c5dacb4c659f2488d,0x0d1de402f2a2dfd84f2bda4dda05b0ddfe3e0d2d18e67960eda0a68492e5e439,2023-03-16 12:18:00
392,0x3041cbd36888becc7bbcbc0045e3b1f144466f5f,3543000000,3542705112,0x7a250d5630b4cf539739df2c5dacb4c659f2488d,0x103f81b224a4a873c36e674d4a289b775e00e09ce5abce551892c2b5b74fc95e,2023-03-16 12:17:00
393,0x3041cbd36888becc7bbcbc0045e3b1f144466f5f,4752000000,4741995529,0x7a250d5630b4cf539739df2c5dacb4c659f2488d,0x33c8ba3a9dc158861ec1c75b3a6d5e34ffeb21d0bf3e3f9fa8f78a61ba16cac2,2023-03-16 12:16:00
394,0x3041cbd36888becc7bbcbc0045e3b1f144466f5f,1351999999,1345494994,0x7a250d5630b4cf539739df2c5dacb4c659f2488d,0x5e4fa0b46367f912ea2b94030ac5c55bf04c8962d2d74d539d33429ea7c6b2aa,2023-03-16 12:15:00
395,0x3041cbd36888becc7bbcbc0045e3b1f144466f5f,249999999,248768132,0x7a250d5630b4cf539739df2c5dacb4c659f2488d,0xae0d0bca05927c76ac934ad0887afe7fdc717878b1ca5ad5ac52b78461b22f34,2023-03-16 12:13:00
396,0x3041cbd36888becc7bbcbc0045e3b1f144466f5f,1146999999,1146348886,0x7a250d5630b4cf539739df2c5dacb4c659f2488d,0xbf5f4d45863d384442dbd45a9c65a63efd75723f9f67144b71349ca6f3eb9277,2023-03-16 10:18:00
397,0x3041cbd36888becc7bbcbc0045e3b1f144466f5f,2947000000,2943431000,0x7a250d5630b4cf539739df2c5dacb4c659f2488d,0x9ab46a78bf27c062ce63c837b36f8408353d904d7ecf91e19e0e81f7791633ae,2023-03-16 10:18:00
398,0x3041cbd36888becc7bbcbc0045e3b1f144466f5f,750000000,747853554,0x7a250d5630b4cf539739df2c5dacb4c659f2488d,0xa3bceb66f8a43efd658cdb6d6532f13293a22fd5e67f8bd0459171a18512b8f9,2023-03-16 10:17:00
399,0x3041cbd36888becc7bbcbc0045e3b1f144466f5f,4385999999,4391728277,0x7a250d5630b4cf539739df2c5dacb4c659f2488d,0x2652222daf436c27a23647cf57c38ba21cff69cdc949c0ae7b6fd7b9b5cd297d,2023-03-16 09:00:00
400,0x3041cbd36888becc7bbcbc0045e3b1f144466f5f,399000000,398538603,0x7a250d5630b4cf539739df2c5dacb4c659f2488d,0x6e8836ea309c7ee80a674cf7de7b0723d6d7bd51147455cb4fa6f125be9da836,2023-03-16 09:00:00
401,0x3041cbd36888becc7bbcbc0045e3b1f144466f5f,1497330057,1495263569,0x7a250d5630b4cf539739df2c5dacb4c659f2488d,0xb6c4ff44be125c91c2392f96495c2ab71c324915acfd587900e17ffd94a69a9f,2023-03-16 08:59:00
402,0x3041cbd36888becc7bbcbc0045e3b1f144466f5f,3000999999,2993000363,0x7a250d5630b4cf539739df2c5dacb4c659f2488d,0x1ace65118b9620e165201d2be6958a6506fef602ea43c58cdf8cc64b4ac83221,2023-03-16 08:58:00
403,0x3041cbd36888becc7bbcbc0045e3b1f144466f5f,1801000000,1793176675,0x7a250d5630b4cf539739df2c5dacb4c659f2488d,0x0b94d0461270f6bf3ce17ede013788aa9a341f6785a200aaa1e7d413262876ed,2023-03-16 08:57:00
404,0x3041cbd36888becc7bbcbc0045e3b1f144466f5f,636691951,635556400,0x7a250d5630b4cf539739df2c5dacb4c659f2488d,0xc6f16260868c23f6dc4fc88d4e39fcbcd68488e790318c5e318cd5cb353622b4,2023-03-16 08:09:00
405,0x3041cbd36888becc7bbcbc0045e3b1f144466f5f,249643357011,249198114089,0x7a250d5630b4cf539739df2c5dacb4c659f2488d,0xa71004ebca0f2a06eabc860d7d85367eaa0911faac6acb92e67b3d68ffa2a407,2023-03-16 08:07:00
406,0x3041cbd36888becc7bbcbc0045e3b1f144466f5f,2492999999,2493978297,0x7a250d5630b4cf539739df2c5dacb4c659f2488d,0x076d390d4fba149977ee8f4d013c8e6c1bb44cb97dc205d15914cf200e1b108e,2023-03-16 07:27:00
407,0x3041cbd36888becc7bbcbc0045e3b1f144466f5f,2803000000,2793267513,0x7a250d5630b4cf539739df2c5dacb4c659f2488d,0x46b79541c8728d47e95a446470b8bd06f4a322ada3b9cc858c3c9068ebc090bd,2023-03-16 07:13:00
408,0x3041cbd36888becc7bbcbc0045e3b1f144466f5f,4644999999,4641871721,0x7a250d5630b4cf539739df2c5dacb4c659f2488d,0x93bcc2e27e3463587464d0420d3e08e195198abd56c5e71b6b1f2cac24e356af,2023-03-16 07:13:00
409,0x3041cbd36888becc7bbcbc0045e3b1f144466f5f,249999999,248710766,0x7a250d5630b4cf539739df2c5dacb4c659f2488d,0x0edc68478dc213bf601f6e8525b1e546e5ecfba12a3f096b82a0e1d5353fb28b,2023-03-16 07:12:00
410,0x3041cbd36888becc7bbcbc0045e3b1f144466f5f,701999999,698023457,0x7a250d5630b4cf539739df2c5dacb4c659f2488d,0xeeca15609da3f07d31e060cc853b5597b205414ee13690b26f4973d68d6322e4,2023-03-16 06:54:00
411,0x3041cbd36888becc7bbcbc0045e3b1f144466f5f,400999999,398559685,0x7a250d5630b4cf539739df2c5dacb4c659f2488d,0x39f55092c415db846be9d5115fda75a9133a2d06c9a55f70591affaf499007ca,2023-03-16 06:53:00
412,0x3041cbd36888becc7bbcbc0045e3b1f144466f5f,4994999999,4991870053,0x7a250d5630b4cf539739df2c5dacb4c659f2488d,0x36263aa2d84b8116239802d0f9540db1da487cfba32efb82da2599e02ddb96a7,2023-03-16 06:32:00
413,0x3041cbd36888becc7bbcbc0045e3b1f144466f5f,249999999,249041002,0x7a250d5630b4cf539739df2c5dacb4c659f2488d,0x3cc2f942fde976b072fe4eacc47b96cf9e785c52f3c559297db06e52c761c2d8,2023-03-16 06:08:00
414,0x3041cbd36888becc7bbcbc0045e3b1f144466f5f,90519909635,90307953216,0x7a250d5630b4cf539739df2c5dacb4c659f2488d,0x585db03a2627ad484c364237719bcf0e6d690539c072b6d622ef9f9b2f0ce1cd,2023-03-16 03:12:00
415,0x3041cbd36888becc7bbcbc0045e3b1f144466f5f,1548999999,1545761645,0x7a250d5630b4cf539739df2c5dacb4c659f2488d,0x23b2e89e9aea403e95daa47ed560ac833cafaedf73f18956c62efa0169d5e24c,2023-03-16 02:46:00
416,0x3041cbd36888becc7bbcbc0045e3b1f144466f5f,3841000000,3843004030,0x7a250d5630b4cf539739df2c5dacb4c659f2488d,0x0bc8f3932b1c20db105706a439d89bdd0c90fd590c603051f839d3c3070bcfb6,2023-03-16 02:12:00
417,0x3041cbd36888becc7bbcbc0045e3b1f144466f5f,1197999999,1195769988,0x7a250d5630b4cf539739df2c5dacb4c659f2488d,0x06ec256dd997dd7d368db2a2a2b3aeaacbf063b681d916f7b0f4b1396d9d63aa,2023-03-16 02:11:00
418,0x3041cbd36888becc7bbcbc0045e3b1f144466f5f,2548101768,2543881042,0x7a250d5630b4cf539739df2c5dacb4c659f2488d,0x7730a9d7bcfc06472da7fb696557651e0afb6b8d844a13953d240e5cd13fcd0f,2023-03-16 02:00:00
419,0x3041cbd36888becc7bbcbc0045e3b1f144466f5f,499999999,498011043,0x7a250d5630b4cf539739df2c5dacb4c659f2488d,0xb3a947463d57769a4f08b74ac3375d85914b53b6a99c9da6d31c41cb60b1d0a5,2023-03-16 01:59:00
420,0x3041cbd36888becc7bbcbc0045e3b1f144466f5f,3208000000,3193465376,0x7a250d5630b4cf539739df2c5dacb4c659f2488d,0x828dc4da40aa676328b6d1472133065cc4accbf7fe92bcfd77de7c4856e642a7,2023-03-16 01:46:00
421,0x3041cbd36888becc7bbcbc0045e3b1f144466f5f,2798000000,2793238547,0x7a250d5630b4cf539739df2c5dacb4c659f2488d,0x98a8aad3be5c1ddd9b777d69dd1b827ca5527f733f3f2979bdac0a93f48e7473,2023-03-15 20:58:00
422,0x3041cbd36888becc7bbcbc0045e3b1f144466f5f,4342999999,4342668990,0x7a250d5630b4cf539739df2c5dacb4c659f2488d,0x1f7cadd208ccd7d51b867e81cb3d5831e7fe07cc62b145f5e148d32e257c9b8e,2023-03-15 20:10:00
423,0x3041cbd36888becc7bbcbc0045e3b1f144466f5f,2050000000,2044321399,0x7a250d5630b4cf539739df2c5dacb4c659f2488d,0xc4208c1f33183013f7ae8a3ffec897c389919224f2794b1e229fe29f142a678d,2023-03-15 20:09:00
424,0x3041cbd36888becc7bbcbc0045e3b1f144466f5f,3909000000,3893211142,0x7a250d5630b4cf539739df2c5dacb4c659f2488d,0x9a7e5ebdab5a0e06e07e5f80d6ffbb1b59b361db6370989509790b333b9271a0,2023-03-15 19:56:00
425,0x3041cbd36888becc7bbcbc0045e3b1f144466f5f,1801000000,1795152326,0x7a250d5630b4cf539739df2c5dacb4c659f2488d,0x27b89a24311ff4f0a244588209f4f84e3edc4e21e08c9c8fd3cbe9a17b499714,2023-03-15 19:28:00
426,0x3041cbd36888becc7bbcbc0045e3b1f144466f5f,1943999999,1944699090,0x7a250d5630b4cf539739df2c5dacb4c659f2488d,0xe2468ff3aaf869b021be31725a79c4ca6cb98cd88cfe192a1ea5dd5d372e4a2c,2023-03-15 19:22:00
427,0x3041cbd36888becc7bbcbc0045e3b1f144466f5f,299000000,298746372,0x7a250d5630b4cf539739df2c5dacb4c659f2488d,0x5e3addf9a25b89b024b48a61638cfa12e1a0c0326f29ef1274c63b32b303b007,2023-03-15 19:21:00
428,0x3041cbd36888becc7bbcbc0045e3b1f144466f5f,3894999999,3892060330,0x7a250d5630b4cf539739df2c5dacb4c659f2488d,0x80ddfbd4d6da57709e884c508f8cb0f2e4115918169b1da5702a2d9d94b6d06d,2023-03-15 19:16:00
429,0x3041cbd36888becc7bbcbc0045e3b1f144466f5f,3395999999,3392673728,0x7a250d5630b4cf539739df2c5dacb4c659f2488d,0xed08421a8a62222b81a0720ff2c4028ad3e54c7aa76a5b02bf66d5abe0b1de02,2023-03-15 19:08:00
430,0x3041cbd36888becc7bbcbc0045e3b1f144466f5f,2639999999,2631851398,0x7a250d5630b4cf539739df2c5dacb4c659f2488d,0x6c63e6777aa59efd8df54541b39acea4b76b2eb9daa36f9be90b8e5bd75f32a7,2023-03-15 19:07:00
431,0x3041cbd36888becc7bbcbc0045e3b1f144466f5f,896999999,897115706,0x7a250d5630b4cf539739df2c5dacb4c659f2488d,0x33eba6d56c9ecefe1a921072d542cb3c24cd893a69bf069ab6fd6ded1c9b75a3,2023-03-15 18:53:00
432,0x3041cbd36888becc7bbcbc0045e3b1f144466f5f,4090999999,4092435465,0x7a250d5630b4cf539739df2c5dacb4c659f2488d,0xf7cd5cdd66bb205074990bc1edea860fec837fa21a4106f621700c08536a6207,2023-03-15 18:48:00
433,0x3041cbd36888becc7bbcbc0045e3b1f144466f5f,2503000000,2493630575,0x7a250d5630b4cf539739df2c5dacb4c659f2488d,0xd37d5e95477e6d07f5d89e373f7c6a8648e46ab9af66922cb4bc868127480ee3,2023-03-15 18:47:00
434,0x3041cbd36888becc7bbcbc0045e3b1f144466f5f,2498999999,2493520447,0x7a250d5630b4cf539739df2c5dacb4c659f2488d,0x33f581e013c6eb44bfffe6c8684956abca1fe5a38a21ed64ef101c62e52f08e8,2023-03-15 18:47:00
435,0x3041cbd36888becc7bbcbc0045e3b1f144466f5f,400000000,397882457,0x7a250d5630b4cf539739df2c5dacb4c659f2488d,0x0c4cd744084301080837f64149a3e867b5945357bbab6118958df7b71dc7d7ed,2023-03-15 18:45:00
436,0x3041cbd36888becc7bbcbc0045e3b1f144466f5f,752000000,747832514,0x7a250d5630b4cf539739df2c5dacb4c659f2488d,0x2fcac9d38bc569299a06506440aeb8fb23999c46b0849c8bbd3113472263c136,2023-03-15 18:44:00
437,0x3041cbd36888becc7bbcbc0045e3b1f144466f5f,2454000000,2444432091,0x7a250d5630b4cf539739df2c5dacb4c659f2488d,0x456934c7dfeaf11c1dcb1c6b9ff9cbed677ede823fe5af2484e8b8030a4d4267,2023-03-15 18:36:00
438,0x3041cbd36888becc7bbcbc0045e3b1f144466f5f,2293000000,2291590412,0x7a250d5630b4cf539739df2c5dacb4c659f2488d,0x6dccd522bcd07503ddaa37df6897f5596263b95ed9408331e2ce66b7ee9e65fa,2023-03-15 18:16:00
439,0x3041cbd36888becc7bbcbc0045e3b1f144466f5f,1497000000,1496079741,0x7a250d5630b4cf539739df2c5dacb4c659f2488d,0xd3924585b4d422eee274583b5ebe5400f99ff3d97b5708f328e1c8ae035063cd,2023-03-15 18:15:00
440,0x3041cbd36888becc7bbcbc0045e3b1f144466f5f,2742999999,2743207358,0x7a250d5630b4cf539739df2c5dacb4c659f2488d,0xa3fc6cb720f3c2f0021ee41d9e9449be48372d303a1434f5ad27744ae42159fd,2023-03-15 17:45:00
441,0x3041cbd36888becc7bbcbc0045e3b1f144466f5f,1347999999,1345805323,0x7a250d5630b4cf539739df2c5dacb4c659f2488d,0xf7e8cc89b8233a007a500da387fc2ebeb873f921dd3aee23875cbc34617edbbd,2023-03-15 17:44:00
442,0x3041cbd36888becc7bbcbc0045e3b1f144466f5f,1946000000,1944445685,0x7a250d5630b4cf539739df2c5dacb4c659f2488d,0x1cc55501dae6eaaad5a5bac42e4a9f8724a4e560e1a2234c96bf81e435e746e1,2023-03-15 17:27:00
443,0x3041cbd36888becc7bbcbc0045e3b1f144466f5f,3198999999,3192583903,0x7a250d5630b4cf539739df2c5dacb4c659f2488d,0x94c4c1402099dc8b86c55beb2ac70abf18532ffca95617a76d72d82adfd29ac0,2023-03-15 17:26:00
444,0x3041cbd36888becc7bbcbc0045e3b1f144466f5f,3805000000,3792880467,0x7a250d5630b4cf539739df2c5dacb4c659f2488d,0xbe923ab3d1edbc45cf29aafce2f898eb2ac7694ffe5d3ab67a48b1b76ad39baf,2023-03-15 17:06:00
445,0x3041cbd36888becc7bbcbc0045e3b1f144466f5f,4932999999,4932213758,0x7a250d5630b4cf539739df2c5dacb4c659f2488d,0x5ecf295175e2f86a6a4e6d934549d81c8d82f7623827a6762ff77f0ce343aa5e,2023-03-15 16:33:00
446,0x3041cbd36888becc7bbcbc0045e3b1f144466f5f,2901999999,2893074954,0x7a250d5630b4cf539739df2c5dacb4c659f2488d,0xe068072d1428615760cfa50ff48b5feb66f205d13307055c02d9ae9fef5cf3c0,2023-03-15 16:32:00
447,0x3041cbd36888becc7bbcbc0045e3b1f144466f5f,4692999999,4692252010,0x7a250d5630b4cf539739df2c5dacb4c659f2488d,0x5a433770cfa3da6d485e489e60725d0f84c34c25c20fd09f05bd82706959032d,2023-03-15 16:32:00
448,0x3041cbd36888becc7bbcbc0045e3b1f144466f5f,3293000000,3292293587,0x7a250d5630b4cf539739df2c5dacb4c659f2488d,0x50fbfc80d79a1b3ed7bc500d37ad48407d391227d2f28c2c2224478050c4885a,2023-03-15 15:29:00
449,0x3041cbd36888becc7bbcbc0045e3b1f144466f5f,4739000000,4737983392,0x7a250d5630b4cf539739df2c5dacb4c659f2488d,0xc8bcb2e4bc8d0b0e3d6fd2748ca1efb64df42881d7b783ba2032d63b12c1212a,2023-03-15 15:28:00
450,0x3041cbd36888becc7bbcbc0045e3b1f144466f5f,3902000000,3892859427,0x7a250d5630b4cf539739df2c5dacb4c659f2488d,0xae13bb36f755ca78f68e7dad776041568195de3289c7498e206c1ed936844389,2023-03-15 15:27:00
451,0x3041cbd36888becc7bbcbc0045e3b1f144466f5f,4097000000,4077493823,0x7a250d5630b4cf539739df2c5dacb4c659f2488d,0xeed97075ccadf481aa1ec084ca4a0cd3bb5d0578d04b05817981642c4a3de953,2023-03-15 15:26:00
452,0x3041cbd36888becc7bbcbc0045e3b1f144466f5f,3503000000,3493014836,0x7a250d5630b4cf539739df2c5dacb4c659f2488d,0x41e1a4a8d8714ba1f0a2f9de10221c6c50c13aa7f7003d42da19e8d301f415ec,2023-03-15 15:06:00
453,0x3041cbd36888becc7bbcbc0045e3b1f144466f5f,3359999999,3343113729,0x7a250d5630b4cf539739df2c5dacb4c659f2488d,0x689b2bb4bc01404783cff4e7511fafc939ccda7cf9def9492b34df74db13005b,2023-03-15 15:05:00
454,0x3041cbd36888becc7bbcbc0045e3b1f144466f5f,3701000000,3692576172,0x7a250d5630b4cf539739df2c5dacb4c659f2488d,0xa2204a8365e46b9172e321d0dd988de863ddb87d391085b69730b34b3863642b,2023-03-15 14:37:00
455,0x3041cbd36888becc7bbcbc0045e3b1f144466f5f,2755999999,2743403563,0x7a250d5630b4cf539739df2c5dacb4c659f2488d,0x9930d676267c88d51bf163cc19ea292a9d2282ff4b083d7ab99d52ce254671fb,2023-03-15 14:36:00
456,0x3041cbd36888becc7bbcbc0045e3b1f144466f5f,350999999,348797251,0x7a250d5630b4cf539739df2c5dacb4c659f2488d,0x7ebc0cebde88e6628d320457ccdb551f039879cc58f742f25102f1583c602976,2023-03-15 14:33:00
457,0x3041cbd36888becc7bbcbc0045e3b1f144466f5f,4191000000,4185698192,0x7a250d5630b4cf539739df2c5dacb4c659f2488d,0x8e54d6f8847c95f3ab260fee9150556968e85839d86bed47e83e417c9bf2514e,2023-03-15 14:00:00
458,0x3041cbd36888becc7bbcbc0045e3b1f144466f5f,2499000000,2494290235,0x7a250d5630b4cf539739df2c5dacb4c659f2488d,0xa553b9357e55f30bded5e568d2ee6ec3b685cab673907a9a1c894c4b277bc577,2023-03-15 13:59:00
459,0x3041cbd36888becc7bbcbc0045e3b1f144466f5f,997999999,996737484,0x7a250d5630b4cf539739df2c5dacb4c659f2488d,0xa70fe809c7458d44b5206b836b5e405a7bb1dbf6fbdd5ec1c3da184a2b4a8750,2023-03-15 13:59:00
460,0x3041cbd36888becc7bbcbc0045e3b1f144466f5f,798999999,798979290,0x7a250d5630b4cf539739df2c5dacb4c659f2488d,0x58e2bfd01046fdc8ef15f152cf03ed1cf8c40b0ffd182d64ee0b6b47bc373fe7,2023-03-15 13:24:00
461,0x3041cbd36888becc7bbcbc0045e3b1f144466f5f,4845999999,4834464996,0x7a250d5630b4cf539739df2c5dacb4c659f2488d,0x794670546c230e6f8278ccea37311c9418366d14ed011f480821878ecb6bf4cd,2023-03-15 13:23:00
462,0x3041cbd36888becc7bbcbc0045e3b1f144466f5f,799000000,797098129,0x7a250d5630b4cf539739df2c5dacb4c659f2488d,0x2d37ed40c431ac63cad67a68243f21a6bc10051bed8f8bcfc62444f482da8f28,2023-03-15 13:22:00
463,0x3041cbd36888becc7bbcbc0045e3b1f144466f5f,1748999999,1743969016,0x7a250d5630b4cf539739df2c5dacb4c659f2488d,0x27c986f8e5493eede116c81450b8e3e5afc4e6ddfab990fbd7f45ea62a0cbffd,2023-03-15 13:22:00
464,0x3041cbd36888becc7bbcbc0045e3b1f144466f5f,4196999999,4192464130,0x7a250d5630b4cf539739df2c5dacb4c659f2488d,0x8172534f4ea8c3ca11c44cab155aefd4a567c76a140769b1ed0cf2fb8ec2aa68,2023-03-15 13:21:00
465,0x3041cbd36888becc7bbcbc0045e3b1f144466f5f,1151000000,1146751868,0x7a250d5630b4cf539739df2c5dacb4c659f2488d,0x438874109189098a3f397c7f20ac552c5fc6176720d4172d197ca8581b03a4fc,2023-03-15 13:20:00
466,0x3041cbd36888becc7bbcbc0045e3b1f144466f5f,4915000000,4891975039,0x7a250d5630b4cf539739df2c5dacb4c659f2488d,0xd7d3a5bc6cd5264c8cf23888893939f82ac77b7a5ce0c2d6a2881585ed3a592c,2023-03-15 13:19:00
467,0x3041cbd36888becc7bbcbc0045e3b1f144466f5f,450000000,448017686,0x7a250d5630b4cf539739df2c5dacb4c659f2488d,0x35c47e60373efd8f76962d683b53045c327a0d7f4a8ff6c5dd682444b68fe1f8,2023-03-15 13:19:00
468,0x3041cbd36888becc7bbcbc0045e3b1f144466f5f,251000000,249059755,0x7a250d5630b4cf539739df2c5dacb4c659f2488d,0x2822b1253a77dbd1ec2b4c8ce91d0cdc724b661c85effb72890325179b983dd7,2023-03-15 13:18:00
469,0x3041cbd36888becc7bbcbc0045e3b1f144466f5f,1950000000,1942866857,0x7a250d5630b4cf539739df2c5dacb4c659f2488d,0x9bdd2d738acf57d99feaeeb9a5a9ebfb9e928dbae46a6a215561f5e9364879f0,2023-03-15 12:35:00
470,0x3041cbd36888becc7bbcbc0045e3b1f144466f5f,2305000000,2296912194,0x7a250d5630b4cf539739df2c5dacb4c659f2488d,0x2fed085551f078d407cd2731b29d82f3b2ec7bc32c9176310ccf9de2dc4c1fe8,2023-03-15 12:34:00
471,0x3041cbd36888becc7bbcbc0045e3b1f144466f5f,802000000,799185934,0x7a250d5630b4cf539739df2c5dacb4c659f2488d,0x378c0f194aea5a7343fbde88401fb88ab7238de0cb5eb3b2f68b72b3bcc5972a,2023-03-15 12:33:00
472,0x3041cbd36888becc7bbcbc0045e3b1f144466f5f,2751999999,2743144426,0x7a250d5630b4cf539739df2c5dacb4c659f2488d,0xba77d03f96b7d2dfc0fb69e3c4f4f797cb5344186a86d04dad01d25a8acbcfaf,2023-03-15 12:32:00
473,0x3041cbd36888becc7bbcbc0045e3b1f144466f5f,801000000,797055064,0x7a250d5630b4cf539739df2c5dacb4c659f2488d,0xfd254a7d9a656214baaf4d965506e5068462e71d178a2f6df53b7b276ba89369,2023-03-15 12:31:00
474,0x3041cbd36888becc7bbcbc0045e3b1f144466f5f,4652999999,4633849504,0x7a250d5630b4cf539739df2c5dacb4c659f2488d,0x655455ab792748b5156623b9edf0e44a36395250e752b1dd60f4c61bc152e060,2023-03-15 12:30:00
475,0x3041cbd36888becc7bbcbc0045e3b1f144466f5f,1949999999,1940396222,0x7a250d5630b4cf539739df2c5dacb4c659f2488d,0x4ef3193d1f257a148696816f1e3cff170d2c4f2b84db51fcc52bd1ff6e5822bd,2023-03-15 12:30:00
476,0x3041cbd36888becc7bbcbc0045e3b1f144466f5f,850999999,847497513,0x7a250d5630b4cf539739df2c5dacb4c659f2488d,0xebea3eb6d92b7469ecb778c4105acb79886fa043070f2172cbee2a6dd543cb7b,2023-03-15 12:29:00
477,0x3041cbd36888becc7bbcbc0045e3b1f144466f5f,400000000,398353708,0x7a250d5630b4cf539739df2c5dacb4c659f2488d,0x138d9c61400bfc615c29e2e0beffbf282143d15c98775d718fb11df585b9799d,2023-03-15 12:29:00
478,0x3041cbd36888becc7bbcbc0045e3b1f144466f5f,2292999999,2283562629,0x7a250d5630b4cf539739df2c5dacb4c659f2488d,0x99d7b01d1f02eeceb37ee0f00c1133fc4d9381c14b03e0555e8e1d9dd4572232,2023-03-15 12:28:00
479,0x3041cbd36888becc7bbcbc0045e3b1f144466f5f,499000000,498162186,0x7a250d5630b4cf539739df2c5dacb4c659f2488d,0x5a9d60d728b67e43aa920db7de6b4a9bde8d48c19eb9e3e0a3bf4b46bdb17eb5,2023-03-15 11:41:00
480,0x3041cbd36888becc7bbcbc0045e3b1f144466f5f,4048999999,4042201784,0x7a250d5630b4cf539739df2c5dacb4c659f2488d,0xf1cbe2e8f0745c403e8e8f5050f4ab866dcdb6cbb1b36bbd7c4bffa7c4f911f2,2023-03-15 11:41:00
481,0x3041cbd36888becc7bbcbc0045e3b1f144466f5f,4443000000,4434156884,0x7a250d5630b4cf539739df2c5dacb4c659f2488d,0xac2118281333b21b3710f5bc5575644369207ba58365fafe6d4cab8991e05bae,2023-03-15 11:40:00
482,0x3041cbd36888becc7bbcbc0045e3b1f144466f5f,3250000000,3243531369,0x7a250d5630b4cf539739df2c5dacb4c659f2488d,0x26a1b44790c270f70c6e0a546742986d8603e5c288a71cf780c322d1f6d9010e,2023-03-15 11:39:00
483,0x3041cbd36888becc7bbcbc0045e3b1f144466f5f,2749999999,2738950831,0x7a250d5630b4cf539739df2c5dacb4c659f2488d,0xeb7d9d195e950f107583d10db975bc395c0a6178f9a13bc3b82fb5eeb61c2251,2023-03-15 11:38:00
484,0x3041cbd36888becc7bbcbc0045e3b1f144466f5f,4409999999,4392379263,0x7a250d5630b4cf539739df2c5dacb4c659f2488d,0x8d93caafa7e00a1cfb81239847581e11ddca2ade20fbcc9c9569d727893f0bd3,2023-03-15 11:37:00
485,0x3041cbd36888becc7bbcbc0045e3b1f144466f5f,1505000000,1496048780,0x7a250d5630b4cf539739df2c5dacb4c659f2488d,0x55d6890859c7e705b0546a8dca1936916671eb41b32aa0188546b48eff5503cc,2023-03-15 11:36:00
486,0x3041cbd36888becc7bbcbc0045e3b1f144466f5f,1803999999,1791580590,0x7a250d5630b4cf539739df2c5dacb4c659f2488d,0x7d613f4d4ab4855660a8ff6a9b62d6d479d3931f3f55a2f3676b1cc1556172ee,2023-03-15 11:35:00
487,0x3041cbd36888becc7bbcbc0045e3b1f144466f5f,4497000000,4469725519,0x7a250d5630b4cf539739df2c5dacb4c659f2488d,0x55391413f790eb79068dbd5d50f2e80072a1b0ae70cee5979bffec82cccc3607,2023-03-15 11:34:00
488,0x3041cbd36888becc7bbcbc0045e3b1f144466f5f,649000000,646486152,0x7a250d5630b4cf539739df2c5dacb4c659f2488d,0xfa1a078e929e933135ae808f73de5d182d71640a1b1e266a2d602f8965b4345e,2023-03-15 11:33:00
489,0x3041cbd36888becc7bbcbc0045e3b1f144466f5f,3894999999,3887292531,0x7a250d5630b4cf539739df2c5dacb4c659f2488d,0xc66da2865cddc88ca4e134df75a4ee21f4d67a3d9f783c08ea1363ff755e88cc,2023-03-15 11:32:00
490,0x3041cbd36888becc7bbcbc0045e3b1f144466f5f,2498000000,2493056930,0x7a250d5630b4cf539739df2c5dacb4c659f2488d,0x4f0d661d969cf8aab70286f930aafdee1cfc4c86ffa87406054fff267db2a39d,2023-03-15 11:31:00
491,0x3041cbd36888becc7bbcbc0045e3b1f144466f5f,2752000000,2743264979,0x7a250d5630b4cf539739df2c5dacb4c659f2488d,0x56a621e5f31d4ee46cce59b01c71d62cfa735cd986a9359fbbbbcd819345352a,2023-03-15 11:30:00
492,0x3041cbd36888becc7bbcbc0045e3b1f144466f5f,4910000000,4892226122,0x7a250d5630b4cf539739df2c5dacb4c659f2488d,0xe0e5b4f6b1d759c947dcb7a68f1c67a4193b1b467ef7d90f7e1addfd2fcb1b64,2023-03-15 11:29:00
493,0x3041cbd36888becc7bbcbc0045e3b1f144466f5f,3651999999,3638779999,0x7a250d5630b4cf539739df2c5dacb4c659f2488d,0xde600ffd88fae947c35a7835e8bea2892bfebc11c46b92c46fd8e3e17dc9eb96,2023-03-15 11:29:00
494,0x3041cbd36888becc7bbcbc0045e3b1f144466f5f,602000000,597968254,0x7a250d5630b4cf539739df2c5dacb4c659f2488d,0x5d9873fc4bbe0342e81e8a332824f59b26e6cdc219d39f45cabc70af8899bd7a,2023-03-15 11:27:00
495,0x3041cbd36888becc7bbcbc0045e3b1f144466f5f,2548000000,2542649840,0x7a250d5630b4cf539739df2c5dacb4c659f2488d,0xaae370c50f3ab608e679c75aa44e3295ba4f98b740f827be3998fef952278cfa,2023-03-15 10:33:00
496,0x3041cbd36888becc7bbcbc0045e3b1f144466f5f,3650000000,3642335917,0x7a250d5630b4cf539739df2c5dacb4c659f2488d,0x3df54d0688603161dfd1636f42a736bedfd50482b71e5a6bc5407b84c2ba4cce,2023-03-15 10:32:00
497,0x3041cbd36888becc7bbcbc0045e3b1f144466f5f,599999999,597369430,0x7a250d5630b4cf539739df2c5dacb4c659f2488d,0xe18cdb1e898dd69d2603c7cae61727e7076361411491cc1a598d904b9cbef9ee,2023-03-15 10:31:00
498,0x3041cbd36888becc7bbcbc0045e3b1f144466f5f,4965999999,4942363613,0x7a250d5630b4cf539739df2c5dacb4c659f2488d,0xa370b7fcb4dc55211e434a9bb85f2a370eb60f8cc6592dafc279a0b7d4083943,2023-03-15 10:30:00
499,0x3041cbd36888becc7bbcbc0045e3b1f144466f5f,1104000000,1095324231,0x7a250d5630b4cf539739df2c5dacb4c659f2488d,0x8df9ffb1ea84eea5336d5dbc91df2155641a7fec269963fd7c772051dd9d529e,2023-03-15 10:30:00
500,0x3041cbd36888becc7bbcbc0045e3b1f144466f5f,1505999999,1494812823,0x7a250d5630b4cf539739df2c5dacb4c659f2488d,0x0df8f8c326fdb3bc4d492153aa711ab13fe1d298260fb96966130738a3d1498e,2023-03-15 10:29:00
