,block_number,pool_address,liquidity_hex,max_liquidity_per_tick_hex,slot0_sqrt_price_x96_hex
0,16871334,0x8ad599c3a0ff1de082011efddc58f1908eb6e6d8,0x7c6ec388d711e853,0x23746e6a58dcb13d4af821b93f062,0x5d135265c87f0a870a5c5c40f7de
1,16871333,0x8ad599c3a0ff1de082011efddc58f1908eb6e6d8,0x7c6ec388d711e853,0x23746e6a58dcb13d4af821b93f062,0x5d135265c87f0a870a5c5c40f7de
2,16871332,0x8ad599c3a0ff1de082011efddc58f1908eb6e6d8,0x7c6ec388d711e853,0x23746e6a58dcb13d4af821b93f062,0x5d135265c87f0a870a5c5c40f7de
3,16871331,0x8ad599c3a0ff1de082011efddc58f1908eb6e6d8,0x7c6ec388d711e853,0x23746e6a58dcb13d4af821b93f062,0x5d135265c87f0a870a5c5c40f7de
4,16871330,0x8ad599c3a0ff1de082011efddc58f1908eb6e6d8,0x7c6ec388d711e853,0x23746e6a58dcb13d4af821b93f062,0x5d135265c87f0a870a5c5c40f7de
5,16871329,0x8ad599c3a0ff1de082011efddc58f1908eb6e6d8,0x7c6ec388d711e853,0x23746e6a58dcb13d4af821b93f062,0x5d135265c87f0a870a5c5c40f7de
6,16871328,0x8ad599c3a0ff1de082011efddc58f1908eb6e6d8,0x7c6ec388d711e853,0x23746e6a58dcb13d4af821b93f062,0x5d135265c87f0a870a5c5c40f7de
7,16871327,0x8ad599c3a0ff1de082011efddc58f1908eb6e6d8,0x7c6ec388d711e853,0x23746e6a58dcb13d4af821b93f062,0x5d135265c87f0a870a5c5c40f7de
8,16871326,0x8ad599c3a0ff1de082011efddc58f1908eb6e6d8,0x7c6ec388d711e853,0x23746e6a58dcb13d4af821b93f062,0x5d135265c87f0a870a5c5c40f7de
9,16871325,0x8ad599c3a0ff1de082011efddc58f1908eb6e6d8,0x7c6ec388d711e853,0x23746e6a58dcb13d4af821b93f062,0x5d135265c87f0a870a5c5c40f7de
10,16871324,0x8ad599c3a0ff1de082011efddc58f1908eb6e6d8,0x7c6ec388d711e853,0x23746e6a58dcb13d4af821b93f062,0x5d135265c87f0a870a5c5c40f7de
11,16871323,0x8ad599c3a0ff1de082011efddc58f1908eb6e6d8,0x7c6ec388d711e853,0x23746e6a58dcb13d4af821b93f062,0x5d135265c87f0a870a5c5c40f7de
12,16871322,0x8ad599c3a0ff1de082011efddc58f1908eb6e6d8,0x7c6ec388d711e853,0x23746e6a58dcb13d4af821b93f062,0x5d135265c87f0a870a5c5c40f7de
13,16871321,0x8ad599c3a0ff1de082011efddc58f1908eb6e6d8,0x7c6ec388d711e853,0x23746e6a58dcb13d4af821b93f062,0x5d135265c87f0a870a5c5c40f7de
14,16871320,0x8ad599c3a0ff1de082011efddc58f1908eb6e6d8,0x7c6ec388d711e853,0x23746e6a58dcb13d4af821b93f062,0x5d135265c87f0a870a5c5c40f7de
15,16871319,0x8ad599c3a0ff1de082011efddc58f1908eb6e6d8,0x7c6ec388d711e853,0x23746e6a58dcb13d4af821b93f062,0x5d135265c87f0a870a5c5c40f7de
16,16871318,0x8ad599c3a0ff1de082011efddc58f1908eb6e6d8,0x7c6ec388d711e853,0x23746e6a58dcb13d4af821b93f062,0x5d135265c87f0a870a5c5c40f7de
17,16871317,0x8ad599c3a0ff1de082011efddc58f1908eb6e6d8,0x7c6ec388d711e853,0x23746e6a58dcb13d4af821b93f062,0x5d135265c87f0a870a5c5c40f7de
18,16871316,0x8ad599c3a0ff1de082011efddc58f1908eb6e6d8,0x7c6ec388d711e853,0x23746e6a58dcb13d4af821b93f062,0x5d135265c87f0a870a5c5c40f7de
19,16871315,0x8ad599c3a0ff1de082011efddc58f1908eb6e6d8,0x7c6ec388d711e853,0x23746e6a58dcb13d4af821b93f062,0x5d135265c87f0a870a5c5c40f7de
20,16871314,0x8ad599c3a0ff1de082011efddc58f1908eb6e6d8,0x7c6ec388d711e853,0x23746e6a58dcb13d4af821b93f062,0x5d135265c87f0a870a5c5c40f7de
21,16871313,0x8ad599c3a0ff1de082011efddc58f1908eb6e6d8,0x7c6ec388d711e853,0x23746e6a58dcb13d4af821b93f062,0x5d135265c87f0a870a5c5c40f7de
22,16871312,0x8ad599c3a0ff1de082011efddc58f1908eb6e6d8,0x7c6ec388d711e853,0x23746e6a58dcb13d4af821b93f062,0x5d135265c87f0a870a5c5c40f7de
23,16871311,0x8ad599c3a0ff1de082011efddc58f1908eb6e6d8,0x7c6ec388d711e853,0x23746e6a58dcb13d4af821b93f062,0x5d135265c87f0a870a5c5c40f7de
24,16871310,0x8ad599c3a0ff1de082011efddc58f1908eb6e6d8,0x7c6ec388d711e853,0x23746e6a58dcb13d4af821b93f062,0x5d135265c87f0a870a5c5c40f7de
25,16871309,0x8ad599c3a0ff1de082011efddc58f1908eb6e6d8,0x7c6ec388d711e853,0x23746e6a58dcb13d4af821b93f062,0x5d135265c87f0a870a5c5c40f7de
26,16871308,0x8ad599c3a0ff1de082011efddc58f1908eb6e6d8,0x7c6ec388d711e853,0x23746e6a58dcb13d4af821b93f062,0x5d135265c87f0a870a5c5c40f7de
27,16871307,0x8ad599c3a0ff1de082011efddc58f1908eb6e6d8,0x7c6ec388d711e853,0x23746e6a58dcb13d4af821b93f062,0x5d135265c87f0a870a5c5c40f7de
28,16871306,0x8ad599c3a0ff1de082011efddc58f1908eb6e6d8,0x7c6ec388d711e853,0x23746e6a58dcb13d4af821b93f062,0x5d135265c87f0a870a5c5c40f7de
29,16871305,0x8ad599c3a0ff1de082011efddc58f1908eb6e6d8,0x7c6ec388d711e853,0x23746e6a58dcb13d4af821b93f062,0x5d135265c87f0a870a5c5c40f7de
30,16871304,0x8ad599c3a0ff1de082011efddc58f1908eb6e6d8,0x7c6ec388d711e853,0x23746e6a58dcb13d4af821b93f062,0x5d135265c87f0a870a5c5c40f7de
31,16871303,0x8ad599c3a0ff1de082011efddc58f1908eb6e6d8,0x7c6ec388d711e853,0x23746e6a58dcb13d4af821b93f062,0x5d135265c87f0a870a5c5c40f7de
32,16871302,0x8ad599c3a0ff1de082011efddc58f1908eb6e6d8,0x7c6ec388d711e853,0x23746e6a58dcb13d4af821b93f062,0x5d135265c87f0a870a5c5c40f7de
33,16871301,0x8ad599c3a0ff1de082011efddc58f1908eb6e6d8,0x7c6ec388d711e853,0x23746e6a58dcb13d4af821b93f062,0x5d135265c87f0a870a5c5c40f7de
34,16871300,0x8ad599c3a0ff1de082011efddc58f1908eb6e6d8,0x7c6ec388d711e853,0x23746e6a58dcb13d4af821b93f062,0x5d135265c87f0a870a5c5c40f7de
35,16871299,0x8ad599c3a0ff1de082011efddc58f1908eb6e6d8,0x7c6ec388d711e853,0x23746e6a58dcb13d4af821b93f062,0x5d135265c87f0a870a5c5c40f7de
36,16871298,0x8ad599c3a0ff1de082011efddc58f1908eb6e6d8,0x7c6ec388d711e853,0x23746e6a58dcb13d4af821b93f062,0x5d135265c87f0a870a5c5c40f7de
37,16871297,0x8ad599c3a0ff1de082011efddc58f1908eb6e6d8,0x7c6ec388d711e853,0x23746e6a58dcb13d4af821b93f062,0x5d135265c87f0a870a5c5c40f7de
38,16871296,0x8ad599c3a0ff1de082011efddc58f1908eb6e6d8,0x7c6ec388d711e853,0x23746e6a58dcb13d4af821b93f062,0x5d135265c87f0a870a5c5c40f7de
39,16871295,0x8ad599c3a0ff1de082011efddc58f1908eb6e6d8,0x7c6ec388d711e853,0x23746e6a58dcb13d4af821b93f062,0x5d135265c87f0a870a5c5c40f7de
40,16871294,0x8ad599c3a0ff1de082011efddc58f1908eb6e6d8,0x7c6ec388d711e853,0x23746e6a58dcb13d4af821b93f062,0x5d135265c87f0a870a5c5c40f7de
41,16871293,0x8ad599c3a0ff1de082011efddc58f1908eb6e6d8,0x7c6ec388d711e853,0x23746e6a58dcb13d4af821b93f062,0x5d135265c87f0a870a5c5c40f7de
42,16871292,0x8ad599c3a0ff1de082011efddc58f1908eb6e6d8,0x7c6ec388d711e853,0x23746e6a58dcb13d4af821b93f062,0x5d135265c87f0a870a5c5c40f7de
43,16871291,0x8ad599c3a0ff1de082011efddc58f1908eb6e6d8,0x7c6ec388d711e853,0x23746e6a58dcb13d4af821b93f062,0x5d135265c87f0a870a5c5c40f7de
44,16871290,0x8ad599c3a0ff1de082011efddc58f1908eb6e6d8,0x7c6ec388d711e853,0x23746e6a58dcb13d4af821b93f062,0x5d135265c87f0a870a5c5c40f7de
45,16871289,0x8ad599c3a0ff1de082011efddc58f1908eb6e6d8,0x7c6ec388d711e853,0x23746e6a58dcb13d4af821b93f062,0x5d135265c87f0a870a5c5c40f7de
46,16871288,0x8ad599c3a0ff1de082011efddc58f1908eb6e6d8,0x7c6ec388d711e853,0x23746e6a58dcb13d4af821b93f062,0x5d135265c87f0a870a5c5c40f7de
47,16871287,0x8ad599c3a0ff1de082011efddc58f1908eb6e6d8,0x7c6ec388d711e853,0x23746e6a58dcb13d4af821b93f062,0x5d135265c87f0a870a5c5c40f7de
48,16871286,0x8ad599c3a0ff1de082011efddc58f1908eb6e6d8,0x7c6ec388d711e853,0x23746e6a58dcb13d4af821b93f062,0x5d135265c87f0a870a5c5c40f7de
49,16871285,0x8ad599c3a0ff1de082011efddc58f1908eb6e6d8,0x7c6ec388d711e853,0x23746e6a58dcb13d4af821b93f062,0x5d135265c87f0a870a5c5c40f7de
50,16871284,0x8ad599c3a0ff1de082011efddc58f1908eb6e6d8,0x7c6ec388d711e853,0x23746e6a58dcb13d4af821b93f062,0x5d135265c87f0a870a5c5c40f7de
51,16871283,0x8ad599c3a0ff1de082011efddc58f1908eb6e6d8,0x7c6ec388d711e853,0x23746e6a58dcb13d4af821b93f062,0x5d135265c87f0a870a5c5c40f7de
52,16871282,0x8ad599c3a0ff1de082011efddc58f1908eb6e6d8,0x7c6ec388d711e853,0x23746e6a58dcb13d4af821b93f062,0x5d135265c87f0a870a5c5c40f7de
53,16871281,0x8ad599c3a0ff1de082011efddc58f1908eb6e6d8,0x7c6ec388d711e853,0x23746e6a58dcb13d4af821b93f062,0x5d135265c87f0a870a5c5c40f7de
54,16871280,0x8ad599c3a0ff1de082011efddc58f1908eb6e6d8,0x7c6ec388d711e853,0x23746e6a58dcb13d4af821b93f062,0x5d135265c87f0a870a5c5c40f7de
55,16871279,0x8ad599c3a0ff1de082011efddc58f1908eb6e6d8,0x7c6ec388d711e853,0x23746e6a58dcb13d4af821b93f062,0x5d1c444ddab14976d006af625827
56,16871278,0x8ad599c3a0ff1de082011efddc58f1908eb6e6d8,0x7c6ec388d711e853,0x23746e6a58dcb13d4af821b93f062,0x5d1c51a822ee37f2b2d4f1e6e50a
57,16871277,0x8ad599c3a0ff1de082011efddc58f1908eb6e6d8,0x7c6ec388d711e853,0x23746e6a58dcb13d4af821b93f062,0x5d215597584087916750f55d34f1
58,16871276,0x8ad599c3a0ff1de082011efddc58f1908eb6e6d8,0x7c6ec388d711e853,0x23746e6a58dcb13d4af821b93f062,0x5d215597584087916750f55d34f1
59,16871275,0x8ad599c3a0ff1de082011efddc58f1908eb6e6d8,0x7c6ec388d711e853,0x23746e6a58dcb13d4af821b93f062,0x5d215597584087916750f55d34f1
60,16871274,0x8ad599c3a0ff1de082011efddc58f1908eb6e6d8,0x7c6ec388d711e853,0x23746e6a58dcb13d4af821b93f062,0x5d215597584087916750f55d34f1
61,16871273,0x8ad599c3a0ff1de082011efddc58f1908eb6e6d8,0x7c6ec388d711e853,0x23746e6a58dcb13d4af821b93f062,0x5d215597584087916750f55d34f1
62,16871272,0x8ad599c3a0ff1de082011efddc58f1908eb6e6d8,0x7c6ec388d711e853,0x23746e6a58dcb13d4af821b93f062,0x5d215597584087916750f55d34f1
63,16871271,0x8ad599c3a0ff1de082011efddc58f1908eb6e6d8,0x7c6ec388d711e853,0x23746e6a58dcb13d4af821b93f062,0x5d215597584087916750f55d34f1
64,16871270,0x8ad599c3a0ff1de082011efddc58f1908eb6e6d8,0x7c6ec388d711e853,0x23746e6a58dcb13d4af821b93f062,0x5d215597584087916750f55d34f1
65,16871269,0x8ad599c3a0ff1de082011efddc58f1908eb6e6d8,0x7c6ec388d711e853,0x23746e6a58dcb13d4af821b93f062,0x5d215597584087916750f55d34f1
66,16871268,0x8ad599c3a0ff1de082011efddc58f1908eb6e6d8,0x7c6ec388d711e853,0x23746e6a58dcb13d4af821b93f062,0x5d215597584087916750f55d34f1
67,16871267,0x8ad599c3a0ff1de082011efddc58f1908eb6e6d8,0x7c6ec388d711e853,0x23746e6a58dcb13d4af821b93f062,0x5d215597584087916750f55d34f1
68,16871266,0x8ad599c3a0ff1de082011efddc58f1908eb6e6d8,0x7c6ec388d711e853,0x23746e6a58dcb13d4af821b93f062,0x5d215597584087916750f55d34f1
69,16871265,0x8ad599c3a0ff1de082011efddc58f1908eb6e6d8,0x7c6ec388d711e853,0x23746e6a58dcb13d4af821b93f062,0x5d215597584087916750f55d34f1
70,16871264,0x8ad599c3a0ff1de082011efddc58f1908eb6e6d8,0x7c6ec388d711e853,0x23746e6a58dcb13d4af821b93f062,0x5d215597584087916750f55d34f1
71,16871263,0x8ad599c3a0ff1de082011efddc58f1908eb6e6d8,0x7c6ec388d711e853,0x23746e6a58dcb13d4af821b93f062,0x5d215597584087916750f55d34f1
72,16871262,0x8ad599c3a0ff1de082011efddc58f1908eb6e6d8,0x7c6ec388d711e853,0x23746e6a58dcb13d4af821b93f062,0x5d215597584087916750f55d34f1
73,16871261,0x8ad599c3a0ff1de082011efddc58f1908eb6e6d8,0x7c6ec388d711e853,0x23746e6a58dcb13d4af821b93f062,0x5d215597584087916750f55d34f1
74,16871260,0x8ad599c3a0ff1de082011efddc58f1908eb6e6d8,0x7c6ec388d711e853,0x23746e6a58dcb13d4af821b93f062,0x5d215597584087916750f55d34f1
75,16871259,0x8ad599c3a0ff1de082011efddc58f1908eb6e6d8,0x7c6ec388d711e853,0x23746e6a58dcb13d4af821b93f062,0x5d215597584087916750f55d34f1
76,16871258,0x8ad599c3a0ff1de082011efddc58f1908eb6e6d8,0x7c6ec388d711e853,0x23746e6a58dcb13d4af821b93f062,0x5d215597584087916750f55d34f1
77,16871257,0x8ad599c3a0ff1de082011efddc58f1908eb6e6d8,0x7c6ec388d711e853,0x23746e6a58dcb13d4af821b93f062,0x5d215597584087916750f55d34f1
78,16871256,0x8ad599c3a0ff1de082011efddc58f1908eb6e6d8,0x7c6ec388d711e853,0x23746e6a58dcb13d4af821b93f062,0x5d21574d55cf6cd18e9cd84c48ee
79,16871255,0x8ad599c3a0ff1de082011efddc58f1908eb6e6d8,0x7c6ec388d711e853,0x23746e6a58dcb13d4af821b93f062,0x5d21574d55cf6cd18e9cd84c48ee
80,16871254,0x8ad599c3a0ff1de082011efddc58f1908eb6e6d8,0x7c6ec388d711e853,0x23746e6a58dcb13d4af821b93f062,0x5d21574d55cf6cd18e9cd84c48ee
81,16871253,0x8ad599c3a0ff1de082011efddc58f1908eb6e6d8,0x7c6ec388d711e853,0x23746e6a58dcb13d4af821b93f062,0x5d21574d55cf6cd18e9cd84c48ee
82,16871252,0x8ad599c3a0ff1de082011efddc58f1908eb6e6d8,0x7c6ec388d711e853,0x23746e6a58dcb13d4af821b93f062,0x5d21574d55cf6cd18e9cd84c48ee
83,16871251,0x8ad599c3a0ff1de082011efddc58f1908eb6e6d8,0x7c6ec388d711e853,0x23746e6a58dcb13d4af821b93f062,0x5d21574d55cf6cd18e9cd84c48ee
84,16871250,0x8ad599c3a0ff1de082011efddc58f1908eb6e6d8,0x7c6ec388d711e853,0x23746e6a58dcb13d4af821b93f062,0x5d21574d55cf6cd18e9cd84c48ee
85,16871249,0x8ad599c3a0ff1de082011efddc58f1908eb6e6d8,0x7c6ec388d711e853,0x23746e6a58dcb13d4af821b93f062,0x5d21574d55cf6cd18e9cd84c48ee
86,16871248,0x8ad599c3a0ff1de082011efddc58f1908eb6e6d8,0x7c6ec388d711e853,0x23746e6a58dcb13d4af821b93f062,0x5d21574d55cf6cd18e9cd84c48ee
87,16871247,0x8ad599c3a0ff1de082011efddc58f1908eb6e6d8,0x7c6ec388d711e853,0x23746e6a58dcb13d4af821b93f062,0x5d21574d55cf6cd18e9cd84c48ee
88,16871246,0x8ad599c3a0ff1de082011efddc58f1908eb6e6d8,0x7c6ec388d711e853,0x23746e6a58dcb13d4af821b93f062,0x5d21574d55cf6cd18e9cd84c48ee
89,16871245,0x8ad599c3a0ff1de082011efddc58f1908eb6e6d8,0x7c6ec388d711e853,0x23746e6a58dcb13d4af821b93f062,0x5d21574d55cf6cd18e9cd84c48ee
90,16871244,0x8ad599c3a0ff1de082011efddc58f1908eb6e6d8,0x7c6ec388d711e853,0x23746e6a58dcb13d4af821b93f062,0x5d21574d55cf6cd18e9cd84c48ee
91,16871243,0x8ad599c3a0ff1de082011efddc58f1908eb6e6d8,0x7c6ec388d711e853,0x23746e6a58dcb13d4af821b93f062,0x5d21c42e4b82bc0b21f246fd6552
92,16871242,0x8ad599c3a0ff1de082011efddc58f1908eb6e6d8,0x7c6ec388d711e853,0x23746e6a58dcb13d4af821b93f062,0x5d21d54286bb73699c35cd57ba82
93,16871241,0x8ad599c3a0ff1de082011efddc58f1908eb6e6d8,0x7c6ec388d711e853,0x23746e6a58dcb13d4af821b93f062,0x5d21d54286bb73699c35cd57ba82
94,16871240,0x8ad599c3a0ff1de082011efddc58f1908eb6e6d8,0x7c6ec388d711e853,0x23746e6a58dcb13d4af821b93f062,0x5d21d54286bb73699c35cd57ba82
95,16871239,0x8ad599c3a0ff1de082011efddc58f1908eb6e6d8,0x7c6ec388d711e853,0x23746e6a58dcb13d4af821b93f062,0x5d21d54286bb73699c35cd57ba82
96,16871238,0x8ad599c3a0ff1de082011efddc58f1908eb6e6d8,0x7c6ec388d711e853,0x23746e6a58dcb13d4af821b93f062,0x5d21d54286bb73699c35cd57ba82
97,16871237,0x8ad599c3a0ff1de082011efddc58f1908eb6e6d8,0x7c6ec388d711e853,0x23746e6a58dcb13d4af821b93f062,0x5d21d54286bb73699c35cd57ba82
98,16871236,0x8ad599c3a0ff1de082011efddc58f1908eb6e6d8,0x7c6ec388d711e853,0x23746e6a58dcb13d4af821b93f062,0x5d21d57863a11c8f44a6774d1d3b
99,16871235,0x8ad599c3a0ff1de082011efddc58f1908eb6e6d8,0x7c6ec388d711e853,0x23746e6a58dcb13d4af821b93f062,0x5d21d57863a11c8f44a6774d1d3b
100,16871234,0x8ad599c3a0ff1de082011efddc58f1908eb6e6d8,0x7c6ec388d711e853,0x23746e6a58dcb13d4af821b93f062,0x5d21d57863a11c8f44a6774d1d3b
101,16871233,0x8ad599c3a0ff1de082011efddc58f1908eb6e6d8,0x7c6ec388d711e853,0x23746e6a58dcb13d4af821b93f062,0x5d21d57863a11c8f44a6774d1d3b
102,16871232,0x8ad599c3a0ff1de082011efddc58f1908eb6e6d8,0x7c6ec388d711e853,0x23746e6a58dcb13d4af821b93f062,0x5d22b5976c38b858983155f43f6a
103,16871231,0x8ad599c3a0ff1de082011efddc58f1908eb6e6d8,0x7c6ec388d711e853,0x23746e6a58dcb13d4af821b93f062,0x5d22b5976c38b858983155f43f6a
104,16871230,0x8ad599c3a0ff1de082011efddc58f1908eb6e6d8,0x7c6ec388d711e853,0x23746e6a58dcb13d4af821b93f062,0x5d22b5976c38b858983155f43f6a
105,16871229,0x8ad599c3a0ff1de082011efddc58f1908eb6e6d8,0x7c6ec388d711e853,0x23746e6a58dcb13d4af821b93f062,0x5d22b5976c38b858983155f43f6a
106,16871228,0x8ad599c3a0ff1de082011efddc58f1908eb6e6d8,0x7c6ec388d711e853,0x23746e6a58dcb13d4af821b93f062,0x5d282993ac42583f7e5e5334b4e7
107,16871227,0x8ad599c3a0ff1de082011efddc58f1908eb6e6d8,0x7c6ec388d711e853,0x23746e6a58dcb13d4af821b93f062,0x5d282993ac42583f7e5e5334b4e7
108,16871226,0x8ad599c3a0ff1de082011efddc58f1908eb6e6d8,0x6deb8fcf043d4cd9,0x23746e6a58dcb13d4af821b93f062,0x5d297d0f45aed2fd907e2a14ef4e
109,16871225,0x8ad599c3a0ff1de082011efddc58f1908eb6e6d8,0x6deb8fcf043d4cd9,0x23746e6a58dcb13d4af821b93f062,0x5d297d0f45aed2fd907e2a14ef4e
110,16871224,0x8ad599c3a0ff1de082011efddc58f1908eb6e6d8,0x6deb8fcf043d4cd9,0x23746e6a58dcb13d4af821b93f062,0x5d297d0f45aed2fd907e2a14ef4e
111,16871223,0x8ad599c3a0ff1de082011efddc58f1908eb6e6d8,0x6deb8fcf043d4cd9,0x23746e6a58dcb13d4af821b93f062,0x5d297d0f45aed2fd907e2a14ef4e
112,16871222,0x8ad599c3a0ff1de082011efddc58f1908eb6e6d8,0x6deb8fcf043d4cd9,0x23746e6a58dcb13d4af821b93f062,0x5d297d0f45aed2fd907e2a14ef4e
113,16871221,0x8ad599c3a0ff1de082011efddc58f1908eb6e6d8,0x6deb8fcf043d4cd9,0x23746e6a58dcb13d4af821b93f062,0x5d297d0f45aed2fd907e2a14ef4e
114,16871220,0x8ad599c3a0ff1de082011efddc58f1908eb6e6d8,0x6deb8fcf043d4cd9,0x23746e6a58dcb13d4af821b93f062,0x5d297d0f45aed2fd907e2a14ef4e
115,16871219,0x8ad599c3a0ff1de082011efddc58f1908eb6e6d8,0x6deb8fcf043d4cd9,0x23746e6a58dcb13d4af821b93f062,0x5d297d0f45aed2fd907e2a14ef4e
116,16871218,0x8ad599c3a0ff1de082011efddc58f1908eb6e6d8,0x6deb8fcf043d4cd9,0x23746e6a58dcb13d4af821b93f062,0x5d297d0f45aed2fd907e2a14ef4e
117,16871217,0x8ad599c3a0ff1de082011efddc58f1908eb6e6d8,0x6deb8fcf043d4cd9,0x23746e6a58dcb13d4af821b93f062,0x5d297d0f45aed2fd907e2a14ef4e
118,16871216,0x8ad599c3a0ff1de082011efddc58f1908eb6e6d8,0x6deb8fcf043d4cd9,0x23746e6a58dcb13d4af821b93f062,0x5d297d0f45aed2fd907e2a14ef4e
119,16871215,0x8ad599c3a0ff1de082011efddc58f1908eb6e6d8,0x6deb8fcf043d4cd9,0x23746e6a58dcb13d4af821b93f062,0x5d297d0f45aed2fd907e2a14ef4e
120,16871214,0x8ad599c3a0ff1de082011efddc58f1908eb6e6d8,0x6deb8fcf043d4cd9,0x23746e6a58dcb13d4af821b93f062,0x5d297d0f45aed2fd907e2a14ef4e
121,16871213,0x8ad599c3a0ff1de082011efddc58f1908eb6e6d8,0x6deb8fcf043d4cd9,0x23746e6a58dcb13d4af821b93f062,0x5d297d0f45aed2fd907e2a14ef4e
122,16871212,0x8ad599c3a0ff1de082011efddc58f1908eb6e6d8,0x6deb8fcf043d4cd9,0x23746e6a58dcb13d4af821b93f062,0x5d297d0f45aed2fd907e2a14ef4e
123,16871211,0x8ad599c3a0ff1de082011efddc58f1908eb6e6d8,0x6deb8fcf043d4cd9,0x23746e6a58dcb13d4af821b93f062,0x5d297d0f45aed2fd907e2a14ef4e
124,16871210,0x8ad599c3a0ff1de082011efddc58f1908eb6e6d8,0x6deb8fcf043d4cd9,0x23746e6a58dcb13d4af821b93f062,0x5d297d0f45aed2fd907e2a14ef4e
125,16871209,0x8ad599c3a0ff1de082011efddc58f1908eb6e6d8,0x6deb8fcf043d4cd9,0x23746e6a58dcb13d4af821b93f062,0x5d297d0f45aed2fd907e2a14ef4e
126,16871208,0x8ad599c3a0ff1de082011efddc58f1908eb6e6d8,0x6deb8fcf043d4cd9,0x23746e6a58dcb13d4af821b93f062,0x5d297d0f45aed2fd907e2a14ef4e
127,16871207,0x8ad599c3a0ff1de082011efddc58f1908eb6e6d8,0x6deb8fcf043d4cd9,0x23746e6a58dcb13d4af821b93f062,0x5d297d0f45aed2fd907e2a14ef4e
128,16871206,0x8ad599c3a0ff1de082011efddc58f1908eb6e6d8,0x6deb8fcf043d4cd9,0x23746e6a58dcb13d4af821b93f062,0x5d297d0f45aed2fd907e2a14ef4e
129,16871205,0x8ad599c3a0ff1de082011efddc58f1908eb6e6d8,0x6deb8fcf043d4cd9,0x23746e6a58dcb13d4af821b93f062,0x5d297d0f45aed2fd907e2a14ef4e
130,16871204,0x8ad599c3a0ff1de082011efddc58f1908eb6e6d8,0x6deb8fcf043d4cd9,0x23746e6a58dcb13d4af821b93f062,0x5d297d0f45aed2fd907e2a14ef4e
131,16871203,0x8ad599c3a0ff1de082011efddc58f1908eb6e6d8,0x6deb8fcf043d4cd9,0x23746e6a58dcb13d4af821b93f062,0x5d297d0f45aed2fd907e2a14ef4e
132,16871202,0x8ad599c3a0ff1de082011efddc58f1908eb6e6d8,0x6deb8fcf043d4cd9,0x23746e6a58dcb13d4af821b93f062,0x5d29877a7dabfe4cfd068e0c6201
133,16871201,0x8ad599c3a0ff1de082011efddc58f1908eb6e6d8,0x6deb8fcf043d4cd9,0x23746e6a58dcb13d4af821b93f062,0x5d29877a7dabfe4cfd068e0c6201
134,16871200,0x8ad599c3a0ff1de082011efddc58f1908eb6e6d8,0x6deb8fcf043d4cd9,0x23746e6a58dcb13d4af821b93f062,0x5d29877a7dabfe4cfd068e0c6201
135,16871199,0x8ad599c3a0ff1de082011efddc58f1908eb6e6d8,0x6deb8fcf043d4cd9,0x23746e6a58dcb13d4af821b93f062,0x5d29877a7dabfe4cfd068e0c6201
136,16871198,0x8ad599c3a0ff1de082011efddc58f1908eb6e6d8,0x6deb8fcf043d4cd9,0x23746e6a58dcb13d4af821b93f062,0x5d29877a7dabfe4cfd068e0c6201
137,16871197,0x8ad599c3a0ff1de082011efddc58f1908eb6e6d8,0x6deb8fcf043d4cd9,0x23746e6a58dcb13d4af821b93f062,0x5d29877a7dabfe4cfd068e0c6201
138,16871196,0x8ad599c3a0ff1de082011efddc58f1908eb6e6d8,0x6deb8fcf043d4cd9,0x23746e6a58dcb13d4af821b93f062,0x5d29877a7dabfe4cfd068e0c6201
139,16871195,0x8ad599c3a0ff1de082011efddc58f1908eb6e6d8,0x6deb8fcf043d4cd9,0x23746e6a58dcb13d4af821b93f062,0x5d29877a7dabfe4cfd068e0c6201
140,16871194,0x8ad599c3a0ff1de082011efddc58f1908eb6e6d8,0x6deb8fcf043d4cd9,0x23746e6a58dcb13d4af821b93f062,0x5d29877a7dabfe4cfd068e0c6201
141,16871193,0x8ad599c3a0ff1de082011efddc58f1908eb6e6d8,0x6deb8fcf043d4cd9,0x23746e6a58dcb13d4af821b93f062,0x5d29877a7dabfe4cfd068e0c6201
142,16871192,0x8ad599c3a0ff1de082011efddc58f1908eb6e6d8,0x6deb8fcf043d4cd9,0x23746e6a58dcb13d4af821b93f062,0x5d29877a7dabfe4cfd068e0c6201
143,16871191,0x8ad599c3a0ff1de082011efddc58f1908eb6e6d8,0x6deb8fcf043d4cd9,0x23746e6a58dcb13d4af821b93f062,0x5d29877a7dabfe4cfd068e0c6201
144,16871190,0x8ad599c3a0ff1de082011efddc58f1908eb6e6d8,0x6deb8fcf043d4cd9,0x23746e6a58dcb13d4af821b93f062,0x5d29877a7dabfe4cfd068e0c6201
145,16871189,0x8ad599c3a0ff1de082011efddc58f1908eb6e6d8,0x6deb8fcf043d4cd9,0x23746e6a58dcb13d4af821b93f062,0x5d29877a7dabfe4cfd068e0c6201
146,16871188,0x8ad599c3a0ff1de082011efddc58f1908eb6e6d8,0x6deb8fcf043d4cd9,0x23746e6a58dcb13d4af821b93f062,0x5d29877a7dabfe4cfd068e0c6201
147,16871187,0x8ad599c3a0ff1de082011efddc58f1908eb6e6d8,0x6deb8fcf043d4cd9,0x23746e6a58dcb13d4af821b93f062,0x5d29877a7dabfe4cfd068e0c6201
148,16871186,0x8ad599c3a0ff1de082011efddc58f1908eb6e6d8,0x6deb8fcf043d4cd9,0x23746e6a58dcb13d4af821b93f062,0x5d29877a7dabfe4cfd068e0c6201
149,16871185,0x8ad599c3a0ff1de082011efddc58f1908eb6e6d8,0x6deb8fcf043d4cd9,0x23746e6a58dcb13d4af821b93f062,0x5d29877a7dabfe4cfd068e0c6201
150,16871184,0x8ad599c3a0ff1de082011efddc58f1908eb6e6d8,0x6deb8fcf043d4cd9,0x23746e6a58dcb13d4af821b93f062,0x5d29877a7dabfe4cfd068e0c6201
151,16871183,0x8ad599c3a0ff1de082011efddc58f1908eb6e6d8,0x6deb8fcf043d4cd9,0x23746e6a58dcb13d4af821b93f062,0x5d29877a7dabfe4cfd068e0c6201
152,16871182,0x8ad599c3a0ff1de082011efddc58f1908eb6e6d8,0x6deb8fcf043d4cd9,0x23746e6a58dcb13d4af821b93f062,0x5d29877a7dabfe4cfd068e0c6201
153,16871181,0x8ad599c3a0ff1de082011efddc58f1908eb6e6d8,0x6deb8fcf043d4cd9,0x23746e6a58dcb13d4af821b93f062,0x5d29877a7dabfe4cfd068e0c6201
154,16871180,0x8ad599c3a0ff1de082011efddc58f1908eb6e6d8,0x6deb8fcf043d4cd9,0x23746e6a58dcb13d4af821b93f062,0x5d29877a7dabfe4cfd068e0c6201
155,16871179,0x8ad599c3a0ff1de082011efddc58f1908eb6e6d8,0x6deb8fcf043d4cd9,0x23746e6a58dcb13d4af821b93f062,0x5d29877a7dabfe4cfd068e0c6201
156,16871178,0x8ad599c3a0ff1de082011efddc58f1908eb6e6d8,0x6deb8fcf043d4cd9,0x23746e6a58dcb13d4af821b93f062,0x5d29877a7dabfe4cfd068e0c6201
157,16871177,0x8ad599c3a0ff1de082011efddc58f1908eb6e6d8,0x6deb8fcf043d4cd9,0x23746e6a58dcb13d4af821b93f062,0x5d29877a7dabfe4cfd068e0c6201
158,16871176,0x8ad599c3a0ff1de082011efddc58f1908eb6e6d8,0x6deb8fcf043d4cd9,0x23746e6a58dcb13d4af821b93f062,0x5d29877a7dabfe4cfd068e0c6201
159,16871175,0x8ad599c3a0ff1de082011efddc58f1908eb6e6d8,0x6deb8fcf043d4cd9,0x23746e6a58dcb13d4af821b93f062,0x5d29877a7dabfe4cfd068e0c6201
160,16871174,0x8ad599c3a0ff1de082011efddc58f1908eb6e6d8,0x6deb8fcf043d4cd9,0x23746e6a58dcb13d4af821b93f062,0x5d29877a7dabfe4cfd068e0c6201
161,16871173,0x8ad599c3a0ff1de082011efddc58f1908eb6e6d8,0x6deb8fcf043d4cd9,0x23746e6a58dcb13d4af821b93f062,0x5d29877a7dabfe4cfd068e0c6201
162,16871172,0x8ad599c3a0ff1de082011efddc58f1908eb6e6d8,0x6deb8fcf043d4cd9,0x23746e6a58dcb13d4af821b93f062,0x5d29877a7dabfe4cfd068e0c6201
163,16871171,0x8ad599c3a0ff1de082011efddc58f1908eb6e6d8,0x6deb8fcf043d4cd9,0x23746e6a58dcb13d4af821b93f062,0x5d29877a7dabfe4cfd068e0c6201
164,16871170,0x8ad599c3a0ff1de082011efddc58f1908eb6e6d8,0x6deb8fcf043d4cd9,0x23746e6a58dcb13d4af821b93f062,0x5d29877a7dabfe4cfd068e0c6201
165,16871169,0x8ad599c3a0ff1de082011efddc58f1908eb6e6d8,0x6deb8fcf043d4cd9,0x23746e6a58dcb13d4af821b93f062,0x5d29877a7dabfe4cfd068e0c6201
166,16871168,0x8ad599c3a0ff1de082011efddc58f1908eb6e6d8,0x6deb8fcf043d4cd9,0x23746e6a58dcb13d4af821b93f062,0x5d29877a7dabfe4cfd068e0c6201
167,16871167,0x8ad599c3a0ff1de082011efddc58f1908eb6e6d8,0x6deb8fcf043d4cd9,0x23746e6a58dcb13d4af821b93f062,0x5d29877a7dabfe4cfd068e0c6201
168,16871166,0x8ad599c3a0ff1de082011efddc58f1908eb6e6d8,0x6deb8fcf043d4cd9,0x23746e6a58dcb13d4af821b93f062,0x5d29877a7dabfe4cfd068e0c6201
169,16871165,0x8ad599c3a0ff1de082011efddc58f1908eb6e6d8,0x6deb8fcf043d4cd9,0x23746e6a58dcb13d4af821b93f062,0x5d29877a7dabfe4cfd068e0c6201
170,16871164,0x8ad599c3a0ff1de082011efddc58f1908eb6e6d8,0x6deb8fcf043d4cd9,0x23746e6a58dcb13d4af821b93f062,0x5d29877a7dabfe4cfd068e0c6201
171,16871163,0x8ad599c3a0ff1de082011efddc58f1908eb6e6d8,0x6deb8fcf043d4cd9,0x23746e6a58dcb13d4af821b93f062,0x5d29877a7dabfe4cfd068e0c6201
172,16871162,0x8ad599c3a0ff1de082011efddc58f1908eb6e6d8,0x6deb8fcf043d4cd9,0x23746e6a58dcb13d4af821b93f062,0x5d29877a7dabfe4cfd068e0c6201
173,16871161,0x8ad599c3a0ff1de082011efddc58f1908eb6e6d8,0x6deb8fcf043d4cd9,0x23746e6a58dcb13d4af821b93f062,0x5d29877a7dabfe4cfd068e0c6201
174,16871160,0x8ad599c3a0ff1de082011efddc58f1908eb6e6d8,0x6deb8fcf043d4cd9,0x23746e6a58dcb13d4af821b93f062,0x5d29877a7dabfe4cfd068e0c6201
175,16871159,0x8ad599c3a0ff1de082011efddc58f1908eb6e6d8,0x6deb8fcf043d4cd9,0x23746e6a58dcb13d4af821b93f062,0x5d29877a7dabfe4cfd068e0c6201
176,16871158,0x8ad599c3a0ff1de082011efddc58f1908eb6e6d8,0x6deb8fcf043d4cd9,0x23746e6a58dcb13d4af821b93f062,0x5d29877a7dabfe4cfd068e0c6201
177,16871157,0x8ad599c3a0ff1de082011efddc58f1908eb6e6d8,0x6deb8fcf043d4cd9,0x23746e6a58dcb13d4af821b93f062,0x5d29877a7dabfe4cfd068e0c6201
178,16871156,0x8ad599c3a0ff1de082011efddc58f1908eb6e6d8,0x6deb8fcf043d4cd9,0x23746e6a58dcb13d4af821b93f062,0x5d29877a7dabfe4cfd068e0c6201
179,16871155,0x8ad599c3a0ff1de082011efddc58f1908eb6e6d8,0x6deb8fcf043d4cd9,0x23746e6a58dcb13d4af821b93f062,0x5d29877a7dabfe4cfd068e0c6201
180,16871154,0x8ad599c3a0ff1de082011efddc58f1908eb6e6d8,0x6deb8fcf043d4cd9,0x23746e6a58dcb13d4af821b93f062,0x5d29877a7dabfe4cfd068e0c6201
181,16871153,0x8ad599c3a0ff1de082011efddc58f1908eb6e6d8,0x6deb8fcf043d4cd9,0x23746e6a58dcb13d4af821b93f062,0x5d29877a7dabfe4cfd068e0c6201
182,16871152,0x8ad599c3a0ff1de082011efddc58f1908eb6e6d8,0x6deb8fcf043d4cd9,0x23746e6a58dcb13d4af821b93f062,0x5d29877a7dabfe4cfd068e0c6201
183,16871151,0x8ad599c3a0ff1de082011efddc58f1908eb6e6d8,0x6deb8fcf043d4cd9,0x23746e6a58dcb13d4af821b93f062,0x5d29877a7dabfe4cfd068e0c6201
184,16871150,0x8ad599c3a0ff1de082011efddc58f1908eb6e6d8,0x6deb8fcf043d4cd9,0x23746e6a58dcb13d4af821b93f062,0x5d29877a7dabfe4cfd068e0c6201
185,16871149,0x8ad599c3a0ff1de082011efddc58f1908eb6e6d8,0x6deb8fcf043d4cd9,0x23746e6a58dcb13d4af821b93f062,0x5d29877a7dabfe4cfd068e0c6201
186,16871148,0x8ad599c3a0ff1de082011efddc58f1908eb6e6d8,0x6deb8fcf043d4cd9,0x23746e6a58dcb13d4af821b93f062,0x5d320cf56510c620889e58e1f3da
187,16871147,0x8ad599c3a0ff1de082011efddc58f1908eb6e6d8,0x6deb8fcf043d4cd9,0x23746e6a58dcb13d4af821b93f062,0x5d320cf56510c620889e58e1f3da
188,16871146,0x8ad599c3a0ff1de082011efddc58f1908eb6e6d8,0x6deb8fcf043d4cd9,0x23746e6a58dcb13d4af821b93f062,0x5d35d5b46c9512915b2c97a1a987
189,16871145,0x8ad599c3a0ff1de082011efddc58f1908eb6e6d8,0x6deb8fcf043d4cd9,0x23746e6a58dcb13d4af821b93f062,0x5d35d5b46c9512915b2c97a1a987
190,16871144,0x8ad599c3a0ff1de082011efddc58f1908eb6e6d8,0x6deb8fcf043d4cd9,0x23746e6a58dcb13d4af821b93f062,0x5d35d5b46c9512915b2c97a1a987
191,16871143,0x8ad599c3a0ff1de082011efddc58f1908eb6e6d8,0x6deb8fcf043d4cd9,0x23746e6a58dcb13d4af821b93f062,0x5d35d5b46c9512915b2c97a1a987
192,16871142,0x8ad599c3a0ff1de082011efddc58f1908eb6e6d8,0x6deb8fcf043d4cd9,0x23746e6a58dcb13d4af821b93f062,0x5d35d5b46c9512915b2c97a1a987
193,16871141,0x8ad599c3a0ff1de082011efddc58f1908eb6e6d8,0x6deb8fcf043d4cd9,0x23746e6a58dcb13d4af821b93f062,0x5d35d5b46c9512915b2c97a1a987
194,16871140,0x8ad599c3a0ff1de082011efddc58f1908eb6e6d8,0x6deb8fcf043d4cd9,0x23746e6a58dcb13d4af821b93f062,0x5d35d5b46c9512915b2c97a1a987
195,16871139,0x8ad599c3a0ff1de082011efddc58f1908eb6e6d8,0x6deb8fcf043d4cd9,0x23746e6a58dcb13d4af821b93f062,0x5d35d5b46c9512915b2c97a1a987
196,16871138,0x8ad599c3a0ff1de082011efddc58f1908eb6e6d8,0x6deb8fcf043d4cd9,0x23746e6a58dcb13d4af821b93f062,0x5d35d5b46c9512915b2c97a1a987
197,16871137,0x8ad599c3a0ff1de082011efddc58f1908eb6e6d8,0x6deb8fcf043d4cd9,0x23746e6a58dcb13d4af821b93f062,0x5d35d5b46c9512915b2c97a1a987
198,16871136,0x8ad599c3a0ff1de082011efddc58f1908eb6e6d8,0x6deb8fcf043d4cd9,0x23746e6a58dcb13d4af821b93f062,0x5d35d5b46c9512915b2c97a1a987
199,16871135,0x8ad599c3a0ff1de082011efddc58f1908eb6e6d8,0x6deb8fcf043d4cd9,0x23746e6a58dcb13d4af821b93f062,0x5d35d5b46c9512915b2c97a1a987
200,16871134,0x8ad599c3a0ff1de082011efddc58f1908eb6e6d8,0x6deb8fcf043d4cd9,0x23746e6a58dcb13d4af821b93f062,0x5d35d5b46c9512915b2c97a1a987
201,16871133,0x8ad599c3a0ff1de082011efddc58f1908eb6e6d8,0x6deb8fcf043d4cd9,0x23746e6a58dcb13d4af821b93f062,0x5d35d5b46c9512915b2c97a1a987
202,16871132,0x8ad599c3a0ff1de082011efddc58f1908eb6e6d8,0x6deb8fcf043d4cd9,0x23746e6a58dcb13d4af821b93f062,0x5d35d5b46c9512915b2c97a1a987
203,16871131,0x8ad599c3a0ff1de082011efddc58f1908eb6e6d8,0x6deb8fcf043d4cd9,0x23746e6a58dcb13d4af821b93f062,0x5d35d5b46c9512915b2c97a1a987
204,16871130,0x8ad599c3a0ff1de082011efddc58f1908eb6e6d8,0x6deb8fcf043d4cd9,0x23746e6a58dcb13d4af821b93f062,0x5d35d5b46c9512915b2c97a1a987
205,16871129,0x8ad599c3a0ff1de082011efddc58f1908eb6e6d8,0x6deb8fcf043d4cd9,0x23746e6a58dcb13d4af821b93f062,0x5d35d5b46c9512915b2c97a1a987
206,16871128,0x8ad599c3a0ff1de082011efddc58f1908eb6e6d8,0x6deb8fcf043d4cd9,0x23746e6a58dcb13d4af821b93f062,0x5d35d5b46c9512915b2c97a1a987
207,16871127,0x8ad599c3a0ff1de082011efddc58f1908eb6e6d8,0x6deb8fcf043d4cd9,0x23746e6a58dcb13d4af821b93f062,0x5d35d5b46c9512915b2c97a1a987
208,16871126,0x8ad599c3a0ff1de082011efddc58f1908eb6e6d8,0x6deb8fcf043d4cd9,0x23746e6a58dcb13d4af821b93f062,0x5d35d5b46c9512915b2c97a1a987
209,16871125,0x8ad599c3a0ff1de082011efddc58f1908eb6e6d8,0x6deb8fcf043d4cd9,0x23746e6a58dcb13d4af821b93f062,0x5d35d5b46c9512915b2c97a1a987
210,16871124,0x8ad599c3a0ff1de082011efddc58f1908eb6e6d8,0x6deb8fcf043d4cd9,0x23746e6a58dcb13d4af821b93f062,0x5d35d5b46c9512915b2c97a1a987
211,16871123,0x8ad599c3a0ff1de082011efddc58f1908eb6e6d8,0x6deb8fcf043d4cd9,0x23746e6a58dcb13d4af821b93f062,0x5d35d5b46c9512915b2c97a1a987
212,16871122,0x8ad599c3a0ff1de082011efddc58f1908eb6e6d8,0x6deb8fcf043d4cd9,0x23746e6a58dcb13d4af821b93f062,0x5d35d5b46c9512915b2c97a1a987
213,16871121,0x8ad599c3a0ff1de082011efddc58f1908eb6e6d8,0x6deb8fcf043d4cd9,0x23746e6a58dcb13d4af821b93f062,0x5d35d5b46c9512915b2c97a1a987
214,16871120,0x8ad599c3a0ff1de082011efddc58f1908eb6e6d8,0x6deb8fcf043d4cd9,0x23746e6a58dcb13d4af821b93f062,0x5d35d5b46c9512915b2c97a1a987
215,16871119,0x8ad599c3a0ff1de082011efddc58f1908eb6e6d8,0x6deb8fcf043d4cd9,0x23746e6a58dcb13d4af821b93f062,0x5d35d5b46c9512915b2c97a1a987
216,16871118,0x8ad599c3a0ff1de082011efddc58f1908eb6e6d8,0x6deb8fcf043d4cd9,0x23746e6a58dcb13d4af821b93f062,0x5d35d5b46c9512915b2c97a1a987
217,16871117,0x8ad599c3a0ff1de082011efddc58f1908eb6e6d8,0x6deb8fcf043d4cd9,0x23746e6a58dcb13d4af821b93f062,0x5d35d5b46c9512915b2c97a1a987
218,16871116,0x8ad599c3a0ff1de082011efddc58f1908eb6e6d8,0x6deb8fcf043d4cd9,0x23746e6a58dcb13d4af821b93f062,0x5d35d5b46c9512915b2c97a1a987
219,16871115,0x8ad599c3a0ff1de082011efddc58f1908eb6e6d8,0x6deb8fcf043d4cd9,0x23746e6a58dcb13d4af821b93f062,0x5d35d5b46c9512915b2c97a1a987
220,16871114,0x8ad599c3a0ff1de082011efddc58f1908eb6e6d8,0x6deb8fcf043d4cd9,0x23746e6a58dcb13d4af821b93f062,0x5d35d5b46c9512915b2c97a1a987
221,16871113,0x8ad599c3a0ff1de082011efddc58f1908eb6e6d8,0x6deb8fcf043d4cd9,0x23746e6a58dcb13d4af821b93f062,0x5d35d5b46c9512915b2c97a1a987
222,16871112,0x8ad599c3a0ff1de082011efddc58f1908eb6e6d8,0x6deb8fcf043d4cd9,0x23746e6a58dcb13d4af821b93f062,0x5d35d5b46c9512915b2c97a1a987
223,16871111,0x8ad599c3a0ff1de082011efddc58f1908eb6e6d8,0x6deb8fcf043d4cd9,0x23746e6a58dcb13d4af821b93f062,0x5d35d5b46c9512915b2c97a1a987
224,16871110,0x8ad599c3a0ff1de082011efddc58f1908eb6e6d8,0x6deb8fcf043d4cd9,0x23746e6a58dcb13d4af821b93f062,0x5d35d5b46c9512915b2c97a1a987
225,16871109,0x8ad599c3a0ff1de082011efddc58f1908eb6e6d8,0x6deb8fcf043d4cd9,0x23746e6a58dcb13d4af821b93f062,0x5d35d5b46c9512915b2c97a1a987
226,16871108,0x8ad599c3a0ff1de082011efddc58f1908eb6e6d8,0x6deb8fcf043d4cd9,0x23746e6a58dcb13d4af821b93f062,0x5d35d5b46c9512915b2c97a1a987
227,16871107,0x8ad599c3a0ff1de082011efddc58f1908eb6e6d8,0x6deb8fcf043d4cd9,0x23746e6a58dcb13d4af821b93f062,0x5d35d5b46c9512915b2c97a1a987
228,16871106,0x8ad599c3a0ff1de082011efddc58f1908eb6e6d8,0x6deb8fcf043d4cd9,0x23746e6a58dcb13d4af821b93f062,0x5d35d5b46c9512915b2c97a1a987
229,16871105,0x8ad599c3a0ff1de082011efddc58f1908eb6e6d8,0x6deb8fcf043d4cd9,0x23746e6a58dcb13d4af821b93f062,0x5d35d5b46c9512915b2c97a1a987
230,16871104,0x8ad599c3a0ff1de082011efddc58f1908eb6e6d8,0x6deb8fcf043d4cd9,0x23746e6a58dcb13d4af821b93f062,0x5d35d5b46c9512915b2c97a1a987
231,16871103,0x8ad599c3a0ff1de082011efddc58f1908eb6e6d8,0x6deb8fcf043d4cd9,0x23746e6a58dcb13d4af821b93f062,0x5d35d5b46c9512915b2c97a1a987
232,16871102,0x8ad599c3a0ff1de082011efddc58f1908eb6e6d8,0x6deb8fcf043d4cd9,0x23746e6a58dcb13d4af821b93f062,0x5d35d5b46c9512915b2c97a1a987
233,16871101,0x8ad599c3a0ff1de082011efddc58f1908eb6e6d8,0x6deb8fcf043d4cd9,0x23746e6a58dcb13d4af821b93f062,0x5d35d5b46c9512915b2c97a1a987
234,16871100,0x8ad599c3a0ff1de082011efddc58f1908eb6e6d8,0x6deb8fcf043d4cd9,0x23746e6a58dcb13d4af821b93f062,0x5d35d5b46c9512915b2c97a1a987
235,16871099,0x8ad599c3a0ff1de082011efddc58f1908eb6e6d8,0x6deb8fcf043d4cd9,0x23746e6a58dcb13d4af821b93f062,0x5d35d5b46c9512915b2c97a1a987
236,16871098,0x8ad599c3a0ff1de082011efddc58f1908eb6e6d8,0x6deb8fcf043d4cd9,0x23746e6a58dcb13d4af821b93f062,0x5d35d5b46c9512915b2c97a1a987
237,16871097,0x8ad599c3a0ff1de082011efddc58f1908eb6e6d8,0x6deb8fcf043d4cd9,0x23746e6a58dcb13d4af821b93f062,0x5d35d5b46c9512915b2c97a1a987
238,16871096,0x8ad599c3a0ff1de082011efddc58f1908eb6e6d8,0x6deb8fcf043d4cd9,0x23746e6a58dcb13d4af821b93f062,0x5d35d5b46c9512915b2c97a1a987
239,16871095,0x8ad599c3a0ff1de082011efddc58f1908eb6e6d8,0x6deb8fcf043d4cd9,0x23746e6a58dcb13d4af821b93f062,0x5d35d5b46c9512915b2c97a1a987
240,16871094,0x8ad599c3a0ff1de082011efddc58f1908eb6e6d8,0x6deb8fcf043d4cd9,0x23746e6a58dcb13d4af821b93f062,0x5d35d5b46c9512915b2c97a1a987
241,16871093,0x8ad599c3a0ff1de082011efddc58f1908eb6e6d8,0x6deb8fcf043d4cd9,0x23746e6a58dcb13d4af821b93f062,0x5d35ccae9d92ece10d916a9e5e14
242,16871092,0x8ad599c3a0ff1de082011efddc58f1908eb6e6d8,0x6deb8fcf043d4cd9,0x23746e6a58dcb13d4af821b93f062,0x5d35ccae9d92ece10d916a9e5e14
243,16871091,0x8ad599c3a0ff1de082011efddc58f1908eb6e6d8,0x6deb8fcf043d4cd9,0x23746e6a58dcb13d4af821b93f062,0x5d35ccae9d92ece10d916a9e5e14
244,16871090,0x8ad599c3a0ff1de082011efddc58f1908eb6e6d8,0x6deb8fcf043d4cd9,0x23746e6a58dcb13d4af821b93f062,0x5d35ccae9d92ece10d916a9e5e14
245,16871089,0x8ad599c3a0ff1de082011efddc58f1908eb6e6d8,0x6deb8fcf043d4cd9,0x23746e6a58dcb13d4af821b93f062,0x5d35ccae9d92ece10d916a9e5e14
246,16871088,0x8ad599c3a0ff1de082011efddc58f1908eb6e6d8,0x6deb8fcf043d4cd9,0x23746e6a58dcb13d4af821b93f062,0x5d35ccae9d92ece10d916a9e5e14
247,16871087,0x8ad599c3a0ff1de082011efddc58f1908eb6e6d8,0x6deb8fcf043d4cd9,0x23746e6a58dcb13d4af821b93f062,0x5d35ccae9d92ece10d916a9e5e14
248,16871086,0x8ad599c3a0ff1de082011efddc58f1908eb6e6d8,0x6deb8fcf043d4cd9,0x23746e6a58dcb13d4af821b93f062,0x5d35ccae9d92ece10d916a9e5e14
249,16871085,0x8ad599c3a0ff1de082011efddc58f1908eb6e6d8,0x6deb8fcf043d4cd9,0x23746e6a58dcb13d4af821b93f062,0x5d35ccae9d92ece10d916a9e5e14
250,16871084,0x8ad599c3a0ff1de082011efddc58f1908eb6e6d8,0x6deb8fcf043d4cd9,0x23746e6a58dcb13d4af821b93f062,0x5d35ccae9d92ece10d916a9e5e14
251,16871083,0x8ad599c3a0ff1de082011efddc58f1908eb6e6d8,0x6deb8fcf043d4cd9,0x23746e6a58dcb13d4af821b93f062,0x5d35ccae9d92ece10d916a9e5e14
252,16871082,0x8ad599c3a0ff1de082011efddc58f1908eb6e6d8,0x6deb8fcf043d4cd9,0x23746e6a58dcb13d4af821b93f062,0x5d35ccae9d92ece10d916a9e5e14
253,16871081,0x8ad599c3a0ff1de082011efddc58f1908eb6e6d8,0x6deb8fcf043d4cd9,0x23746e6a58dcb13d4af821b93f062,0x5d35ccae9d92ece10d916a9e5e14
254,16871080,0x8ad599c3a0ff1de082011efddc58f1908eb6e6d8,0x6deb8fcf043d4cd9,0x23746e6a58dcb13d4af821b93f062,0x5d35ccae9d92ece10d916a9e5e14
255,16871079,0x8ad599c3a0ff1de082011efddc58f1908eb6e6d8,0x6deb8fcf043d4cd9,0x23746e6a58dcb13d4af821b93f062,0x5d35ccae9d92ece10d916a9e5e14
256,16871078,0x8ad599c3a0ff1de082011efddc58f1908eb6e6d8,0x6deb8fcf043d4cd9,0x23746e6a58dcb13d4af821b93f062,0x5d35ccae9d92ece10d916a9e5e14
257,16871077,0x8ad599c3a0ff1de082011efddc58f1908eb6e6d8,0x6deb8fcf043d4cd9,0x23746e6a58dcb13d4af821b93f062,0x5d3dde455a6cc172b277736530a4
258,16871076,0x8ad599c3a0ff1de082011efddc58f1908eb6e6d8,0x6deb8fcf043d4cd9,0x23746e6a58dcb13d4af821b93f062,0x5d3dde455a6cc172b277736530a4
259,16871075,0x8ad599c3a0ff1de082011efddc58f1908eb6e6d8,0x6deb8fcf043d4cd9,0x23746e6a58dcb13d4af821b93f062,0x5d3dde455a6cc172b277736530a4
260,16871074,0x8ad599c3a0ff1de082011efddc58f1908eb6e6d8,0x6deb8fcf043d4cd9,0x23746e6a58dcb13d4af821b93f062,0x5d3dde455a6cc172b277736530a4
261,16871073,0x8ad599c3a0ff1de082011efddc58f1908eb6e6d8,0x6deb8fcf043d4cd9,0x23746e6a58dcb13d4af821b93f062,0x5d44d06dc370683375327706ba19
262,16871072,0x8ad599c3a0ff1de082011efddc58f1908eb6e6d8,0x6deb8fcf043d4cd9,0x23746e6a58dcb13d4af821b93f062,0x5d44d06dc370683375327706ba19
263,16871071,0x8ad599c3a0ff1de082011efddc58f1908eb6e6d8,0x6deb8fcf043d4cd9,0x23746e6a58dcb13d4af821b93f062,0x5d44d06dc370683375327706ba19
264,16871070,0x8ad599c3a0ff1de082011efddc58f1908eb6e6d8,0x6deb8fcf043d4cd9,0x23746e6a58dcb13d4af821b93f062,0x5d44d06dc370683375327706ba19
265,16871069,0x8ad599c3a0ff1de082011efddc58f1908eb6e6d8,0x6deb8fcf043d4cd9,0x23746e6a58dcb13d4af821b93f062,0x5d44d06dc370683375327706ba19
266,16871068,0x8ad599c3a0ff1de082011efddc58f1908eb6e6d8,0x6deb8fcf043d4cd9,0x23746e6a58dcb13d4af821b93f062,0x5d44d06dc370683375327706ba19
267,16871067,0x8ad599c3a0ff1de082011efddc58f1908eb6e6d8,0x6deb8fcf043d4cd9,0x23746e6a58dcb13d4af821b93f062,0x5d44e34bb6490e3c19dc81c9e73c
268,16871066,0x8ad599c3a0ff1de082011efddc58f1908eb6e6d8,0x6deb8fcf043d4cd9,0x23746e6a58dcb13d4af821b93f062,0x5d44e34bb6490e3c19dc81c9e73c
269,16871065,0x8ad599c3a0ff1de082011efddc58f1908eb6e6d8,0x6deb8fcf043d4cd9,0x23746e6a58dcb13d4af821b93f062,0x5d44e34bb6490e3c19dc81c9e73c
270,16871064,0x8ad599c3a0ff1de082011efddc58f1908eb6e6d8,0x6deb8fcf043d4cd9,0x23746e6a58dcb13d4af821b93f062,0x5d452e877555c7576ed50c593143
271,16871063,0x8ad599c3a0ff1de082011efddc58f1908eb6e6d8,0x6deb8fcf043d4cd9,0x23746e6a58dcb13d4af821b93f062,0x5d453d2e927e50ee873f70e3aa74
272,16871062,0x8ad599c3a0ff1de082011efddc58f1908eb6e6d8,0x6deb8fcf043d4cd9,0x23746e6a58dcb13d4af821b93f062,0x5d453d2e927e50ee873f70e3aa74
273,16871061,0x8ad599c3a0ff1de082011efddc58f1908eb6e6d8,0x6deb8fcf043d4cd9,0x23746e6a58dcb13d4af821b93f062,0x5d453d2e927e50ee873f70e3aa74
274,16871060,0x8ad599c3a0ff1de082011efddc58f1908eb6e6d8,0x6deb8fcf043d4cd9,0x23746e6a58dcb13d4af821b93f062,0x5d453d2e927e50ee873f70e3aa74
275,16871059,0x8ad599c3a0ff1de082011efddc58f1908eb6e6d8,0x6deb8fcf043d4cd9,0x23746e6a58dcb13d4af821b93f062,0x5d453d2e927e50ee873f70e3aa74
276,16871058,0x8ad599c3a0ff1de082011efddc58f1908eb6e6d8,0x6deb8fcf043d4cd9,0x23746e6a58dcb13d4af821b93f062,0x5d453d2e927e50ee873f70e3aa74
277,16871057,0x8ad599c3a0ff1de082011efddc58f1908eb6e6d8,0x6deb8fcf043d4cd9,0x23746e6a58dcb13d4af821b93f062,0x5d453d2e927e50ee873f70e3aa74
278,16871056,0x8ad599c3a0ff1de082011efddc58f1908eb6e6d8,0x6deb9c262b459b36,0x23746e6a58dcb13d4af821b93f062,0x5d453d2e927e50ee873f70e3aa74
279,16871055,0x8ad599c3a0ff1de082011efddc58f1908eb6e6d8,0x6deb9c262b459b36,0x23746e6a58dcb13d4af821b93f062,0x5d453d2e927e50ee873f70e3aa74
280,16871054,0x8ad599c3a0ff1de082011efddc58f1908eb6e6d8,0x6deb9c262b459b36,0x23746e6a58dcb13d4af821b93f062,0x5d453d2e927e50ee873f70e3aa74
281,16871053,0x8ad599c3a0ff1de082011efddc58f1908eb6e6d8,0x6deb9c262b459b36,0x23746e6a58dcb13d4af821b93f062,0x5d458f80b35bc221fa3a7ff249f0
282,16871052,0x8ad599c3a0ff1de082011efddc58f1908eb6e6d8,0x6deb9c262b459b36,0x23746e6a58dcb13d4af821b93f062,0x5d458f80b35bc221fa3a7ff249f0
283,16871051,0x8ad599c3a0ff1de082011efddc58f1908eb6e6d8,0x6deb9c262b459b36,0x23746e6a58dcb13d4af821b93f062,0x5d458f80b35bc221fa3a7ff249f0
284,16871050,0x8ad599c3a0ff1de082011efddc58f1908eb6e6d8,0x6deb9c262b459b36,0x23746e6a58dcb13d4af821b93f062,0x5d458f80b35bc221fa3a7ff249f0
285,16871049,0x8ad599c3a0ff1de082011efddc58f1908eb6e6d8,0x6deb9c262b459b36,0x23746e6a58dcb13d4af821b93f062,0x5d458f80b35bc221fa3a7ff249f0
286,16871048,0x8ad599c3a0ff1de082011efddc58f1908eb6e6d8,0x6deb9c262b459b36,0x23746e6a58dcb13d4af821b93f062,0x5d458f80b35bc221fa3a7ff249f0
287,16871047,0x8ad599c3a0ff1de082011efddc58f1908eb6e6d8,0x6deb9c262b459b36,0x23746e6a58dcb13d4af821b93f062,0x5d458f80b35bc221fa3a7ff249f0
288,16871046,0x8ad599c3a0ff1de082011efddc58f1908eb6e6d8,0x6deb9c262b459b36,0x23746e6a58dcb13d4af821b93f062,0x5d458f80b35bc221fa3a7ff249f0
289,16871045,0x8ad599c3a0ff1de082011efddc58f1908eb6e6d8,0x6deb9c262b459b36,0x23746e6a58dcb13d4af821b93f062,0x5d458f80b35bc221fa3a7ff249f0
290,16871044,0x8ad599c3a0ff1de082011efddc58f1908eb6e6d8,0x6deb9c262b459b36,0x23746e6a58dcb13d4af821b93f062,0x5d458f80b35bc221fa3a7ff249f0
291,16871043,0x8ad599c3a0ff1de082011efddc58f1908eb6e6d8,0x6deb9c262b459b36,0x23746e6a58dcb13d4af821b93f062,0x5d458f80b35bc221fa3a7ff249f0
292,16871042,0x8ad599c3a0ff1de082011efddc58f1908eb6e6d8,0x6deb9c262b459b36,0x23746e6a58dcb13d4af821b93f062,0x5d458f80b35bc221fa3a7ff249f0
293,16871041,0x8ad599c3a0ff1de082011efddc58f1908eb6e6d8,0x6deb9c262b459b36,0x23746e6a58dcb13d4af821b93f062,0x5d458f80b35bc221fa3a7ff249f0
294,16871040,0x8ad599c3a0ff1de082011efddc58f1908eb6e6d8,0x6deb9c262b459b36,0x23746e6a58dcb13d4af821b93f062,0x5d458f80b35bc221fa3a7ff249f0
295,16871039,0x8ad599c3a0ff1de082011efddc58f1908eb6e6d8,0x6deb9c262b459b36,0x23746e6a58dcb13d4af821b93f062,0x5d458f80b35bc221fa3a7ff249f0
296,16871038,0x8ad599c3a0ff1de082011efddc58f1908eb6e6d8,0x6deb9c262b459b36,0x23746e6a58dcb13d4af821b93f062,0x5d458f80b35bc221fa3a7ff249f0
297,16871037,0x8ad599c3a0ff1de082011efddc58f1908eb6e6d8,0x6deb9c262b459b36,0x23746e6a58dcb13d4af821b93f062,0x5d458f80b35bc221fa3a7ff249f0
298,16871036,0x8ad599c3a0ff1de082011efddc58f1908eb6e6d8,0x6deb9c262b459b36,0x23746e6a58dcb13d4af821b93f062,0x5d458f80b35bc221fa3a7ff249f0
299,16871035,0x8ad599c3a0ff1de082011efddc58f1908eb6e6d8,0x6deb9c262b459b36,0x23746e6a58dcb13d4af821b93f062,0x5d458f80b35bc221fa3a7ff249f0
300,16871034,0x8ad599c3a0ff1de082011efddc58f1908eb6e6d8,0x6deb9c262b459b36,0x23746e6a58dcb13d4af821b93f062,0x5d458f80b35bc221fa3a7ff249f0
301,16871033,0x8ad599c3a0ff1de082011efddc58f1908eb6e6d8,0x6deb9c262b459b36,0x23746e6a58dcb13d4af821b93f062,0x5d458f80b35bc221fa3a7ff249f0
302,16871032,0x8ad599c3a0ff1de082011efddc58f1908eb6e6d8,0x6deb9c262b459b36,0x23746e6a58dcb13d4af821b93f062,0x5d458f80b35bc221fa3a7ff249f0
303,16871031,0x8ad599c3a0ff1de082011efddc58f1908eb6e6d8,0x6deb9c262b459b36,0x23746e6a58dcb13d4af821b93f062,0x5d458f80b35bc221fa3a7ff249f0
304,16871030,0x8ad599c3a0ff1de082011efddc58f1908eb6e6d8,0x6deb9c262b459b36,0x23746e6a58dcb13d4af821b93f062,0x5d458f80b35bc221fa3a7ff249f0
305,16871029,0x8ad599c3a0ff1de082011efddc58f1908eb6e6d8,0x6deb9c262b459b36,0x23746e6a58dcb13d4af821b93f062,0x5d458f80b35bc221fa3a7ff249f0
306,16871028,0x8ad599c3a0ff1de082011efddc58f1908eb6e6d8,0x6deb9c262b459b36,0x23746e6a58dcb13d4af821b93f062,0x5d458f80b35bc221fa3a7ff249f0
307,16871027,0x8ad599c3a0ff1de082011efddc58f1908eb6e6d8,0x6deb9c262b459b36,0x23746e6a58dcb13d4af821b93f062,0x5d458f80b35bc221fa3a7ff249f0
308,16871026,0x8ad599c3a0ff1de082011efddc58f1908eb6e6d8,0x6deb9c262b459b36,0x23746e6a58dcb13d4af821b93f062,0x5d458f80b35bc221fa3a7ff249f0
309,16871025,0x8ad599c3a0ff1de082011efddc58f1908eb6e6d8,0x6deb9c262b459b36,0x23746e6a58dcb13d4af821b93f062,0x5d458f80b35bc221fa3a7ff249f0
310,16871024,0x8ad599c3a0ff1de082011efddc58f1908eb6e6d8,0x6deb9c262b459b36,0x23746e6a58dcb13d4af821b93f062,0x5d458f80b35bc221fa3a7ff249f0
311,16871023,0x8ad599c3a0ff1de082011efddc58f1908eb6e6d8,0x6deb9c262b459b36,0x23746e6a58dcb13d4af821b93f062,0x5d458f80b35bc221fa3a7ff249f0
312,16871022,0x8ad599c3a0ff1de082011efddc58f1908eb6e6d8,0x6deb9c262b459b36,0x23746e6a58dcb13d4af821b93f062,0x5d458f80b35bc221fa3a7ff249f0
313,16871021,0x8ad599c3a0ff1de082011efddc58f1908eb6e6d8,0x6deb9c262b459b36,0x23746e6a58dcb13d4af821b93f062,0x5d458f80b35bc221fa3a7ff249f0
314,16871020,0x8ad599c3a0ff1de082011efddc58f1908eb6e6d8,0x6deb9c262b459b36,0x23746e6a58dcb13d4af821b93f062,0x5d458f80b35bc221fa3a7ff249f0
315,16871019,0x8ad599c3a0ff1de082011efddc58f1908eb6e6d8,0x6deb9c262b459b36,0x23746e6a58dcb13d4af821b93f062,0x5d458f80b35bc221fa3a7ff249f0
316,16871018,0x8ad599c3a0ff1de082011efddc58f1908eb6e6d8,0x6deb9c262b459b36,0x23746e6a58dcb13d4af821b93f062,0x5d458f80b35bc221fa3a7ff249f0
317,16871017,0x8ad599c3a0ff1de082011efddc58f1908eb6e6d8,0x6deb9c262b459b36,0x23746e6a58dcb13d4af821b93f062,0x5d458f80b35bc221fa3a7ff249f0
318,16871016,0x8ad599c3a0ff1de082011efddc58f1908eb6e6d8,0x6deb9c262b459b36,0x23746e6a58dcb13d4af821b93f062,0x5d458f80b35bc221fa3a7ff249f0
319,16871015,0x8ad599c3a0ff1de082011efddc58f1908eb6e6d8,0x6deb9c262b459b36,0x23746e6a58dcb13d4af821b93f062,0x5d458f80b35bc221fa3a7ff249f0
320,16871014,0x8ad599c3a0ff1de082011efddc58f1908eb6e6d8,0x6deb9c262b459b36,0x23746e6a58dcb13d4af821b93f062,0x5d458f80b35bc221fa3a7ff249f0
321,16871013,0x8ad599c3a0ff1de082011efddc58f1908eb6e6d8,0x6deb9c262b459b36,0x23746e6a58dcb13d4af821b93f062,0x5d458f80b35bc221fa3a7ff249f0
322,16871012,0x8ad599c3a0ff1de082011efddc58f1908eb6e6d8,0x6deb9c262b459b36,0x23746e6a58dcb13d4af821b93f062,0x5d458f80b35bc221fa3a7ff249f0
323,16871011,0x8ad599c3a0ff1de082011efddc58f1908eb6e6d8,0x6deb9c262b459b36,0x23746e6a58dcb13d4af821b93f062,0x5d458f80b35bc221fa3a7ff249f0
324,16871010,0x8ad599c3a0ff1de082011efddc58f1908eb6e6d8,0x6deb9c262b459b36,0x23746e6a58dcb13d4af821b93f062,0x5d458f80b35bc221fa3a7ff249f0
325,16871009,0x8ad599c3a0ff1de082011efddc58f1908eb6e6d8,0x6deb9c262b459b36,0x23746e6a58dcb13d4af821b93f062,0x5d458f80b35bc221fa3a7ff249f0
326,16871008,0x8ad599c3a0ff1de082011efddc58f1908eb6e6d8,0x6deb9c262b459b36,0x23746e6a58dcb13d4af821b93f062,0x5d45786d7f7d66f77a045c54ecab
327,16871007,0x8ad599c3a0ff1de082011efddc58f1908eb6e6d8,0x6deb9c262b459b36,0x23746e6a58dcb13d4af821b93f062,0x5d45786d7f7d66f77a045c54ecab
328,16871006,0x8ad599c3a0ff1de082011efddc58f1908eb6e6d8,0x6deb9c262b459b36,0x23746e6a58dcb13d4af821b93f062,0x5d45786d7f7d66f77a045c54ecab
329,16871005,0x8ad599c3a0ff1de082011efddc58f1908eb6e6d8,0x6deb9c262b459b36,0x23746e6a58dcb13d4af821b93f062,0x5d45786d7f7d66f77a045c54ecab
330,16871004,0x8ad599c3a0ff1de082011efddc58f1908eb6e6d8,0x6deb9c262b459b36,0x23746e6a58dcb13d4af821b93f062,0x5d45786d7f7d66f77a045c54ecab
331,16871003,0x8ad599c3a0ff1de082011efddc58f1908eb6e6d8,0x6deb9c262b459b36,0x23746e6a58dcb13d4af821b93f062,0x5d45786d7f7d66f77a045c54ecab
332,16871002,0x8ad599c3a0ff1de082011efddc58f1908eb6e6d8,0x6deb9c262b459b36,0x23746e6a58dcb13d4af821b93f062,0x5d45786d7f7d66f77a045c54ecab
333,16871001,0x8ad599c3a0ff1de082011efddc58f1908eb6e6d8,0x6deb9c262b459b36,0x23746e6a58dcb13d4af821b93f062,0x5d45786d7f7d66f77a045c54ecab
334,16871000,0x8ad599c3a0ff1de082011efddc58f1908eb6e6d8,0x6deb9c262b459b36,0x23746e6a58dcb13d4af821b93f062,0x5d45786d7f7d66f77a045c54ecab
335,16870947,0x8ad599c3a0ff1de082011efddc58f1908eb6e6d8,0x6deb9c262b459b36,0x23746e6a58dcb13d4af821b93f062,0x5d45786d7f7d66f77a045c54ecab
336,16870945,0x8ad599c3a0ff1de082011efddc58f1908eb6e6d8,0x6deb9c262b459b36,0x23746e6a58dcb13d4af821b93f062,0x5d4002ac3e214a0bf66154f14c3a
337,16870944,0x8ad599c3a0ff1de082011efddc58f1908eb6e6d8,0x6deb9c262b459b36,0x23746e6a58dcb13d4af821b93f062,0x5d362eaf6c36d822196574db05bd
338,16870943,0x8ad599c3a0ff1de082011efddc58f1908eb6e6d8,0x7c6ecfdffe1a36b0,0x23746e6a58dcb13d4af821b93f062,0x5d2294932b4fb53e2631e516db87
339,16870940,0x8ad599c3a0ff1de082011efddc58f1908eb6e6d8,0x7c6ecfdffe1a36b0,0x23746e6a58dcb13d4af821b93f062,0x5d1f4ab073bd1ff563b85fcf7421
340,16870939,0x8ad599c3a0ff1de082011efddc58f1908eb6e6d8,0x7c6ecfdffe1a36b0,0x23746e6a58dcb13d4af821b93f062,0x5d18b165eb9ecc6cd644ba82747b
341,16870938,0x8ad599c3a0ff1de082011efddc58f1908eb6e6d8,0x7c6ecfdffe1a36b0,0x23746e6a58dcb13d4af821b93f062,0x5d12e54caf32a71e6a8550c2807e
342,16870937,0x8ad599c3a0ff1de082011efddc58f1908eb6e6d8,0x7c6ecfdffe1a36b0,0x23746e6a58dcb13d4af821b93f062,0x5d0eec092b7ffcd92e4e77ac6867
343,16870935,0x8ad599c3a0ff1de082011efddc58f1908eb6e6d8,0x7c6ecfdffe1a36b0,0x23746e6a58dcb13d4af821b93f062,0x5d09db900abdab100c977c21a6a0
344,16870931,0x8ad599c3a0ff1de082011efddc58f1908eb6e6d8,0x7c6ecfdffe1a36b0,0x23746e6a58dcb13d4af821b93f062,0x5d034ce8bcfbfc42f781fd1506f4
345,16870921,0x8ad599c3a0ff1de082011efddc58f1908eb6e6d8,0x7c6ecfdffe1a36b0,0x23746e6a58dcb13d4af821b93f062,0x5d034aeaa27dfe58a78994de0835
346,16870920,0x8ad599c3a0ff1de082011efddc58f1908eb6e6d8,0x7c6ecfdffe1a36b0,0x23746e6a58dcb13d4af821b93f062,0x5d00f70982745dc324a670c2fe55
347,16870916,0x8ad599c3a0ff1de082011efddc58f1908eb6e6d8,0x7c6ecfdffe1a36b0,0x23746e6a58dcb13d4af821b93f062,0x5cfcd5af50c5f779fd0401ce43b4
348,16870915,0x8ad599c3a0ff1de082011efddc58f1908eb6e6d8,0x7c6ecfdffe1a36b0,0x23746e6a58dcb13d4af821b93f062,0x5cf742e9372eb2c2830c45ff5dee
349,16870903,0x8ad599c3a0ff1de082011efddc58f1908eb6e6d8,0x7c6ecfdffe1a36b0,0x23746e6a58dcb13d4af821b93f062,0x5cf3f61cfda90a83e2099ea0fc44
350,16870902,0x8ad599c3a0ff1de082011efddc58f1908eb6e6d8,0x7c6ecfdffe1a36b0,0x23746e6a58dcb13d4af821b93f062,0x5ce858250ea87249e9bf275b219a
351,16870895,0x8ad599c3a0ff1de082011efddc58f1908eb6e6d8,0x7c6ecfdffe1a36b0,0x23746e6a58dcb13d4af821b93f062,0x5ce56a025b7d7ec7f48219a2fa02
352,16870782,0x8ad599c3a0ff1de082011efddc58f1908eb6e6d8,0x7c6ecfdffe1a36b0,0x23746e6a58dcb13d4af821b93f062,0x5ce57781387339e435d72d3e23fc
353,16870779,0x8ad599c3a0ff1de082011efddc58f1908eb6e6d8,0x7c6ecfdffe1a36b0,0x23746e6a58dcb13d4af821b93f062,0x5ceeef7b96d00d5ac39961a48ac5
354,16870757,0x8ad599c3a0ff1de082011efddc58f1908eb6e6d8,0x7c6ecfdffe1a36b0,0x23746e6a58dcb13d4af821b93f062,0x5cf698e792a10121efb5b16f2523
355,16870756,0x8ad599c3a0ff1de082011efddc58f1908eb6e6d8,0x7c6ecfdffe1a36b0,0x23746e6a58dcb13d4af821b93f062,0x5cf9e0b6d9bcc373ecfc0218eac5
356,16870755,0x8ad599c3a0ff1de082011efddc58f1908eb6e6d8,0x7c6ecfdffe1a36b0,0x23746e6a58dcb13d4af821b93f062,0x5cff5dd5fa58eefc225fe1182c12
357,16870706,0x8ad599c3a0ff1de082011efddc58f1908eb6e6d8,0x7c6ecfdffe1a36b0,0x23746e6a58dcb13d4af821b93f062,0x5d042465ab6bff287a2b2986d8d8
358,16870695,0x8ad599c3a0ff1de082011efddc58f1908eb6e6d8,0x7d808d7201282d34,0x23746e6a58dcb13d4af821b93f062,0x5d042465ab6bff287a2b2986d8d8
359,16870684,0x8ad599c3a0ff1de082011efddc58f1908eb6e6d8,0x7d808d7201282d34,0x23746e6a58dcb13d4af821b93f062,0x5d04674be37215cbf3e65262e69e
360,16870683,0x8ad599c3a0ff1de082011efddc58f1908eb6e6d8,0x7d808d7201282d34,0x23746e6a58dcb13d4af821b93f062,0x5d0cafe6542d0fedaf52e0de30b7
361,16870682,0x8ad599c3a0ff1de082011efddc58f1908eb6e6d8,0x7d808d7201282d34,0x23746e6a58dcb13d4af821b93f062,0x5d11811c5baa973b0f8705f15507
362,16870681,0x8ad599c3a0ff1de082011efddc58f1908eb6e6d8,0x7d808d7201282d34,0x23746e6a58dcb13d4af821b93f062,0x5d1446d7780e4c0d8d344ce0ff0a
363,16870674,0x8ad599c3a0ff1de082011efddc58f1908eb6e6d8,0x7d808d7201282d34,0x23746e6a58dcb13d4af821b93f062,0x5d2072b26d69459bdec93fed5826
364,16870625,0x8ad599c3a0ff1de082011efddc58f1908eb6e6d8,0x7d808d7201282d34,0x23746e6a58dcb13d4af821b93f062,0x5d26bda48954df4af07ffa3efa7a
365,16870624,0x8ad599c3a0ff1de082011efddc58f1908eb6e6d8,0x7d808d7201282d34,0x23746e6a58dcb13d4af821b93f062,0x5d2893919d02ca7f260c75ca9227
366,16870620,0x8ad599c3a0ff1de082011efddc58f1908eb6e6d8,0x6efd59b82e5391ba,0x23746e6a58dcb13d4af821b93f062,0x5d2c0f5b8c7bac7648d0880180d9
367,16870619,0x8ad599c3a0ff1de082011efddc58f1908eb6e6d8,0x6efd59b82e5391ba,0x23746e6a58dcb13d4af821b93f062,0x5d34b835da19f3511c933e7c45cb
368,16870594,0x8ad599c3a0ff1de082011efddc58f1908eb6e6d8,0x6efd59b82e5391ba,0x23746e6a58dcb13d4af821b93f062,0x5d34c1daa438a400c6e744e9c0cb
369,16870591,0x8ad599c3a0ff1de082011efddc58f1908eb6e6d8,0x6efd59b82e5391ba,0x23746e6a58dcb13d4af821b93f062,0x5d3713701e76315ef0fb75e40ea3
370,16870586,0x8ad599c3a0ff1de082011efddc58f1908eb6e6d8,0x6efd59b82e5391ba,0x23746e6a58dcb13d4af821b93f062,0x5d3bcbfb622dcb7e193708aa221e
371,16870539,0x8ad599c3a0ff1de082011efddc58f1908eb6e6d8,0x6efd59b82e5391ba,0x23746e6a58dcb13d4af821b93f062,0x5d3f6f8216dae2aa367227a18ff4
372,16870538,0x8ad599c3a0ff1de082011efddc58f1908eb6e6d8,0x6efd59b82e5391ba,0x23746e6a58dcb13d4af821b93f062,0x5d3c2b83035ea0cdba48c83e6da2
373,16870537,0x8ad599c3a0ff1de082011efddc58f1908eb6e6d8,0x6efd59b82e5391ba,0x23746e6a58dcb13d4af821b93f062,0x5d30a50efa9f60b11966361ed71f
374,16870536,0x8ad599c3a0ff1de082011efddc58f1908eb6e6d8,0x6efd59b82e5391ba,0x23746e6a58dcb13d4af821b93f062,0x5d2c7a5903d15beb7084e4ebba0e
375,16870532,0x8ad599c3a0ff1de082011efddc58f1908eb6e6d8,0x6efd59b82e5391ba,0x23746e6a58dcb13d4af821b93f062,0x5d2c5a6f30291c3bb80fb4130d54
376,16870529,0x8ad599c3a0ff1de082011efddc58f1908eb6e6d8,0xc97e5d5aee10e38c,0x23746e6a58dcb13d4af821b93f062,0x5d251f3c31f3a25a36b48da97f4f
377,16870511,0x8ad599c3a0ff1de082011efddc58f1908eb6e6d8,0xc97e5d5aee10e38c,0x23746e6a58dcb13d4af821b93f062,0x5d21eb95d919dd01eb6b072fd624
378,16870504,0x8ad599c3a0ff1de082011efddc58f1908eb6e6d8,0xc97e5d5aee10e38c,0x23746e6a58dcb13d4af821b93f062,0x5d135de1acb8f7e41ec4a364700e
379,16870469,0x8ad599c3a0ff1de082011efddc58f1908eb6e6d8,0xc97e5d5aee10e38c,0x23746e6a58dcb13d4af821b93f062,0x5cfdd6c05daa8a64e10f3ea26a29
380,16870466,0x8ad599c3a0ff1de082011efddc58f1908eb6e6d8,0xc97e5d5aee10e38c,0x23746e6a58dcb13d4af821b93f062,0x5cfe4e58043bac089b3225771e98
381,16870461,0x8ad599c3a0ff1de082011efddc58f1908eb6e6d8,0xc97e5d5aee10e38c,0x23746e6a58dcb13d4af821b93f062,0x5cfe7cd371d3342d9c26bde0eca4
382,16870417,0x8ad599c3a0ff1de082011efddc58f1908eb6e6d8,0xc97e5d5aee10e38c,0x23746e6a58dcb13d4af821b93f062,0x5cfe7d87d375ae9c34f45b617f7a
383,16870382,0x8ad599c3a0ff1de082011efddc58f1908eb6e6d8,0xc9695e3e7d13ef4c,0x23746e6a58dcb13d4af821b93f062,0x5cfe7d87d375ae9c34f45b617f7a
384,16870336,0x8ad599c3a0ff1de082011efddc58f1908eb6e6d8,0xc9695e3e7d13ef4c,0x23746e6a58dcb13d4af821b93f062,0x5cfe7f6695d18232da00ead4dc3a
385,16870324,0x8ad599c3a0ff1de082011efddc58f1908eb6e6d8,0xc9695e3e7d13ef4c,0x23746e6a58dcb13d4af821b93f062,0x5cfe74daba3ac2f6ad9cfdbeafd5
386,16870323,0x8ad599c3a0ff1de082011efddc58f1908eb6e6d8,0xc9695e3e7d13ef4c,0x23746e6a58dcb13d4af821b93f062,0x5cfe791457d84e42b7b007d92036
387,16870321,0x8ad599c3a0ff1de082011efddc58f1908eb6e6d8,0xc9695e3e7d13ef4c,0x23746e6a58dcb13d4af821b93f062,0x5cfedebe66bc04b2820cb852aa8a
388,16870316,0x8ad599c3a0ff1de082011efddc58f1908eb6e6d8,0xc9695e3e7d13ef4c,0x23746e6a58dcb13d4af821b93f062,0x5cff86d1af05c7254ae23642630d
389,16870314,0x8ad599c3a0ff1de082011efddc58f1908eb6e6d8,0xc9695e3e7d13ef4c,0x23746e6a58dcb13d4af821b93f062,0x5d0792465e7fcef322a11110acbe
390,16870312,0x8ad599c3a0ff1de082011efddc58f1908eb6e6d8,0xc9695e3e7d13ef4c,0x23746e6a58dcb13d4af821b93f062,0x5d0bfb649db25d86ecab9b41e502
391,16870309,0x8ad599c3a0ff1de082011efddc58f1908eb6e6d8,0xc9695e3e7d13ef4c,0x23746e6a58dcb13d4af821b93f062,0x5d0c0f0c9760005548d75f5a6f4e
392,16870297,0x8ad599c3a0ff1de082011efddc58f1908eb6e6d8,0xc9695e3e7d13ef4c,0x23746e6a58dcb13d4af821b93f062,0x5d0e489f148a83d2022f24c0640c
393,16870273,0x8ad599c3a0ff1de082011efddc58f1908eb6e6d8,0xc9695e3e7d13ef4c,0x23746e6a58dcb13d4af821b93f062,0x5d0e56183b8a4320ddffaf8655be
394,16870272,0x8ad599c3a0ff1de082011efddc58f1908eb6e6d8,0xc9695e3e7d13ef4c,0x23746e6a58dcb13d4af821b93f062,0x5d13f3395e27a1613157b9f97192
395,16870269,0x8ad599c3a0ff1de082011efddc58f1908eb6e6d8,0xc9695e3e7d13ef4c,0x23746e6a58dcb13d4af821b93f062,0x5d1923c4327953910a6bc4627dee
396,16870268,0x8ad599c3a0ff1de082011efddc58f1908eb6e6d8,0xc9695e3e7d13ef4c,0x23746e6a58dcb13d4af821b93f062,0x5d1c5d5734d1699dbbf0a52953cd
397,16870252,0x8ad599c3a0ff1de082011efddc58f1908eb6e6d8,0xc9695e3e7d13ef4c,0x23746e6a58dcb13d4af821b93f062,0x5d1f7587ba9449b1181b2b8c7364
398,16870248,0x8ad599c3a0ff1de082011efddc58f1908eb6e6d8,0xc9695e3e7d13ef4c,0x23746e6a58dcb13d4af821b93f062,0x5d1e666387b599508d08138ff8ea
399,16870242,0x8ad599c3a0ff1de082011efddc58f1908eb6e6d8,0xc9695e3e7d13ef4c,0x23746e6a58dcb13d4af821b93f062,0x5d1dcc9224d1566109eaa018a441
400,16870240,0x8ad599c3a0ff1de082011efddc58f1908eb6e6d8,0xc9695e3e7d13ef4c,0x23746e6a58dcb13d4af821b93f062,0x5d1561597e2a3845723777d1a1e5
401,16870220,0x8ad599c3a0ff1de082011efddc58f1908eb6e6d8,0xc9695e3e7d13ef4c,0x23746e6a58dcb13d4af821b93f062,0x5d14d172459d8db71fa2559495ef
402,16870217,0x8ad599c3a0ff1de082011efddc58f1908eb6e6d8,0xc9695e3e7d13ef4c,0x23746e6a58dcb13d4af821b93f062,0x5d14d158a1bc20ca2768c41aaf99
403,16870216,0x8ad599c3a0ff1de082011efddc58f1908eb6e6d8,0xc9695e3e7d13ef4c,0x23746e6a58dcb13d4af821b93f062,0x5d0eb90e8a3aea9837586484df39
404,16870214,0x8ad599c3a0ff1de082011efddc58f1908eb6e6d8,0xc9695e3e7d13ef4c,0x23746e6a58dcb13d4af821b93f062,0x5d0c975d350e68599b0ed6de122e
405,16870109,0x8ad599c3a0ff1de082011efddc58f1908eb6e6d8,0xc9695e3e7d13ef4c,0x23746e6a58dcb13d4af821b93f062,0x5d03ca15556b4df771e1c1d89854
406,16870088,0x8ad599c3a0ff1de082011efddc58f1908eb6e6d8,0xc9695e3e7d13ef4c,0x23746e6a58dcb13d4af821b93f062,0x5d03c055e5159c63c251e440e018
407,16870086,0x8ad599c3a0ff1de082011efddc58f1908eb6e6d8,0xc9695e3e7d13ef4c,0x23746e6a58dcb13d4af821b93f062,0x5d09fc25dc921ece4282699102a2
408,16870045,0x8ad599c3a0ff1de082011efddc58f1908eb6e6d8,0xc9695e3e7d13ef4c,0x23746e6a58dcb13d4af821b93f062,0x5d0e6ca7ce8cecceeaeabf55c63c
409,16870039,0x8ad599c3a0ff1de082011efddc58f1908eb6e6d8,0xc9695e3e7d13ef4c,0x23746e6a58dcb13d4af821b93f062,0x5d0e6bb4b221e43967fe3b0bab92
410,16870030,0x8ad599c3a0ff1de082011efddc58f1908eb6e6d8,0xc9695e3e7d13ef4c,0x23746e6a58dcb13d4af821b93f062,0x5d0872221070dec3a3d239a27f9f
411,16870029,0x8ad599c3a0ff1de082011efddc58f1908eb6e6d8,0xc9695e3e7d13ef4c,0x23746e6a58dcb13d4af821b93f062,0x5cf5d160897aed019026c762c4d5
412,16870027,0x8ad599c3a0ff1de082011efddc58f1908eb6e6d8,0xc9695e3e7d13ef4c,0x23746e6a58dcb13d4af821b93f062,0x5cef769d87ab33ca3f5feb1f7451
413,16870007,0x8ad599c3a0ff1de082011efddc58f1908eb6e6d8,0xc9695e3e7d13ef4c,0x23746e6a58dcb13d4af821b93f062,0x5ce84905426b81f4f796b92cc89e
414,16870006,0x8ad599c3a0ff1de082011efddc58f1908eb6e6d8,0xc9695e3e7d13ef4c,0x23746e6a58dcb13d4af821b93f062,0x5ce82e79ea5d0d5bb6a6e972f77d
415,16870005,0x8ad599c3a0ff1de082011efddc58f1908eb6e6d8,0xc9695e3e7d13ef4c,0x23746e6a58dcb13d4af821b93f062,0x5ce7bacb0df448e9db33a5b4c83e
416,16870002,0x8ad599c3a0ff1de082011efddc58f1908eb6e6d8,0xc9695e3e7d13ef4c,0x23746e6a58dcb13d4af821b93f062,0x5ce6ff3ca161299159bb96893617
417,16870000,0x8ad599c3a0ff1de082011efddc58f1908eb6e6d8,0xc9695e3e7d13ef4c,0x23746e6a58dcb13d4af821b93f062,0x5ce4f3d8d3c149c7a9c3a0986848
418,16869999,0x8ad599c3a0ff1de082011efddc58f1908eb6e6d8,0x6972d7a4b538b182,0x23746e6a58dcb13d4af821b93f062,0x5cde63a08911ffaf8ce7d936e08f
419,16869998,0x8ad599c3a0ff1de082011efddc58f1908eb6e6d8,0x6972d7a4b538b182,0x23746e6a58dcb13d4af821b93f062,0x5cd22d28b569ff203b6f64b4076c
420,16869982,0x8ad599c3a0ff1de082011efddc58f1908eb6e6d8,0x6972d7a4b538b182,0x23746e6a58dcb13d4af821b93f062,0x5cce0408d7a436cbfad888d589ab
421,16869929,0x8ad599c3a0ff1de082011efddc58f1908eb6e6d8,0x6972d7a4b538b182,0x23746e6a58dcb13d4af821b93f062,0x5ccb58df3e836bfffffdd5249032
422,16869928,0x8ad599c3a0ff1de082011efddc58f1908eb6e6d8,0x6972d7a4b538b182,0x23746e6a58dcb13d4af821b93f062,0x5cc487bc73827b57443f36c46f2d
423,16869927,0x8ad599c3a0ff1de082011efddc58f1908eb6e6d8,0x6972d7a4b538b182,0x23746e6a58dcb13d4af821b93f062,0x5cbae958df1272917405c6d34e99
424,16869926,0x8ad599c3a0ff1de082011efddc58f1908eb6e6d8,0x6972d7a4b538b182,0x23746e6a58dcb13d4af821b93f062,0x5cbad31395822955b1e4e2b59d12
425,16869871,0x8ad599c3a0ff1de082011efddc58f1908eb6e6d8,0x6972d7a4b538b182,0x23746e6a58dcb13d4af821b93f062,0x5cb7405f4bb9aaa6bafd7feb41c9
426,16869835,0x8ad599c3a0ff1de082011efddc58f1908eb6e6d8,0x6972d7a4b538b182,0x23746e6a58dcb13d4af821b93f062,0x5cb72155b32e203c94ea7b7a295a
427,16869826,0x8ad599c3a0ff1de082011efddc58f1908eb6e6d8,0x69753b653d562334,0x23746e6a58dcb13d4af821b93f062,0x5cb72155b32e203c94ea7b7a295a
428,16869735,0x8ad599c3a0ff1de082011efddc58f1908eb6e6d8,0x69753b653d562334,0x23746e6a58dcb13d4af821b93f062,0x5cb3787148d8f3f6f75791df09ea
429,16869725,0x8ad599c3a0ff1de082011efddc58f1908eb6e6d8,0x69753b653d562334,0x23746e6a58dcb13d4af821b93f062,0x5cb378464aef88ad3312f61fbbf5
430,16869707,0x8ad599c3a0ff1de082011efddc58f1908eb6e6d8,0x69753b653d562334,0x23746e6a58dcb13d4af821b93f062,0x5cb3781b4d061d636ece5a606e00
431,16869706,0x8ad599c3a0ff1de082011efddc58f1908eb6e6d8,0x69753b653d562334,0x23746e6a58dcb13d4af821b93f062,0x5cb376c35dbac3154ca97c65fe55
432,16869705,0x8ad599c3a0ff1de082011efddc58f1908eb6e6d8,0x69753b653d562334,0x23746e6a58dcb13d4af821b93f062,0x5cb32cdef48a5c4bf6bdcb980077
433,16869700,0x8ad599c3a0ff1de082011efddc58f1908eb6e6d8,0x69753b653d562334,0x23746e6a58dcb13d4af821b93f062,0x5cb2c81bd976e767f5f0c3394931
434,16869699,0x8ad599c3a0ff1de082011efddc58f1908eb6e6d8,0x69753b653d562334,0x23746e6a58dcb13d4af821b93f062,0x5cb113b0eb563c27ab81b2fa1327
435,16869697,0x8ad599c3a0ff1de082011efddc58f1908eb6e6d8,0x69753b653d562334,0x23746e6a58dcb13d4af821b93f062,0x5cafc3d13bc00bda5380ec690591
436,16869696,0x8ad599c3a0ff1de082011efddc58f1908eb6e6d8,0x69753b653d562334,0x23746e6a58dcb13d4af821b93f062,0x5cafbe1a8d0f428b35aaf4486632
437,16869695,0x8ad599c3a0ff1de082011efddc58f1908eb6e6d8,0x69753b653d562334,0x23746e6a58dcb13d4af821b93f062,0x5cafb762e0967f048af29e6437d8
438,16869641,0x8ad599c3a0ff1de082011efddc58f1908eb6e6d8,0x69753b653d562334,0x23746e6a58dcb13d4af821b93f062,0x5caf95cc823aad633558f0ef5016
439,16869639,0x8ad599c3a0ff1de082011efddc58f1908eb6e6d8,0x69753b653d562334,0x23746e6a58dcb13d4af821b93f062,0x5cb79425097348c62176da6ed465
440,16869627,0x8ad599c3a0ff1de082011efddc58f1908eb6e6d8,0x69753b653d562334,0x23746e6a58dcb13d4af821b93f062,0x5cbff10fe70f8600d2a004813b93
441,16869524,0x8ad599c3a0ff1de082011efddc58f1908eb6e6d8,0x69753b653d562334,0x23746e6a58dcb13d4af821b93f062,0x5cc63e99f57b25090b2317c9bbd8
442,16869519,0x8ad599c3a0ff1de082011efddc58f1908eb6e6d8,0x69753b653d562334,0x23746e6a58dcb13d4af821b93f062,0x5cc6414a67be3e2e6493e691c8cb
443,16869517,0x8ad599c3a0ff1de082011efddc58f1908eb6e6d8,0x69753b653d562334,0x23746e6a58dcb13d4af821b93f062,0x5cc648de74cc623b0b1394e9900d
444,16869516,0x8ad599c3a0ff1de082011efddc58f1908eb6e6d8,0x69753b653d562334,0x23746e6a58dcb13d4af821b93f062,0x5cc981819fd026c0125d3f37cc75
445,16869514,0x8ad599c3a0ff1de082011efddc58f1908eb6e6d8,0x69753b653d562334,0x23746e6a58dcb13d4af821b93f062,0x5cd0623c2c9bdcbee0d485af8cc3
446,16869512,0x8ad599c3a0ff1de082011efddc58f1908eb6e6d8,0x69753b653d562334,0x23746e6a58dcb13d4af821b93f062,0x5cd063eaf7eee01c93713b45cd0a
447,16869500,0x8ad599c3a0ff1de082011efddc58f1908eb6e6d8,0x69753b653d562334,0x23746e6a58dcb13d4af821b93f062,0x5cd968a6c9e6a20a08660cc9017a
448,16869492,0x8ad599c3a0ff1de082011efddc58f1908eb6e6d8,0x69753b653d562334,0x23746e6a58dcb13d4af821b93f062,0x5cd9731d65bf37fff62f2faf34f8
449,16869487,0x8ad599c3a0ff1de082011efddc58f1908eb6e6d8,0x69753b653d562334,0x23746e6a58dcb13d4af821b93f062,0x5cd994c05587ed5f999341d52127
450,16869483,0x8ad599c3a0ff1de082011efddc58f1908eb6e6d8,0x69753b653d562334,0x23746e6a58dcb13d4af821b93f062,0x5cd9a3e34eedc29c64c300695ba6
451,16869482,0x8ad599c3a0ff1de082011efddc58f1908eb6e6d8,0x69753b653d562334,0x23746e6a58dcb13d4af821b93f062,0x5cd9c5866a3f19c5ebee8057214b
452,16869462,0x8ad599c3a0ff1de082011efddc58f1908eb6e6d8,0x69753b653d562334,0x23746e6a58dcb13d4af821b93f062,0x5cd9da13e0b1d2b684a50883c522
453,16869461,0x8ad599c3a0ff1de082011efddc58f1908eb6e6d8,0x69753b653d562334,0x23746e6a58dcb13d4af821b93f062,0x5cd9d7e4fbd75ff78d291fcccfac
454,16869450,0x8ad599c3a0ff1de082011efddc58f1908eb6e6d8,0x69753b653d562334,0x23746e6a58dcb13d4af821b93f062,0x5cd9d475cea214520edebc0e53f1
455,16869398,0x8ad599c3a0ff1de082011efddc58f1908eb6e6d8,0x69753b653d562334,0x23746e6a58dcb13d4af821b93f062,0x5cda3358c8c0165cddd5082c9168
456,16869396,0x8ad599c3a0ff1de082011efddc58f1908eb6e6d8,0x69753b653d562334,0x23746e6a58dcb13d4af821b93f062,0x5ccd2d00597ed2ac5ca925dbd250
457,16869391,0x8ad599c3a0ff1de082011efddc58f1908eb6e6d8,0x69753b653d562334,0x23746e6a58dcb13d4af821b93f062,0x5cc4d86e241b3ff0c6d19069e090
458,16869388,0x8ad599c3a0ff1de082011efddc58f1908eb6e6d8,0x69753b653d562334,0x23746e6a58dcb13d4af821b93f062,0x5cbac4d95f553420a51412e3c37f
459,16869387,0x8ad599c3a0ff1de082011efddc58f1908eb6e6d8,0x69753b653d562334,0x23746e6a58dcb13d4af821b93f062,0x5cbe80a790fe0b72be23335f896e
460,16869382,0x8ad599c3a0ff1de082011efddc58f1908eb6e6d8,0x697516bcd4782d2c,0x23746e6a58dcb13d4af821b93f062,0x5cbe80a790fe0b72be23335f896e
461,16869378,0x8ad599c3a0ff1de082011efddc58f1908eb6e6d8,0x697516bcd4782d2c,0x23746e6a58dcb13d4af821b93f062,0x5cb20fcdc639eae37a479ae43fb5
462,16869375,0x8ad599c3a0ff1de082011efddc58f1908eb6e6d8,0x697516bcd4782d2c,0x23746e6a58dcb13d4af821b93f062,0x5caac0f04c600f064fc1f91b6d6b
463,16869372,0x8ad599c3a0ff1de082011efddc58f1908eb6e6d8,0x697516bcd4782d2c,0x23746e6a58dcb13d4af821b93f062,0x5caa9f264b2d5719fc24a56044cd
464,16869358,0x8ad599c3a0ff1de082011efddc58f1908eb6e6d8,0x697516bcd4782d2c,0x23746e6a58dcb13d4af821b93f062,0x5caa9dce5b6a6ed58cec01384127
465,16869357,0x8ad599c3a0ff1de082011efddc58f1908eb6e6d8,0x697516bcd4782d2c,0x23746e6a58dcb13d4af821b93f062,0x5cbc4c013c84aa24d06d3a0b771a
466,16869356,0x8ad599c3a0ff1de082011efddc58f1908eb6e6d8,0x697516bcd4782d2c,0x23746e6a58dcb13d4af821b93f062,0x5cc9c2655fb7f016d010166672d3
467,16869354,0x8ad599c3a0ff1de082011efddc58f1908eb6e6d8,0x697516bcd4782d2c,0x23746e6a58dcb13d4af821b93f062,0x5cdcc8ba96d65629038c2917a3d9
468,16869353,0x8ad599c3a0ff1de082011efddc58f1908eb6e6d8,0x7d6dcd6daf6ab49e,0x23746e6a58dcb13d4af821b93f062,0x5ce79b3d35e7ba2bf30dd06da2da
469,16869352,0x8ad599c3a0ff1de082011efddc58f1908eb6e6d8,0x7d6dcd6daf6ab49e,0x23746e6a58dcb13d4af821b93f062,0x5cf1fd57b754f458e7ccc8c49776
470,16869335,0x8ad599c3a0ff1de082011efddc58f1908eb6e6d8,0x7d6dcd6daf6ab49e,0x23746e6a58dcb13d4af821b93f062,0x5d018cd378f79ce6dfd02f57c8dc
471,16869276,0x8ad599c3a0ff1de082011efddc58f1908eb6e6d8,0x7d6dcd6daf6ab49e,0x23746e6a58dcb13d4af821b93f062,0x5d0182a1267af873427d7e317fd6
472,16869230,0x8ad599c3a0ff1de082011efddc58f1908eb6e6d8,0x7d62f532ab30d3a1,0x23746e6a58dcb13d4af821b93f062,0x5d0182a1267af873427d7e317fd6
473,16869225,0x8ad599c3a0ff1de082011efddc58f1908eb6e6d8,0x7d62f532ab30d3a1,0x23746e6a58dcb13d4af821b93f062,0x5cefa28a399c1955db5f12ea22a7
474,16869222,0x8ad599c3a0ff1de082011efddc58f1908eb6e6d8,0x7d62f532ab30d3a1,0x23746e6a58dcb13d4af821b93f062,0x5ceb08fdacff2094a6c5fd86c16b
475,16869221,0x8ad599c3a0ff1de082011efddc58f1908eb6e6d8,0x696a3e81d03e4c2f,0x23746e6a58dcb13d4af821b93f062,0x5cdb33e8685fc44c59ac2b768db4
476,16869218,0x8ad599c3a0ff1de082011efddc58f1908eb6e6d8,0x696a3e81d03e4c2f,0x23746e6a58dcb13d4af821b93f062,0x5cb8d8b65c42c6dc71805d65a1ea
477,16869217,0x8ad599c3a0ff1de082011efddc58f1908eb6e6d8,0x696a3e81d03e4c2f,0x23746e6a58dcb13d4af821b93f062,0x5cac8d291b81685116a1914c76b1
478,16869215,0x8ad599c3a0ff1de082011efddc58f1908eb6e6d8,0x6b60a183151c3065,0x23746e6a58dcb13d4af821b93f062,0x5c91100cb8d6e816c7c20c925763
479,16869201,0x8ad599c3a0ff1de082011efddc58f1908eb6e6d8,0x6b60a183151c3065,0x23746e6a58dcb13d4af821b93f062,0x5c88a94499e74bce3821e2b402cf
480,16869197,0x8ad599c3a0ff1de082011efddc58f1908eb6e6d8,0x6b60a183151c3065,0x23746e6a58dcb13d4af821b93f062,0x5c889ae108672487717abc82abb0
481,16869105,0x8ad599c3a0ff1de082011efddc58f1908eb6e6d8,0x6b60a183151c3065,0x23746e6a58dcb13d4af821b93f062,0x5c7ba663ebd9ff7b5e508615e575
482,16869037,0x8ad599c3a0ff1de082011efddc58f1908eb6e6d8,0x6b60a183151c3065,0x23746e6a58dcb13d4af821b93f062,0x5c7bab67f51f708e98b7f4abdab8
483,16869000,0x8ad599c3a0ff1de082011efddc58f1908eb6e6d8,0x6b60a183151c3065,0x23746e6a58dcb13d4af821b93f062,0x5c7ba7801073d4771caf062a7828
484,16868972,0x8ad599c3a0ff1de082011efddc58f1908eb6e6d8,0x6b60a183151c3065,0x23746e6a58dcb13d4af821b93f062,0x5c7ba7801073d4771caf062a7828
485,16868944,0x8ad599c3a0ff1de082011efddc58f1908eb6e6d8,0x6b60a183151c3065,0x23746e6a58dcb13d4af821b93f062,0x5c7bacd3b1dc129c4c927fa8905a
486,16868905,0x8ad599c3a0ff1de082011efddc58f1908eb6e6d8,0x6b60a183151c3065,0x23746e6a58dcb13d4af821b93f062,0x5c7b9ca3389b008f3bf66807570a
487,16868902,0x8ad599c3a0ff1de082011efddc58f1908eb6e6d8,0x6b60a183151c3065,0x23746e6a58dcb13d4af821b93f062,0x5c7bad271fc8667ca4ba434e2057
488,16868863,0x8ad599c3a0ff1de082011efddc58f1908eb6e6d8,0x6b60a183151c3065,0x23746e6a58dcb13d4af821b93f062,0x5c827afe8b128fb7ed46e9d3d380
489,16868846,0x8ad599c3a0ff1de082011efddc58f1908eb6e6d8,0x6b60a3fc2f4a3ba5,0x23746e6a58dcb13d4af821b93f062,0x5c827afe8b128fb7ed46e9d3d380
490,16868835,0x8ad599c3a0ff1de082011efddc58f1908eb6e6d8,0x6b60a3309df46532,0x23746e6a58dcb13d4af821b93f062,0x5c827afe8b128fb7ed46e9d3d380
491,16868823,0x8ad599c3a0ff1de082011efddc58f1908eb6e6d8,0x6b60a3309df46532,0x23746e6a58dcb13d4af821b93f062,0x5c82655699f23431d7f00bd12beb
492,16868820,0x8ad599c3a0ff1de082011efddc58f1908eb6e6d8,0x6b60a3309df46532,0x23746e6a58dcb13d4af821b93f062,0x5c81eb178709fa5b9a3941e32324
493,16868765,0x8ad599c3a0ff1de082011efddc58f1908eb6e6d8,0x6b60a3309df46532,0x23746e6a58dcb13d4af821b93f062,0x5c81edeb9bd02ef631d0fbe6cc35
494,16868764,0x8ad599c3a0ff1de082011efddc58f1908eb6e6d8,0x6b60a3309df46532,0x23746e6a58dcb13d4af821b93f062,0x5c8197c997e1d5d4ed58b8d2feb1
495,16868715,0x8ad599c3a0ff1de082011efddc58f1908eb6e6d8,0x6b60a3309df46532,0x23746e6a58dcb13d4af821b93f062,0x5c818ea729cbd5c75fadc731a50a
496,16868710,0x8ad599c3a0ff1de082011efddc58f1908eb6e6d8,0x6b60a3309df46532,0x23746e6a58dcb13d4af821b93f062,0x5c8187d243a1c45e299d1c4866af
497,16868686,0x8ad599c3a0ff1de082011efddc58f1908eb6e6d8,0x6b60a3309df46532,0x23746e6a58dcb13d4af821b93f062,0x5c8187cb2393f3b252c34f1211b5
498,16868681,0x8ad599c3a0ff1de082011efddc58f1908eb6e6d8,0x6b60a3309df46532,0x23746e6a58dcb13d4af821b93f062,0x5c78b633ebc2cd6257b3546fe7fb
499,16868680,0x8ad599c3a0ff1de082011efddc58f1908eb6e6d8,0x6b60a3309df46532,0x23746e6a58dcb13d4af821b93f062,0x5c6ff68d1cb18d887332da9cf201
500,16868678,0x8ad599c3a0ff1de082011efddc58f1908eb6e6d8,0x6b60a3309df46532,0x23746e6a58dcb13d4af821b93f062,0x5c66e253989a8084e94fc01b6b14
