,USDC_reserve,USDT_reserve,USDC_USDT_price,USDT_USDC_price,timestamp
0,3972157.279258999,3963718.833353,1.0021289214146558,0.997875601263308,2023-03-20 20:32:00
1,3972748.8321293043,3963125.976735305,1.0024281297263482,0.9975778164996684,2023-03-20 20:27:00
2,3972904.8368519996,3966553.38769,1.0016012513991899,0.9984013085077991,2023-03-20 20:21:00
3,3972652.836852,3966804.24594,1.001474383546399,0.9985277870601362,2023-03-20 20:13:00
4,3969459.836853,3963615.9467160003,1.0014743835466304,0.9985277870599057,2023-03-20 20:09:00
5,3966702.3818392,3959484.021434,1.0018232990391875,0.9981805031386533,2023-03-20 20:08:00
6,3968960.5617840006,3956225.62575,1.0032189610094813,0.9967913674535792,2023-03-20 20:07:00
7,3969460.729648,3955725.6257499997,1.0034722084384697,0.9965398060760717,2023-03-20 20:04:00
8,3966407.729648,3952683.189722,1.0034722084384824,0.9965398060760592,2023-03-20 20:03:00
9,3968359.494482,3948536.694446,1.0050202901910175,0.9950047872266704,2023-03-20 20:02:00
10,3969462.007376,3947436.694446,1.005579649437061,0.994451310306265,2023-03-20 20:01:00
11,3968962.0849510003,3947932.413943,1.0053267555781167,0.9947014684046146,2023-03-20 19:59:00
12,3969278.90168,3947616.352923,1.005487501018421,0.994542447307537,2023-03-20 19:56:00
13,3976122.055458,3954422.159828,1.0054875010185924,0.9945424473073674,2023-03-20 19:53:00
14,3974702.205193,3952990.0956276245,1.0054925787922897,0.9945374248322282,2023-03-20 19:52:00
15,3975040.1570777497,3945736.03888475,1.0074267811896718,0.9926279692694872,2023-03-20 19:51:00
16,3976133.0790499994,3943924.722304,1.0081665749256958,0.9918995777792993,2023-03-20 19:50:00
17,3973796.455031333,3948554.5279323333,1.0063927006504372,0.9936479063825626,2023-03-20 19:49:00
18,3971576.558658,3955394.965669,1.0040910182496183,0.9959256499906254,2023-03-20 19:48:00
19,3976132.3588419994,3959932.203928,1.0040910182497393,0.9959256499905053,2023-03-20 19:45:00
20,3973628.358842,3957438.4061,1.0040910182498468,0.9959256499903987,2023-03-20 19:44:00
21,3976132.6377120004,3954938.4061,1.005358928366447,0.9946696366688119,2023-03-20 19:43:00
22,3978526.560124,3952551.5205869996,1.006571714347481,0.9934711911195107,2023-03-20 19:40:00
23,3975700.5982133998,3956508.6380564,1.0048507312665511,0.995172684742502,2023-03-20 19:39:00
24,3978527.0192989996,3956724.889278,1.0055101455448874,0.9945200497784124,2023-03-20 19:33:00
25,3977084.555519,3958156.1192115,1.0047823659147506,0.9952408546874225,2023-03-20 19:30:00
26,3978435.562766,3962188.905885,1.0041004246054168,0.9959163202156516,2023-03-20 19:27:00
27,3977960.3542494997,3962660.81799,1.003860928887659,0.9961539282583535,2023-03-20 19:05:00
28,3978135.161119,3963183.52893,1.0037726317945808,0.9962415474629589,2023-03-20 19:02:00
29,3977755.492134,3963560.672215,1.0035813302968988,0.9964314498598341,2023-03-20 19:00:00
30,3976226.791527,3965079.931711,1.0028112572780317,0.9971966237338995,2023-03-20 18:59:00
31,3975569.8260195,3965733.2220455,1.002480411969891,0.9975257494649269,2023-03-20 18:55:00
32,3974197.971642,3967098.023427,1.0017897082887977,0.9982134890446671,2023-03-20 18:51:00
33,3974698.759717,3966596.689185,1.0020425748234225,0.9979615887840071,2023-03-20 18:43:00
34,3974398.899712,3966895.062715,1.0018916146957173,0.9981119567546318,2023-03-20 18:42:00
35,3974697.764337,3967193.363071,1.0018916146956323,0.9981119567547165,2023-03-20 18:32:00
36,3973737.764337,3968148.906777,1.0014084293939813,0.998593551489442,2023-03-20 18:23:00
37,3972531.470675,3969350.266182,1.0008014479591818,0.9991992055221581,2023-03-20 18:22:00
38,3972111.427013,3969768.747004,1.0005901300953028,0.9994102179528328,2023-03-20 18:18:00
39,3973968.8142115,3967907.4437260004,1.0015281560362719,0.9984752851530627,2023-03-20 18:13:00
40,3975261.189682,3963418.082848,1.0029881859595056,0.9970208786877435,2023-03-20 18:12:00
41,3974552.128858,3964118.082848,1.0026321229065165,0.9973747869768164,2023-03-20 18:06:00
42,3972802.128859,3962372.676971,1.0026321229067157,0.9973747869766182,2023-03-20 18:05:00
43,3972830.2442015,3958906.7120445,1.00351701446125,0.9964953115786102,2023-03-20 17:53:00
44,3968706.8405170003,3964366.2928835,1.0010948906616655,0.9989063068127918,2023-03-20 17:52:00
45,3966313.930098,3961975.9995735,1.0010948906618737,0.9989063068125843,2023-03-20 17:51:00
46,3968512.418422,3955380.403511,1.003320038421423,0.9966909477591551,2023-03-20 17:43:00
47,3967679.414598,3956208.333925,1.0028995138033137,0.997108869070723,2023-03-20 17:42:00
48,3967586.59984,3956300.604862,1.0028526636636586,0.9971554508782606,2023-03-20 17:34:00
49,3962850.158043,3961015.03272,1.0004632967327416,0.9995369178117232,2023-03-20 17:33:00
50,3967586.002106,3965748.683698,1.0004632967327336,0.9995369178117312,2023-03-20 17:32:00
51,3965724.089113667,3965778.9576610005,0.9999861644968316,1.000013835694592,2023-03-20 17:31:00
52,3962596.802811,3958960.963904,1.000918382105848,0.999082460545968,2023-03-20 17:30:00
53,3961249.3457096666,3953019.988668,1.002082157763476,0.9979228419751639,2023-03-20 17:29:00
54,3959337.9269600003,3951990.0340286666,1.0018592893372869,0.9981441612039984,2023-03-20 17:28:00
55,3958027.169021,3946935.556699,1.002810635222231,0.9971981397783856,2023-03-20 17:27:00
56,3958276.638144,3936098.933925,1.0056350834682848,0.9943976441478983,2023-03-20 17:26:00
57,3956804.584201,3932191.226203,1.006259450922423,0.9937794860791767,2023-03-20 17:21:00
58,3955160.573179,3933821.075882,1.0054247712730993,0.9946047913775842,2023-03-20 17:17:00
59,3956235.152886,3937027.188911,1.0048787989143435,0.995144888199836,2023-03-20 17:16:00
60,3958229.870814,3935037.188911,1.005893891414383,0.994140642999536,2023-03-20 17:13:00
61,3957817.373186,3935446.081937,1.0056845630160403,0.9943475685865234,2023-03-20 17:11:00
62,3955215.145632,3938027.535303,1.004364522638534,0.9956544436405738,2023-03-20 17:10:00
63,3957817.210038,3940618.292291,1.0043645226386544,0.9956544436404544,2023-03-20 17:05:00
64,3957667.210038,3940767.198056,1.0042885080829786,0.9957298046841494,2023-03-20 17:01:00
65,3957916.018888,3946978.405728,1.0027711357995084,0.9972365221728295,2023-03-20 17:00:00
66,3960458.679253,3950420.014957,1.0025411637896708,0.9974652773557297,2023-03-20 16:54:00
67,3958111.3488125,3957441.118917,1.0001693594106293,0.9998306692671238,2023-03-20 16:53:00
68,3960338.637824,3959907.633825,1.0001088419324022,0.9998911699128747,2023-03-20 16:50:00
69,3958868.637824,3961373.608465,0.9993676509997321,1.0006327491185403,2023-03-20 16:44:00
70,3957277.38505,3962961.729663,0.9985656322213631,1.0014364281448842,2023-03-20 16:43:00
71,3950229.8850515,3955904.106436,0.9985656322216536,1.0014364281445929,2023-03-20 16:42:00
72,3952397.884299,3949383.492978,1.0007632561705793,0.9992373259450992,2023-03-20 16:41:00
73,3952598.729263,3948485.855089,1.001041633255112,0.9989594506157302,2023-03-20 16:40:00
74,3947376.87107,3953693.509302,0.9984023449928178,1.0016002115932467,2023-03-20 16:39:00
75,3941376.371071,3947683.4072324997,0.9984023449930295,1.0016002115930345,2023-03-20 16:38:00
76,3937566.871071,3943867.811226,0.9984023449931398,1.0016002115929237,2023-03-20 16:37:00
77,3935524.5814885,3937726.274362,0.9994414129802652,1.0005599806883103,2023-03-20 16:36:00
78,3932351.521869,3934705.281266,0.9994017952479931,1.0005985628151273,2023-03-20 16:35:00
79,3934594.2950873333,3930225.180136666,1.0011116873215375,0.9988895563206791,2023-03-20 16:34:00
80,3935443.291793,3926512.199732,1.0022745611389186,0.9977306007484278,2023-03-20 16:33:00
81,3935160.838064667,3921002.114323333,1.003611533712288,0.9964025282825427,2023-03-20 16:32:00
82,3936807.4168875003,3917458.332976,1.0049392023351005,0.9950850913676812,2023-03-20 16:31:00
83,3933622.109753,3911868.671075,1.0055608816417712,0.9944698707524384,2023-03-20 16:30:00
84,3931669.109753,3909926.471417,1.005560881641879,0.9944698707523314,2023-03-20 16:29:00
85,3932145.3453325,3909451.5150065003,1.0058048696188848,0.9942286455457263,2023-03-20 16:21:00
86,3939331.378079,3916146.041405,1.0059204474064205,0.9941143979907305,2023-03-20 16:18:00
87,3939320.980839,3916156.34647,1.0059151454435369,0.9941196377544066,2023-03-20 16:09:00
88,3947332.055745,3924120.313353,1.0059151454436845,0.9941196377542606,2023-03-20 16:05:00
89,3947948.464341,3923505.781832,1.0062298066749853,0.9938087635312939,2023-03-20 16:02:00
90,3948048.788009,3923405.781832,1.0062810240763558,0.9937581809394438,2023-03-20 15:57:00
91,3943423.1623489996,3934067.9135034997,1.0023789437504478,0.9976273349595974,2023-03-20 15:56:00
92,3948047.600051,3941817.019936,1.0015806365651903,0.998421857903912,2023-03-20 15:54:00
93,3947545.998049,3942316.391353,1.0013265314543172,0.9986752259001961,2023-03-20 15:53:00
94,3948047.559353,3942817.288201,1.0013265314544633,0.9986752259000504,2023-03-20 15:51:00
95,3948147.132966,3942717.5498,1.0013771169497738,0.9986247768932762,2023-03-20 15:50:00
96,3948099.169567,3942765.304126,1.0013528234702225,0.9986490041886195,2023-03-20 15:45:00
97,3947401.099555,3943460.462579,1.0009992840078896,0.9990017135637813,2023-03-20 15:44:00
98,3947351.537055,3943509.827682,1.000974185317362,0.9990267627960325,2023-03-20 15:43:00
99,3946105.34377,3944751.465173,1.0003432101132235,0.9996569076395445,2023-03-20 15:38:00
100,3944451.080447,3946401.226043,0.9995060115613695,1.000494572480837,2023-03-20 15:12:00
101,3943287.0898495,3947536.86307,0.9989234367232243,1.0010777235143338,2023-03-20 15:08:00
102,3938032.589851,3942276.700172,0.9989234367235524,1.001077723514005,2023-03-20 15:07:00
103,3937335.773653,3935691.219282,1.0004178565541277,0.999582317977043,2023-03-20 15:06:00
104,3937254.471406,3929881.782271333,1.0018767484287163,0.9981281392995826,2023-03-20 15:05:00
105,3939310.7532915,3924928.209912,1.00366447767396,0.9963490372695198,2023-03-20 15:04:00
106,3939534.660532667,3924004.4362863335,1.0039577530286232,0.9960578572244603,2023-03-20 15:03:00
107,3937802.20734,3918683.460353,1.0048792476197295,0.9951451907376532,2023-03-20 15:02:00
108,3937259.163206,3929722.116918,1.0019215827891061,0.9980848626459965,2023-03-20 15:01:00
109,3945821.661684,3944813.92564,1.00025545844823,0.9997446067941221,2023-03-20 15:00:00
110,3945171.655349,3944463.327798,1.0001795780132392,0.9998204599839733,2023-03-20 14:58:00
111,3945321.21116,3944912.133326,1.000103697578089,0.9998963131739838,2023-03-20 14:51:00
112,3945021.843069,3945210.595012,0.9999521566875953,1.0000478456014967,2023-03-20 14:48:00
113,3944051.843069,3946177.96914,0.999461218909125,1.0005390715324232,2023-03-20 14:43:00
114,3943777.9085525,3945354.673729,0.9996003586385849,1.0003998205215807,2023-03-20 14:42:00
115,3940015.974035,3941042.62207,0.9997394983679571,1.0002605695108258,2023-03-20 14:41:00
116,3937446.8926029997,3934327.9643745003,1.0007934368081506,0.9992083003823509,2023-03-20 14:40:00
117,3939467.407113,3930206.1772475,1.0023564234159301,0.997649116261559,2023-03-20 14:39:00
118,3939718.499204,3928259.838699,1.0029169813035572,0.9970915027286048,2023-03-20 14:38:00
119,3939201.5379443336,3926612.9606039994,1.003205979797306,0.9968042748261395,2023-03-20 14:37:00
120,3939268.1726865,3922318.987238,1.004321215460458,0.9956973771001376,2023-03-20 14:36:00
121,3938566.0803895,3918624.9489019997,1.0050888083824117,0.9949369564759142,2023-03-20 14:34:00
122,3939898.9889880004,3916331.1317,1.0060184576863749,0.9940184376120227,2023-03-20 14:33:00
123,3937022.86351,3908237.683776,1.0073652582220098,0.9926885921845175,2023-03-20 14:26:00
124,3919859.318408,3925266.844707,0.9986223799520045,1.001379520503097,2023-03-20 14:25:00
125,3937028.165061,3942459.376136,0.9986223799519977,1.0013795205031042,2023-03-20 14:19:00
126,3934394.740665,3941552.36809,0.9981840587777174,1.0018192448640244,2023-03-20 14:17:00
127,3936162.849678,3936231.151665,0.9999826478719445,1.0000173524291571,2023-03-20 14:16:00
128,3935565.127021,3935134.2255045,1.0001095204071797,0.9998905076775793,2023-03-20 14:15:00
129,3933862.1583895,3933690.4914375003,1.0000436199944898,0.9999566824376147,2023-03-20 14:14:00
130,3936901.443273667,3928182.2909006663,1.0022197343900752,0.997785518276101,2023-03-20 14:13:00
131,3938549.898738,3927967.743654,1.00269405345833,0.9973131849650069,2023-03-20 14:12:00
132,3943501.997213,3923020.328892,1.005220892731592,0.9948062234188102,2023-03-20 14:01:00
133,3949525.444798,3917019.328892,1.0082986866228192,0.9917696147650309,2023-03-20 13:59:00
134,3956580.241952,3951770.6655116663,1.0012180642691686,0.998783716897084,2023-03-20 13:58:00
135,3965034.3882585,3964963.3117965003,1.000018018269682,0.9999821665977132,2023-03-20 13:55:00
136,3962336.8572465,3960272.164123,1.0005217873325736,0.9994793545961966,2023-03-20 13:53:00
137,3960970.434359,3957443.0228705,1.0008913360137126,0.9991094577586588,2023-03-20 13:52:00
138,3960175.0659709997,3954079.1366186664,1.0015416800086203,0.9984606931987731,2023-03-20 13:51:00
139,3960030.181924,3946596.9863893334,1.0034046689401788,0.9966081110507288,2023-03-20 13:50:00
140,3956980.62542,3937371.834858,1.0049801724054612,0.9950445068050039,2023-03-20 13:45:00
141,3955427.267604,3938913.463223,1.004192477071453,0.9958250264095987,2023-03-20 13:44:00
142,3956979.699679,3940459.413936,1.00419247707122,0.9958250264098296,2023-03-20 13:43:00
143,3956671.605129,3940763.2663955,1.004036883108495,0.9959793789265394,2023-03-20 13:41:00
144,3957171.110991,3940264.304226,1.0042907798715095,0.99572755226125,2023-03-20 13:40:00
145,3959285.089103,3938154.154799,1.0053656950625587,0.9946629419633969,2023-03-20 13:37:00
146,3961276.980494,3936168.1919555003,1.0063791244566358,0.9936615704351726,2023-03-20 13:36:00
147,3962986.561745,3934464.815135,1.0072492061691043,0.9928029666097477,2023-03-20 13:35:00
148,3965326.869397,3932135.8323475,1.0084410176334804,0.9916297320601241,2023-03-20 13:34:00
149,3957422.416666,3947270.647232,1.0025771010037168,0.9974354739734759,2023-03-20 13:33:00
150,3965687.617598,3965678.203911,1.0000023737899335,0.9999976262157013,2023-03-20 13:32:00
151,3965936.904127,3965927.489848,1.000002373789996,0.9999976262156389,2023-03-20 13:30:00
152,3966588.733743,3965273.808171,1.00033161028358,0.9996684996453467,2023-03-20 13:28:00
153,3962284.8808586667,3961501.9906203332,1.0001976164310464,0.999802431584747,2023-03-20 13:27:00
154,3962176.5172039997,3959411.784698,1.0006984298282136,0.9993023793696222,2023-03-20 13:26:00
155,3957586.4263565,3952581.508947,1.001266240151701,0.9987353611847443,2023-03-20 13:25:00
156,3958510.576865,3949809.176841,1.0022029925078455,0.9978018500001353,2023-03-20 13:24:00
157,3963112.239386,3945209.176841,1.0045379247949877,0.9954825749402005,2023-03-20 13:21:00
158,3963315.968904,3945005.767885,1.0046413622935757,0.9953800804269302,2023-03-20 13:16:00
159,3966172.7335914997,3942155.767885,1.0060923754757856,0.9939445805677998,2023-03-20 13:15:00
160,3968021.7274285,3940313.267885,1.007032060024183,0.993017074458532,2023-03-20 13:10:00
161,3972136.675287,3936218.986933,1.0091249212691762,0.9909575900100656,2023-03-20 13:07:00
162,3969559.8094085,3952010.6714815004,1.0044412278366712,0.9955786732758689,2023-03-20 13:06:00
163,3974568.9135635,3959282.7472645,1.0038608442918076,0.9961540084616203,2023-03-20 13:05:00
164,3972677.301707667,3961661.964288,1.0027807414970935,0.9972274825749023,2023-03-20 13:01:00
165,3974571.441611,3965681.176299,1.0022418003154496,0.99776321411186,2023-03-20 13:00:00
166,3972821.6490385,3960439.00505,1.0031269748197338,0.9968835489015941,2023-03-20 12:59:00
167,3972092.017863,3955919.8660575002,1.0040881362784189,0.9959285142373298,2023-03-20 12:58:00
168,3974573.016364,3948799.52823,1.006526917345321,0.993515407056837,2023-03-20 12:57:00
169,3974779.56946,3948593.707775,1.0066316931097363,0.9934119965076309,2023-03-20 12:48:00
170,3975067.692476,3948306.642527,1.0067778550077033,0.9932677750369753,2023-03-20 12:46:00
171,3973031.2686245,3950325.1689655,1.005748452290117,0.9942854843336042,2023-03-20 12:40:00
172,3968903.753245,3961084.627661,1.0019739859960066,0.9980299029479849,2023-03-20 12:39:00
173,3974303.519974,3966473.756325,1.0019739859961292,0.9980299029478626,2023-03-20 12:37:00
174,3975903.150445,3964474.9859343334,1.002882646422636,0.9971256444033765,2023-03-20 12:32:00
175,3972905.463638,3961086.816707,1.0029836879315928,0.9970251879791326,2023-03-20 12:27:00
176,3973406.612832,3960585.718251,1.0032371208434951,0.9967733242956824,2023-03-20 12:24:00
177,3972906.612832,3961082.672288,1.0029850274589625,0.9970238564113715,2023-03-20 12:18:00
178,3972582.238107,3961405.137727,1.0028214989357067,0.9971864395221869,2023-03-20 12:17:00
179,3972401.195335,3961585.137727,1.002730234800458,0.9972771990853537,2023-03-20 12:15:00
180,3971099.176136,3962880.2105125,1.0020740232513314,0.9979303399253039,2023-03-20 12:11:00
181,3971627.645297,3964461.228777,1.0018076646753362,0.9981955970800822,2023-03-20 12:10:00
182,3971616.091495,3964472.727165,1.0018018447399204,0.9982013960651189,2023-03-20 12:03:00
183,3973563.783463,3960225.5907645,1.003368038611135,0.9966432669952323,2023-03-20 12:02:00
184,3974714.944137,3956778.454364,1.0045331043877925,0.995487351917033,2023-03-20 11:44:00
185,3973924.860318,3957561.5241965,1.0041347072682547,0.99588232928961,2023-03-20 11:40:00
186,3973781.492384,3957702.61136,1.004062680449473,0.9959537581382327,2023-03-20 11:39:00
187,3973025.5554015003,3959154.9351005,1.0035035850411136,0.9965089565354213,2023-03-20 11:36:00
188,3970863.142571,3965719.120322,1.0012971221846347,0.9987045581617126,2023-03-20 11:35:00
189,3974132.746602,3968984.48877,1.0012971221849234,0.9987045581614248,2023-03-20 11:19:00
190,3972533.051774,3970577.959472,1.0004923948911104,0.9995078474422946,2023-03-20 11:18:00
191,3974131.439156,3972175.560205,1.0004923948907483,0.9995078474426564,2023-03-20 11:14:00
192,3973415.52566,3972889.103075,1.0001325037199231,0.9998675138349865,2023-03-20 11:09:00
193,3973406.629401,3972897.971489,1.0001280319594539,0.9998719844306303,2023-03-20 11:06:00
194,3970007.629402,3969499.406614,1.0001280319596857,0.9998719844303986,2023-03-20 11:01:00
195,3969882.391107,3969624.257148,1.000065027302908,0.9999349769253673,2023-03-20 11:00:00
196,3969682.391107,3969823.654227,0.9999644157694889,1.0000355854967935,2023-03-20 10:56:00
197,3969200.237373,3970304.437001,0.9997218854005981,1.0002781919686499,2023-03-20 10:54:00
198,3967056.2340955,3968157.8413585,0.9997223882448631,1.0002776888448244,2023-03-20 10:43:00
199,3970901.3585965,3960012.245716,1.00275013651866,0.9972581389300932,2023-03-20 10:42:00
200,3969997.5685755,3956320.2259385,1.0034570868524062,0.9965548234222451,2023-03-20 10:41:00
201,3972351.9706335003,3953273.379056,1.0048260318658668,0.995197162728451,2023-03-20 10:40:00
202,3972076.5808485,3951451.563857,1.00521964060086,0.9948075326109496,2023-03-20 10:39:00
203,3973072.804168,3950457.711616,1.005724676531912,0.994307908848719,2023-03-20 10:33:00
204,3973548.082133,3949983.773857,1.0059656721711012,0.9940697060186697,2023-03-20 10:30:00
205,3974168.481161,3949365.295105,1.006280296757239,0.9937588992078277,2023-03-20 10:18:00
206,3974763.486306,3948772.313281,1.0065820895617565,0.9934609510441198,2023-03-20 10:14:00
207,3974802.347438,3948733.590474,1.0066018019110958,0.9934414960329279,2023-03-20 10:13:00
208,3974095.146342,3949402.756904,1.0062521831674005,0.993786663748922,2023-03-20 10:12:00
209,3974283.197327,3949215.320904,1.0063475587897956,0.9936924785732784,2023-03-20 10:07:00
210,3976100.810941,3947404.567804,1.0072696483585832,0.9927828180165762,2023-03-20 10:04:00
211,3974729.4618315,3950999.319054,1.0060082767349847,0.9940308681385626,2023-03-20 10:03:00
212,3971475.129643,3956466.656636,1.0037934031320161,0.9962209323948733,2023-03-20 10:02:00
213,3978680.936245,3963645.232007,1.0037934031321936,0.9962209323946971,2023-03-20 09:49:00
214,3979001.212349,3963325.232007,1.003955259642939,0.9960603228032833,2023-03-20 09:45:00
215,3978662.336503333,3963661.8365543336,1.0037845296197454,0.9962297870307291,2023-03-20 09:20:00
216,3976380.805434,3965929.198765,1.002635348778353,0.9973715780302738,2023-03-20 09:19:00
217,3978043.575013,3967587.597884,1.00263534877833,0.997371578030297,2023-03-20 09:12:00
218,3978243.510579,3967387.597884,1.0027362873999985,0.997271179437324,2023-03-20 09:11:00
219,3978276.602254,3967354.497484,1.0027529944140174,0.9972545637566247,2023-03-20 09:07:00
220,3976901.401449,3971212.394909,1.0014325835484512,0.9985694698118659,2023-03-20 09:06:00
221,3978275.711992,3972836.114707,1.0013691975022234,0.9986326746362493,2023-03-20 09:01:00
222,3976712.69736,3974392.921206,1.0005836806274546,0.9994166598568862,2023-03-20 08:46:00
223,3976863.546713,3974241.711957,1.0006597069192122,0.9993407280070831,2023-03-20 08:38:00
224,3976913.430226,3974191.711957,1.000684848257524,0.9993156204386262,2023-03-20 08:34:00
225,3972519.430227,3969800.719121,1.0006848482577235,0.9993156204384267,2023-03-20 08:33:00
226,3976914.105436,3965400.719121,1.0029034609943663,0.9971049446858149,2023-03-20 08:30:00
227,3976864.105436,3965450.425427,1.0028782808469408,0.9971299798770095,2023-03-20 08:25:00
228,3976612.452918,3965700.618738,1.0027515526836397,0.9972559975835731,2023-03-20 08:24:00
229,3976863.781985,3965951.258158,1.0027515526834963,0.9972559975837159,2023-03-20 08:17:00
230,3976360.462492,3966451.754069,1.0024981290678336,0.9975080960299082,2023-03-20 08:16:00
231,3976863.018351,3966953.057607,1.0024981290678487,0.9975080960298932,2023-03-20 08:15:00
232,3974012.018351,3964109.162025,1.0024981290679043,0.9975080960298381,2023-03-20 08:14:00
233,3973046.676903,3965069.442392,1.0020118776296103,0.9979921618949571,2023-03-20 08:13:00
234,3972067.423232,3966044.038293,1.0015187388320925,0.9984835643141907,2023-03-20 08:09:00
235,3970300.600296,3967803.672131,1.0006292973068547,0.9993710984591913,2023-03-20 08:08:00
236,3972665.6536144996,3968934.1829810003,1.0009402178042413,0.9990607617742973,2023-03-20 08:01:00
237,3971331.943524,3970259.293985,1.0002701711549735,0.9997299018177644,2023-03-20 08:00:00
238,3973281.127076,3972207.951065,1.0002701711552417,0.9997299018174962,2023-03-20 07:59:00
239,3970835.4584525,3964867.272385,1.0015060312273922,0.9984977539643832,2023-03-20 07:56:00
240,3976133.08159,3959567.272385,1.0041837423297577,0.995833688444257,2023-03-20 07:55:00
241,3976638.737532,3959062.272385,1.0044395525853682,0.9955800699266163,2023-03-20 07:54:00
242,3976397.3934175,3959301.5113335,1.004317914988213,0.9957006719407252,2023-03-20 07:52:00
243,3976697.518217,3960198.223405,1.0041662800398445,0.995851005831744,2023-03-20 07:46:00
244,3976724.479191,3960171.293685,1.0041799165436092,0.9958374824324345,2023-03-20 07:42:00
245,3976814.586302,3960081.293685,1.00422549219979,0.9957922874567405,2023-03-20 07:38:00
246,3976835.2102125,3960060.6794295,1.0042359277832928,0.9957819397521512,2023-03-20 07:35:00
247,3975030.255369,3961853.638069,1.003326341472543,0.9966856209187156,2023-03-20 07:34:00
248,3972147.717203,3964719.152788,1.0018736672457054,0.9981298368177932,2023-03-20 07:33:00
249,3976957.068063,3969519.509377,1.0018736672457287,0.9981298368177701,2023-03-20 07:31:00
250,3976944.08702,3969532.2778995,1.001867174599611,0.9981363056064232,2023-03-20 07:28:00
251,3977055.966161,3969420.046422,1.0019236864956842,0.9980800069689814,2023-03-20 07:26:00
252,3976451.922885,3970021.212594,1.001619817614727,0.998382801951159,2023-03-20 07:25:00
253,3977055.610498,3970623.923924,1.001619817614871,0.9983828019510156,2023-03-20 07:22:00
254,3976855.670484,3970822.951751,1.0015192615753215,0.9984830430790399,2023-03-20 07:20:00
255,3976830.889234,3970847.621331,1.0015067986670803,0.9984954683591908,2023-03-20 07:17:00
256,3976948.547144,3970729.790434,1.0015661495589505,0.9984362994300076,2023-03-20 06:58:00
257,3976356.295561,3970124.9689760003,1.0015695542726495,0.9984329053789642,2023-03-20 06:50:00
258,3975439.1597415,3968596.7000145,1.0017241709075861,0.9982788194881815,2023-03-20 06:49:00
259,3975963.817876,3967622.62025,1.002102316279635,0.9979020941819194,2023-03-20 06:35:00
260,3976963.165761,3966622.62025,1.0026068891601159,0.9973998890409584,2023-03-20 06:19:00
261,3977158.59701,3966427.12025,1.002705577698683,0.9973017227002041,2023-03-20 06:16:00
262,3976931.8844445003,3966652.4216925,1.0025914785006242,0.9974152358352584,2023-03-20 06:10:00
263,3977182.654692,3967403.963107,1.0024647582338304,0.9975413018626481,2023-03-20 06:09:00
264,3977360.990892,3967225.538107,1.0025547962140404,0.9974517141370346,2023-03-20 05:51:00
265,3977003.091726,3967581.486311,1.002374646985199,0.997630978604316,2023-03-20 05:48:00
266,3976700.28256,3967882.694774,1.0022222400368876,0.9977826873640263,2023-03-20 05:47:00
267,3977001.516801,3968183.261085,1.0022222400367642,0.9977826873641493,2023-03-20 05:31:00
268,3976950.984244,3966136.1164410003,1.0027268019769087,0.9972806132522511,2023-03-20 05:29:00
269,3976570.0748535,3961523.9510655003,1.0037980646253217,0.9962163061851856,2023-03-20 05:28:00
270,3977541.301617,3959556.686737,1.0045420778897398,0.9954784593002998,2023-03-20 05:26:00
271,3977203.173976,3959892.304254,1.0043715506362139,0.9956474766400495,2023-03-20 05:22:00
272,3977524.584894,3959571.355374,1.0045341346092005,0.995486330973746,2023-03-20 05:17:00
273,3978027.912838,3959068.855374,1.0047887667933417,0.9952340562016491,2023-03-20 05:13:00
274,3976716.841738667,3960369.7795126666,1.00412778857852,0.9958894342707757,2023-03-20 05:04:00
275,3977716.3318069996,3963159.926407,1.0036729319719757,0.9963405148106228,2023-03-20 05:01:00
276,3977866.969787,3963610.359898,1.003596874716355,0.9964160164235548,2023-03-20 04:55:00
277,3977669.829389,3963806.214152,1.0034975512141595,0.9965146390143876,2023-03-20 04:50:00
278,3975653.779182,3965810.226343,1.0024821038519731,0.9975240417335773,2023-03-20 04:49:00
279,3977669.266498,3967820.723397,1.0024821038518514,0.9975240417336984,2023-03-20 04:45:00
280,3977576.789552,3967912.0427294997,1.0024357275803466,0.9975701937661643,2023-03-20 04:42:00
281,3977484.686233,3968002.98874,1.0023895388990145,0.9976161573856417,2023-03-20 04:37:00
282,3977278.986618,3968207.592953,1.0022860179193018,0.9977191960394225,2023-03-20 04:31:00
283,3976641.93353,3968841.387764,1.0019654465885306,0.9980384088141736,2023-03-20 04:27:00
284,3976289.763053,3969191.844023,1.0017882529514637,0.9982149391888004,2023-03-20 04:26:00
285,3976641.670292,3969543.123086,1.0017882529515088,0.9982149391887556,2023-03-20 04:20:00
286,3972042.670293,3964952.332581,1.001788252951678,0.9982149391885871,2023-03-20 04:19:00
287,3976642.408034,3960352.332581,1.0041132894462408,0.9959035603955515,2023-03-20 04:16:00
288,3976871.643728,3960123.362225,1.0042292322665398,0.9957885788118371,2023-03-20 04:02:00
289,3973268.097416,3963704.212075,1.0024128655493174,0.9975929423571444,2023-03-20 04:01:00
290,3976871.389949,3967298.831275,1.00241286554936,0.9975929423571017,2023-03-20 03:56:00
291,3976334.958313,3967832.438244,1.002142862684182,0.9978617193576149,2023-03-20 03:55:00
292,3975285.958313,3966785.6813,1.0021428626842814,0.9978617193575158,2023-03-20 03:54:00
293,3976335.329335,3965735.6813,1.002672807490671,0.9973343173658413,2023-03-20 03:53:00
294,3974149.555296,3967910.284286,1.0015724324803184,0.9984300361817824,2023-03-20 03:49:00
295,3974035.943079,3968023.381067,1.0015152536753409,0.9984870388446105,2023-03-20 03:47:00
296,3974230.260025,3967828.783838,1.0016133448633355,0.9983892538257308,2023-03-20 03:42:00
297,3974215.333354,3967843.641813,1.0016058323150274,0.9983967422480798,2023-03-20 03:35:00
298,3973865.544639,3968191.85269,1.0014297927518685,0.9985722486366821,2023-03-20 03:30:00
299,3973724.915878,3968331.864338,1.001359022310726,0.9986428221242867,2023-03-20 03:08:00
300,3973778.679513,3968278.012843,1.0013861596017712,0.9986157591769368,2023-03-20 02:59:00
301,3970031.679513,3964536.199593,1.0013861596018632,0.9986157591768452,2023-03-20 02:51:00
302,3970048.394422,3964519.457666,1.0013946045201794,0.9986073376929692,2023-03-20 02:49:00
303,3973595.8067393336,3960968.329944333,1.0031879873474452,0.9968221637806645,2023-03-20 02:32:00
304,3973200.613648,3961361.074501,1.002988755360679,0.9970201506799502,2023-03-20 02:31:00
305,3972900.6862583333,3963219.53891,1.0024429572852294,0.997563338142429,2023-03-20 02:30:00
306,3971019.5372223333,3970108.857956,1.000229872446199,0.9997711582176764,2023-03-20 02:22:00
307,3973659.543269,3975666.226713,0.9994952585731376,1.0005049963194252,2023-03-20 02:12:00
308,3973469.543269,3975855.761437,0.9993998227523382,1.0006005376767118,2023-03-20 02:08:00
309,3973219.543269,3976105.176813,0.9992742562342597,1.0007262708522837,2023-03-20 02:06:00
310,3973106.52951,3976217.93657,0.9992174958441327,1.0007831169481338,2023-03-20 01:57:00
311,3973006.52951,3976317.717158,0.9991672728681332,1.000833421144266,2023-03-20 01:56:00
312,3972763.319739,3976560.414244,0.9990451309399453,1.0009557817064343,2023-03-20 01:55:00
313,3971255.166067,3978066.05187,0.9982878902174592,1.0017150461297972,2023-03-20 01:54:00
314,3983169.488552,3966131.297446,1.0042959221034795,0.9957224539013544,2023-03-20 01:52:00
315,3981353.4904995,3967935.4439709997,1.0033820627493337,0.9966302195752563,2023-03-20 01:43:00
316,3983229.510382,3973542.561474,1.0024378621238188,0.997568066594518,2023-03-20 01:32:00
317,3983429.406553,3973342.561474,1.0025386296104453,0.9974677987107273,2023-03-20 01:17:00
318,3983494.876913,3973277.061474,1.0025716342658493,0.9974349620735754,2023-03-20 01:00:00
319,3983534.510017,3973237.411474,1.002591614211943,0.9974150848907907,2023-03-20 00:02:00
320,3983505.448084,3973266.311534,1.0025770073655211,0.9974296165316092,2023-03-19 23:58:00
321,3983599.988429,3973171.732702,1.0026246677537667,0.9973822030933601,2023-03-19 23:51:00
322,3983494.839457,3973276.294554,1.0025718183547936,0.9974347789278438,2023-03-19 23:43:00
323,3984117.723812,3972653.236285,1.0028858515569108,0.9971224526176825,2023-03-19 23:29:00
324,3982127.182787,3974633.084164,1.0018854818707312,0.998118066480801,2023-03-19 23:27:00
325,3983416.13102,3973343.109264,1.0025351502447686,0.9974712604898196,2023-03-19 23:14:00
326,3984115.923586,3972643.109264,1.0028879549474874,0.9971203613192876,2023-03-19 23:10:00
327,3985116.054631,3971643.109264,1.003392285005562,0.9966191836869234,2023-03-19 22:26:00
328,3984819.054631,3971938.239169,1.003242954619731,0.9967675281398211,2023-03-19 22:09:00
329,3984200.1543860002,3972552.944973,1.0029319732940611,0.9970767031766675,2023-03-19 22:05:00
330,3983906.003152,3973965.738052,1.0025013464521897,0.9975048946706736,2023-03-19 22:02:00
331,3983335.350111,3974533.340869,1.0022146019386706,0.9977902916856463,2023-03-19 21:54:00
332,3982431.565726,3975432.626832,1.0017605477317766,0.9982425463492619,2023-03-19 21:28:00
333,3983730.372292,3974132.626832,1.0024150541416759,0.9975907642929965,2023-03-19 21:26:00
334,3983424.942093,3974436.430387,1.0022615814502094,0.997743521759123,2023-03-19 21:02:00
335,3978923.942094,3969945.586796,1.0022615814503508,0.9977435217589822,2023-03-19 21:01:00
336,3983425.691487,3965445.586796,1.0045341952871247,0.9954862708423493,2023-03-19 20:57:00
337,3981522.691488,3963551.176423,1.0045341952872724,0.995486270842203,2023-03-19 20:56:00
338,3982348.493235,3960579.069287,1.0054965255249706,0.9945335211157484,2023-03-19 20:51:00
339,3981518.6029713335,3959248.386197667,1.0056250897837264,0.994406830499357,2023-03-19 20:50:00
340,3980747.8067755,3961889.3644515,1.0047598446515278,0.9952628643661587,2023-03-19 20:47:00
341,3979593.213702,3962330.521159,1.0043567018073876,0.9956621967080547,2023-03-19 20:46:00
342,3983288.5699485,3958642.2930305004,1.0062259476676363,0.993812586327879,2023-03-19 20:42:00
343,3981725.2160525,3960187.296198,1.0054393104927504,0.9945915006883386,2023-03-19 20:40:00
344,3984078.091615,3967206.450477,1.0042527761911588,0.9957652333237372,2023-03-19 20:35:00
345,3982050.2350405,3973260.030696,1.00221234056583,0.9977925430806599,2023-03-19 20:34:00
346,3982115.689606,3977236.243154,1.001226843504808,0.9987746597958627,2023-03-19 20:30:00
347,3980860.785742,3978486.243154,1.0005968457455612,0.9994035102667983,2023-03-19 20:29:00
348,3979064.785743,3976691.31445,1.0005968457457022,0.9994035102666576,2023-03-19 20:26:00
349,3978005.3988269996,3977746.437315,1.0000652981895632,0.9999350978525718,2023-03-19 20:18:00
350,3979250.771952,3981483.130474,0.9994393148359932,1.00056099970822,2023-03-19 20:13:00
351,3977593.2782056667,3983137.2691019997,0.998608135351077,1.001393806118732,2023-03-19 20:00:00
352,3976989.901539,3983739.76399,0.9983056467412823,1.001697228964144,2023-03-19 19:59:00
353,3972250.726643,3976277.5577249997,0.9989875475281726,1.0010137498960336,2023-03-19 19:58:00
354,3972748.509695334,3969643.3958873334,1.0007827326802838,0.9992185685123628,2023-03-19 19:52:00
355,3971638.246496,3959329.849168,1.0031093686023063,0.9969015821897091,2023-03-19 19:51:00
356,3972012.312823,3958943.171602,1.0033011691894813,0.9967096926716948,2023-03-19 19:50:00
357,3973913.463911,3960838.067318,1.0033011691896443,0.996709692671533,2023-03-19 19:49:00
358,3970637.818521,3957316.958609,1.0033661362956736,0.9966451607429682,2023-03-19 19:47:00
359,3972617.528894,3952243.61439,1.0051550249660268,0.9948714130278551,2023-03-19 19:46:00
360,3973454.717727,3950906.9122923333,1.005707085078271,0.9943254796202087,2023-03-19 19:45:00
361,3972470.925637,3951880.554293,1.0052102716823341,0.9948167345389198,2023-03-19 19:44:00
362,3972669.289612,3955460.688104,1.0043505934870633,0.9956682521867607,2023-03-19 19:43:00
363,3974371.108827,3957155.135467,1.0043505934871488,0.9956682521866758,2023-03-19 19:37:00
364,3970823.267364,3960680.157873,1.0025609514241733,0.9974455902949986,2023-03-19 19:36:00
365,3973020.729609,3962872.006899,1.0025609514242024,0.9974455902949696,2023-03-19 19:32:00
366,3974371.364066,3958825.455352,1.003926899250631,0.9960884609690586,2023-03-19 19:30:00
367,3979921.614434,3961754.0147,1.0045859630479046,0.9954354004455287,2023-03-19 19:27:00
368,3982132.903189,3959546.999358,1.0057041635911033,0.9943281893447321,2023-03-19 19:24:00
369,3981683.356444,3963844.030013,1.0045013383101373,0.9955200162053565,2023-03-19 19:22:00
370,3981808.2513455003,3969579.4623295,1.0030806258275087,0.9969288352818426,2023-03-19 19:21:00
371,3982383.209101,3972345.614917,1.0025268682932087,0.9974795006766147,2023-03-19 19:20:00
372,3983484.10672,3973443.737724,1.0025268682932833,0.9974795006765403,2023-03-19 19:05:00
373,3983503.097677,3973424.737724,1.002536441638699,0.9974699756204841,2023-03-19 18:56:00
374,3983546.231104,3973381.584433,1.0025581853781231,0.9974483422354602,2023-03-19 18:55:00
375,3984105.92225,3972821.720496,1.0028403493909088,0.997167695343896,2023-03-19 18:47:00
376,3983105.348886,3973816.716597,1.0023374586578704,0.9976679923136862,2023-03-19 18:41:00
377,3982522.307714,3974396.73797,1.002044478767399,0.9979596925977637,2023-03-19 18:14:00
378,3985021.475619,3971896.73797,1.003304400520671,0.9967064825800064,2023-03-19 18:02:00
379,3984641.475619,3972274.386199,1.0031133522555662,0.9968963106227571,2023-03-19 17:55:00
380,3979835.475619,3967483.30253,1.0031133522556033,0.9968963106227202,2023-03-19 17:54:00
381,3984641.789724,3962683.30253,1.0055413177177142,0.9944892192691879,2023-03-19 17:52:00
382,3984671.865692,3962653.30253,1.0055565202103203,0.994474184097421,2023-03-19 17:46:00
383,3987757.122877,3964559.6579623334,1.0058512363901886,0.9941828565914964,2023-03-19 17:44:00
384,3986319.3695535,3969962.8861889997,1.004120059515267,0.9958968457245481,2023-03-19 17:43:00
385,3987019.9235755,3975840.1283785,1.0028119327830114,0.9971959520114527,2023-03-19 17:42:00
386,3986126.912581,3974949.621429,1.0028119327831837,0.9971959520112814,2023-03-19 17:40:00
387,3980503.415581,3980548.425296,0.9999886925844906,1.0000113075433685,2023-03-19 17:38:00
388,3980254.415581,3980299.42248,0.9999886925845966,1.0000113075432626,2023-03-19 17:37:00
389,3975296.1784185003,3974842.5167610003,1.0001141332406471,0.9998858797842629,2023-03-19 17:36:00
390,3975770.162999,3973419.070797,1.0005917050681312,0.9994086448397141,2023-03-19 17:35:00
391,3975715.804978,3973473.234436,1.0005643854657342,0.9994359328855469,2023-03-19 17:34:00
392,3972475.804978,3970235.062013,1.000564385465848,0.9994359328854332,2023-03-19 17:31:00
393,3971393.392478,3969173.0388455,1.0005593995552147,0.999440913197694,2023-03-19 17:26:00
394,3971167.804278,3964654.269094,1.001642901181769,0.9983597935154029,2023-03-19 17:25:00
395,3972466.967426,3960757.399722,1.0029563960935406,0.9970523184207652,2023-03-19 17:23:00
396,3972016.967427,3960308.726179,1.0029563960937198,0.9970523184205872,2023-03-19 17:22:00
397,3970049.708063,3962264.0392755,1.001965694149872,0.9980396378240085,2023-03-19 17:19:00
398,3972466.787939,3969500.108779,1.0007473684541384,0.9992531896883299,2023-03-19 17:11:00
399,3971089.520973,3967884.3170595,1.0008077866332241,0.9991928653593498,2023-03-19 17:05:00
400,3967154.45703,3964133.034649,1.0007621899554306,0.999238390535653,2023-03-19 17:04:00
401,3969501.998459,3957087.322527,1.0031373267557997,0.9968724852798111,2023-03-19 17:01:00
402,3971653.1407190003,3954938.635027,1.0042267492686658,0.9957920565062404,2023-03-19 17:00:00
403,3975281.3018075004,3953557.044477,1.0054948637609384,0.9945351647641583,2023-03-19 16:59:00
404,3978857.537322,3952224.5172096663,1.0067388103655803,0.99330643298096,2023-03-19 16:53:00
405,3976166.0357345,3958370.518843,1.004497888058008,0.9955266608187383,2023-03-19 16:51:00
406,3980354.048433,3970887.153762,1.0023840754734195,0.9976215948240265,2023-03-19 16:46:00
407,3980455.287244,3970785.854416,1.0024351433651972,0.9975707721528774,2023-03-19 16:43:00
408,3977607.460301,3973620.2685,1.0010034154075083,0.9989975904257031,2023-03-19 16:42:00
409,3975560.321824,3971575.182093,1.0010034154078131,0.998997590425399,2023-03-19 16:41:00
410,3971591.3218255,3967610.160657,1.0010034154080907,0.998997590425122,2023-03-19 16:40:00
411,3966327.321826,3962351.437341,1.0010034154082175,0.9989975904249955,2023-03-19 16:39:00
412,3963181.321827,3959208.590922,1.0010034154083494,0.9989975904248638,2023-03-19 16:38:00
413,3966327.526266,3956058.590922,1.0025957490537587,0.9974109714147416,2023-03-19 16:37:00
414,3964213.960657,3958161.48075,1.00152911394253,0.9984732206770199,2023-03-19 16:36:00
415,3963206.759623,3962393.507018,1.0002052901062946,0.9997947746373752,2023-03-19 16:35:00
416,3963938.674763,3963533.828128,1.0001021428484165,0.9998978675836794,2023-03-19 16:30:00
417,3965706.249338,3957613.0627739998,1.0020449666088194,0.9979592067452421,2023-03-19 16:29:00
418,3965948.285349333,3949559.8839546666,1.0041494251095344,0.9958677214764147,2023-03-19 16:28:00
419,3967791.680974,3945888.677222,1.0055508417858916,0.9944797999710954,2023-03-19 16:27:00
420,3967836.795527,3945843.677222,1.005573742931571,0.9944571514811816,2023-03-19 16:24:00
421,3968027.290533,3945653.677222,1.0056704452902598,0.9943615273603638,2023-03-19 16:21:00
422,3967668.399389,3946009.506348,1.005488809138994,0.9945411534279589,2023-03-19 16:20:00
423,3968027.028548,3946366.177805,1.0054888091391072,0.994541153427847,2023-03-19 16:07:00
424,3968277.662511,3946116.177805,1.0056160243914378,0.9944153391998339,2023-03-19 16:03:00
425,3969360.903219,3945036.041069,1.0061659416788011,0.9938718441726291,2023-03-19 16:01:00
426,3969496.6401295,3944900.738986,1.006234861513496,0.9938037754395216,2023-03-19 16:00:00
427,3969882.266107,3944516.3824,1.0064306701374546,0.9936104191493128,2023-03-19 15:58:00
428,3970133.134851,3944266.3824,1.006558064274366,0.9934846637197292,2023-03-19 15:49:00
429,3971940.328681,3942466.3824,1.0074760171481938,0.9925794589439898,2023-03-19 15:48:00
430,3977645.2438930003,3948537.564356,1.0073717674784433,0.9926821884363703,2023-03-19 15:46:00
431,3977851.309374,3949150.785709,1.0072675178088566,0.9927849179285898,2023-03-19 15:43:00
432,3981421.207758,3951733.5662245,1.0075125615216676,0.9925434562222022,2023-03-19 15:39:00
433,3985512.749193,3953797.34674,1.0080215043088008,0.9920423281899118,2023-03-19 15:32:00
434,3978611.909067,3960634.561692,1.0045390068422066,0.9954815026481898,2023-03-19 15:31:00
435,3985511.028329,3967502.507301,1.0045390068424307,0.9954815026479678,2023-03-19 15:26:00
436,3983033.5111365,3974896.6097355,1.002047072464997,0.9979571094799355,2023-03-19 15:25:00
437,3985125.4303440005,3977750.4421654996,1.001854062122181,0.9981493732003943,2023-03-19 15:20:00
438,3985253.69865,3978134.600016,1.0017895570034185,0.998213639790006,2023-03-19 15:14:00
439,3984992.361788,3978394.704482,1.0016583717293228,0.9983443739141724,2023-03-19 15:10:00
440,3984693.170371,3978692.526822,1.0015081948425388,0.9984940763836926,2023-03-19 15:09:00
441,3984991.61923,3978990.52624,1.001508194842492,0.9984940763837392,2023-03-19 14:55:00
442,3984521.61923,3979458.465769,1.0012723222278992,0.9987292945189293,2023-03-19 14:47:00
443,3984509.26533,3979470.766994,1.001266122716063,0.9987354783235565,2023-03-19 14:46:00
444,3979866.26533,3974833.638168,1.0012661227160993,0.9987354783235204,2023-03-19 14:45:00
445,3978206.805312,3972801.821427,1.0013605011837767,0.9986413561359164,2023-03-19 14:44:00
446,3976145.991207,3966678.074737,1.0023868628337398,0.9976188207145971,2023-03-19 14:43:00
447,3974421.423184,3961511.289806,1.0032592708532873,0.9967520711856706,2023-03-19 14:42:00
448,3973041.85516,3956694.065882,1.004131678872765,0.9958853216568136,2023-03-19 14:41:00
449,3976202.907706,3953539.065882,1.0057325456971757,0.9943001298407882,2023-03-19 14:33:00
450,3976278.112017,3953464.065882,1.00577064714762,0.994262462158758,2023-03-19 14:29:00
451,3976308.104596,3953434.155882,1.0057858428424735,0.9942474405623746,2023-03-19 14:25:00
452,3970868.1266685,3958840.752655,1.0030421337843345,0.9969751135195923,2023-03-19 14:23:00
453,3976505.671771,3975722.012098,1.0001971112845958,0.999802927560606,2023-03-19 14:20:00
454,3975809.671771,3975026.14926,1.0001971112847008,0.9998029275605008,2023-03-19 14:19:00
455,3972288.271771,3972360.835487,0.9999817328488008,1.000018267484894,2023-03-19 14:18:00
456,3975622.302558,3969019.523733,1.0016635793262085,0.9983391835736629,2023-03-19 14:12:00
457,3971672.14511,3972955.196738,0.9996770535874521,1.0003230507406258,2023-03-19 14:11:00
458,3975620.61761,3976904.944795,0.9996770535874435,1.0003230507406342,2023-03-19 14:09:00
459,3624937.7911765,3626108.8300145,0.9996770535874966,1.000323050740581,2023-03-19 14:07:00
460,3621878.814884,3623862.553346,0.9994525900381711,1.0005477097836206,2023-03-19 14:06:00
461,3621268.305917,3624469.270235,0.9991168460595632,1.0008839345907536,2023-03-19 14:05:00
462,3617734.101074,3622970.606863,0.9985546375178753,1.0014474545786674,2023-03-19 14:04:00
463,3615665.101074,3622298.670786,0.9981686850492203,1.001834674818204,2023-03-19 14:03:00
464,3613230.108061,3614367.0408565,0.9996854406919251,1.000314658286768,2023-03-19 14:02:00
465,3609543.251725,3612968.382325,0.9990519898771447,1.0009489096988555,2023-03-19 14:01:00
466,3607480.2486226666,3606775.825284667,1.000196230099332,0.9998055101377276,2023-03-19 14:00:00
467,3609424.741616,3603694.456904,1.0015901139179604,0.9984124105301516,2023-03-19 13:59:00
468,3604885.741617,3599162.662973,1.001590113918128,0.9984124105299845,2023-03-19 13:58:00
469,3601641.741617,3595923.813113,1.001590113918195,0.9984124105299176,2023-03-19 13:51:00
470,3599945.666869,3597612.910469,1.0006484178420674,0.9993520023311827,2023-03-19 13:50:00
471,3601641.549755,3599307.694427,1.0006484178420239,0.9993520023312262,2023-03-19 13:48:00
472,3599743.893435,3601199.428519,0.9995958193616068,1.000404344066436,2023-03-19 13:44:00
473,3596651.893435,3598106.178287,0.9995958193616475,1.0004043440663952,2023-03-19 13:43:00
474,3598549.6932146666,3590746.9937219997,1.0021732355106947,0.9978318398521693,2023-03-19 13:42:00
475,3598923.999539,3586993.8096005,1.0033259577718168,0.9966850675535165,2023-03-19 13:41:00
476,3594433.9075795,3583292.518631,1.003109900079074,0.9969010257416276,2023-03-19 13:40:00
477,3604752.193396,3597660.022168,1.001971328914989,0.9980325495769188,2023-03-19 13:39:00
478,3607251.590765,3594161.836535,1.0036419490343873,0.9963712666276143,2023-03-19 13:38:00
479,3607751.975887,3593661.836535,1.0039208306159342,0.9960944822576014,2023-03-19 13:33:00
480,3609748.896591,3591667.836535,1.0050341682134625,0.994991047695014,2023-03-19 13:29:00
481,3614168.4322699998,3587264.2301995,1.0075008298398482,0.9925567997185969,2023-03-19 13:28:00
482,3603154.235227,3598146.890767,1.0013916453696898,0.9986102886157233,2023-03-19 13:27:00
483,3616594.661246,3611568.638473,1.0013916453696765,0.9986102886157365,2023-03-19 13:23:00
484,3617593.580999,3610568.382437,1.0019457320338185,0.9980580464873393,2023-03-19 13:21:00
485,3615831.4451636667,3612323.5590460002,1.000971578158926,0.9990303438096261,2023-03-19 13:14:00
486,3613662.205018,3615213.852481,0.9995708006424198,1.0004293836487663,2023-03-19 13:13:00
487,3609775.205019,3611325.183467,0.9995708006426295,1.0004293836485565,2023-03-19 13:12:00
488,3607805.592421,3605408.491695,1.0006654620933777,0.9993361763479889,2023-03-19 13:11:00
489,3606900.9048459996,3599266.785906,1.0021213086864065,0.9978833113665887,2023-03-19 13:10:00
490,3609777.003959,3591945.799491,1.0049642186890813,0.9950603030468519,2023-03-19 13:09:00
491,3609056.747707,3592660.490401,1.0045638204193823,0.9954569134119552,2023-03-19 13:08:00
492,3609776.8693,3593377.340419,1.0045638204194518,0.9954569134118862,2023-03-19 13:02:00
493,3623570.209985,3607108.016763,1.004563820419432,0.9954569134119059,2023-03-19 12:52:00
494,3623219.820584,3606060.201467,1.004758569275166,0.9952640048545414,2023-03-19 12:51:00
495,3621841.6167399995,3601527.4431749997,1.0056406559016438,0.9943912149787423,2023-03-19 12:50:00
496,3620461.166075667,3612613.216198333,1.0021810284622303,0.9978326717482745,2023-03-19 12:47:00
497,3625568.507462,3626082.4759385,0.9998582673842802,1.0001417716713839,2023-03-19 12:46:00
498,3624180.8462004997,3627465.8167955,0.9990944204273846,1.0009064068160316,2023-03-19 12:43:00
499,3623529.8414550005,3628114.712897,0.9987363031923112,1.0012653148315085,2023-03-19 12:40:00
500,3620791.406128,3625873.220966,0.9985984576601808,1.0014035094176923,2023-03-19 12:39:00
