,USDC_reserve,WETH_reserve,USDC_WETH_price,WETH_USDC_price,timestamp
0,28227043.828479003,16010.43756766686,1763.040123618084,0.0005672020656840272,2023-03-20 20:38:00
1,28225580.570633005,16011.265083548606,1762.8576145200711,0.0005672607882584124,2023-03-20 20:37:00
2,28226126.172638413,16010.954665184969,1762.9258705916855,0.0005672388261243326,2023-03-20 20:34:00
3,28225204.7620205,16011.467472957976,1762.8118608413909,0.0005672755118326843,2023-03-20 20:33:00
4,28226701.433476668,16010.614713960646,1762.9992313077216,0.000567215221788976,2023-03-20 20:32:00
5,28220079.1901855,16014.361027330102,1762.173389117715,0.0005674811137815063,2023-03-20 20:31:00
6,28215568.558028,16016.911334886678,1761.611085255227,0.0005676621863050192,2023-03-20 20:30:00
7,28216331.449625835,16016.47663748585,1761.706528120055,0.000567631432390319,2023-03-20 20:29:00
8,28216498.3594876,16016.381609700064,1761.7274018112312,0.0005676247068559519,2023-03-20 20:28:00
9,28214987.972642,16017.236202478665,1761.5391079939081,0.0005676853811885159,2023-03-20 20:27:00
10,28214368.402292088,16017.586621131328,1761.4618900123714,0.0005677102670950738,2023-03-20 20:23:00
11,28214438.601054,16017.54527210293,1761.4708197637422,0.0005677073890637174,2023-03-20 20:22:00
12,28213438.601054,16018.111296431342,1761.346146180146,0.0005677475731665311,2023-03-20 20:20:00
13,28213238.60105401,16018.224506099952,1761.3212119926286,0.0005677556104991624,2023-03-20 20:18:00
14,28215044.162147667,16017.194812635205,1761.5471698971498,0.0005676827843161046,2023-03-20 20:16:00
15,28213854.2047558,16017.868325117928,1761.3988100504262,0.0005677305982508299,2023-03-20 20:15:00
16,28203419.284643997,16023.778725056627,1760.0982872507486,0.000568150340180107,2023-03-20 20:14:00
17,28190567.144364666,16031.056729940527,1758.4971334577995,0.0005686674106067387,2023-03-20 20:12:00
18,28192765.841896,16029.802692278214,1758.7718565916512,0.0005685785772908114,2023-03-20 20:10:00
19,28192465.841896,16029.972755940333,1758.7344826552205,0.0005685906598534796,2023-03-20 20:07:00
20,28192215.841896,16030.114478419042,1758.703338011123,0.0005686007289500439,2023-03-20 20:06:00
21,28191652.910484,16030.433505288045,1758.6332248705041,0.0005686234003723206,2023-03-20 20:05:00
22,28168615.62665,16043.504394830621,1755.7645096370725,0.0005695524624806924,2023-03-20 20:04:00
23,28168075.334882803,16043.80517772347,1755.6979356156207,0.0005695740711616059,2023-03-20 20:03:00
24,28171178.456672497,16042.025103324282,1756.086172182755,0.0005694481375215604,2023-03-20 20:02:00
25,28171496.188793,16041.843628673545,1756.1258444408875,0.0005694352731984184,2023-03-20 20:01:00
26,28171484.31596312,16041.850369223393,1756.1243664312806,0.000569435752456114,2023-03-20 19:58:00
27,28167620.360638,16044.044579511721,1755.6434133259231,0.0005695917811805112,2023-03-20 19:57:00
28,28169408.8218818,16043.010745317384,1755.8679872191854,0.0005695189040029968,2023-03-20 19:56:00
29,28172938.752682995,16040.994060572173,1756.30878275371,0.0005693759604345336,2023-03-20 19:55:00
30,28179321.492544252,16037.349350188288,1757.1059209928367,0.000569117654547795,2023-03-20 19:53:00
31,28173033.224661995,16040.919179590486,1756.3230911581784,0.0005693714649097491,2023-03-20 19:51:00
32,28163698.169358004,16046.216823042185,1755.1612619938708,0.000569748217245859,2023-03-20 19:50:00
33,28146684.414694,16055.887131152049,1753.0444868209531,0.0005704361798180644,2023-03-20 19:48:00
34,28146269.369328,16056.123060982562,1752.9928776969386,0.0005704529737244502,2023-03-20 19:47:00
35,28146270.233986665,16056.12202744391,1752.993044612961,0.0005704529195520866,2023-03-20 19:45:00
36,28146522.648794,16055.977383350013,1753.0245575695587,0.0005704426647544672,2023-03-20 19:44:00
37,28145422.648794003,16056.603012270783,1752.887745140407,0.0005704871876549628,2023-03-20 19:43:00
38,28145182.648794,16056.739519609058,1752.8578958649794,0.0005704969024351698,2023-03-20 19:41:00
39,28145277.019474,16056.68551960906,1752.8696682202487,0.000570493070951097,2023-03-20 19:38:00
40,28143783.346341,16057.535138450434,1752.683902210467,0.000570553537200182,2023-03-20 19:37:00
41,28139782.846341,16059.81111389641,1752.1864140725727,0.0005707155311607054,2023-03-20 19:36:00
42,28139239.85594657,16060.12002848665,1752.1189011130584,0.0005707375220782624,2023-03-20 19:35:00
43,28139485.685202,16059.97930352899,1752.1495609286794,0.0005707275350798119,2023-03-20 19:33:00
44,28141708.307329,16058.7070756851,1752.4267784882309,0.0005706372513108204,2023-03-20 19:32:00
45,28134708.000481,16062.690718574826,1751.556354624082,0.0005709208255618013,2023-03-20 19:30:00
46,28134458.000481,16062.83302185508,1751.5252734185353,0.0005709309566788336,2023-03-20 19:28:00
47,28132644.080341,16063.865604720377,1751.2997663572462,0.0005710044729121552,2023-03-20 19:27:00
48,28132344.080341,16064.036393979482,1751.2624716714727,0.0005710166329582575,2023-03-20 19:26:00
49,28140277.219428502,16059.492554508048,1752.2523026484955,0.000570694297326332,2023-03-20 19:24:00
50,28170941.8855455,16041.957311565806,1756.0788462963963,0.0005694505131618541,2023-03-20 19:23:00
51,28194660.780678,16028.422185996435,1759.0418553548902,0.0005684914950917785,2023-03-20 19:22:00
52,28205595.687268,16022.187676553769,1760.408524876575,0.0005680499679121294,2023-03-20 19:20:00
53,28207133.766039,16021.310512285461,1760.600903678262,0.0005679878943097431,2023-03-20 19:19:00
54,28223407.745442502,16012.043784603095,1762.6361834767442,0.0005673320503826085,2023-03-20 19:18:00
55,28251314.549328,15996.180853443122,1766.129039235912,0.0005662102424551828,2023-03-20 19:15:00
56,28256676.864778,15993.124493078989,1766.8015325589477,0.0005659945282884432,2023-03-20 19:14:00
57,28255047.521246333,15994.035749507544,1766.599002055262,0.0005660594192325716,2023-03-20 19:12:00
58,28274006.264109,15983.268269895945,1768.975267660655,0.0005652990284281573,2023-03-20 19:11:00
59,28274235.239862,15983.137909978504,1769.0040215576182,0.0005652898398272121,2023-03-20 19:10:00
60,28272823.708933003,15983.931615705986,1768.8278710285085,0.0005653461356531434,2023-03-20 19:09:00
61,28273230.820159663,15983.699961050776,1768.8789760450527,0.0005653298012851828,2023-03-20 19:08:00
62,28273847.568963498,15983.350252973998,1768.9562652052434,0.000565305100906101,2023-03-20 19:07:00
63,28275504.3912525,15982.41088098754,1769.163901869889,0.0005652387544436937,2023-03-20 19:05:00
64,28275998.323522,15982.130854942623,1769.2258047541504,0.0005652189773136159,2023-03-20 19:03:00
65,28274998.323522,15982.694398193096,1769.100854904577,0.0005652588981728454,2023-03-20 19:02:00
66,28274898.120769,15982.750868969484,1769.088334828814,0.0005652628985859913,2023-03-20 19:01:00
67,28273954.5580025,15983.282456011792,1768.970462484328,0.0005653005639289156,2023-03-20 18:58:00
68,28273810.995236,15983.363177290908,1768.952546570881,0.0005653062892718646,2023-03-20 18:57:00
69,28267786.799761,15986.75919960547,1768.1999488963722,0.0005655469001818224,2023-03-20 18:56:00
70,28266259.941415,15987.620165584334,1768.0092251792555,0.0005656079084647376,2023-03-20 18:55:00
71,28266971.48678,15987.216509089862,1768.0983722656304,0.0005655793906526853,2023-03-20 18:54:00
72,28267503.125857,15986.913380359376,1768.1651528325351,0.0005655580302755567,2023-03-20 18:53:00
73,28267841.300958,15986.719997728294,1768.2076944024816,0.000565544423135456,2023-03-20 18:52:00
74,28267526.007134,15986.896687498378,1768.168429413757,0.0005655569816567496,2023-03-20 18:51:00
75,28247822.690377,15998.01434403076,1765.708048693989,0.0005663450425678542,2023-03-20 18:50:00
76,28243918.73261,16000.219002889447,1765.220759010204,0.0005665013822751104,2023-03-20 18:49:00
77,28243818.73261,16000.275483277233,1765.2082779530367,0.0005665053877719267,2023-03-20 18:48:00
78,28242088.73261,16001.252657289311,1764.9923626288357,0.0005665746895984117,2023-03-20 18:46:00
79,28238928.014052,16003.038392862942,1764.5979320594295,0.0005667013505390337,2023-03-20 18:44:00
80,28236237.262144998,16004.55852215422,1764.2621773244534,0.0005668091812456076,2023-03-20 18:43:00
81,28237174.274129,16004.02501421875,1764.3795388373692,0.0005667714785782123,2023-03-20 18:42:00
82,28236653.094129,16004.319523443903,1764.3145060161153,0.0005667923698354867,2023-03-20 18:41:00
83,28235392.245833,16005.032050536412,1764.1571823585746,0.0005668429151324593,2023-03-20 18:37:00
84,28232892.245833,16006.445031609645,1763.8452629599187,0.0005669431559556955,2023-03-20 18:36:00
85,28232911.928719666,16006.433083887741,1763.8478096715228,0.0005669423376607935,2023-03-20 18:35:00
86,28232468.829072,16006.68353960007,1763.7925282414494,0.0005669601066952178,2023-03-20 18:34:00
87,28232958.864317,16006.404878017129,1763.8538497230925,0.0005669403959727106,2023-03-20 18:33:00
88,28232740.369283,16006.528381044183,1763.8265898324967,0.0005669491580251422,2023-03-20 18:32:00
89,28215844.174958,16016.084635781597,1761.7192226819827,0.0005676273421582091,2023-03-20 18:30:00
90,28200244.6572615,16024.916960810933,1759.7747763194056,0.0005682545366987311,2023-03-20 18:29:00
91,28183278.334071,16034.534155778972,1757.6611868108198,0.0005689378632886279,2023-03-20 18:27:00
92,28189469.596615,16031.001891210766,1758.4346747579323,0.0005686876028747902,2023-03-20 18:26:00
93,28188999.328432664,16031.26810353074,1758.3761401654465,0.0005687065339762175,2023-03-20 18:25:00
94,28190244.8760792,16030.55765651631,1758.5317676310647,0.0005686562048649055,2023-03-20 18:24:00
95,28191728.705170497,16029.711264576366,1758.7171872763893,0.0005685962515413171,2023-03-20 18:23:00
96,28192025.5237725,16029.541952679821,1758.7542805087778,0.0005685842593757161,2023-03-20 18:22:00
97,28191347.7162295,16029.92338736133,1758.6701467853864,0.0005686114601164787,2023-03-20 18:20:00
98,28191438.248454,16029.87175486133,1758.6814591891211,0.0005686078026097301,2023-03-20 18:19:00
99,28191651.925794497,16029.748516965694,1758.7083105484508,0.0005685991215820933,2023-03-20 18:18:00
100,28191163.148088,16030.025604599594,1758.6474185043683,0.0005686188086810739,2023-03-20 18:17:00
101,28178752.86846167,16037.063774487113,1757.1020149549659,0.0005691190894467933,2023-03-20 18:13:00
102,28159520.949354,16047.981248412281,1754.7079918316817,0.0005698953926551238,2023-03-20 18:12:00
103,28159020.949354,16048.265346309958,1754.645772717655,0.0005699156009427282,2023-03-20 18:11:00
104,28157792.1955005,16048.963531957244,1754.4928767167553,0.0005699652664715987,2023-03-20 18:10:00
105,28155800.941647,16050.095122676164,1754.2451135923457,0.0005700457662682033,2023-03-20 18:09:00
106,28154089.1576326,16051.066419852275,1754.0323246940104,0.0005701149285217719,2023-03-20 18:06:00
107,28147499.709996,16054.813033954348,1753.2126203725275,0.0005703815201869069,2023-03-20 18:05:00
108,28141722.579068,16058.098672357466,1752.4940625449872,0.0005706153426550223,2023-03-20 18:04:00
109,28138615.834294,16059.866312724494,1752.107726952111,0.0005707411630412601,2023-03-20 18:03:00
110,28136792.827241,16060.903716236531,1751.8810475649966,0.0005708150113216514,2023-03-20 18:02:00
111,28171777.678506,16040.895297728093,1756.2472185184033,0.000569395922442239,2023-03-20 18:01:00
112,28170777.678506,16041.462985521792,1756.1227242135903,0.0005694362849542934,2023-03-20 18:00:00
113,28194140.197546,16028.130493696926,1759.0410939490107,0.0005684915511315067,2023-03-20 17:58:00
114,28193515.197546,16028.484742834191,1758.9632239036441,0.0005685167184909716,2023-03-20 17:56:00
115,28192989.025185,16028.782988771005,1758.8976683342494,0.0005685379075788089,2023-03-20 17:55:00
116,28225151.162521,16010.463534701514,1762.9190498666726,0.0005672410199864984,2023-03-20 17:54:00
117,28255942.53259,15992.962303903285,1766.7735353387047,0.0005660034980414425,2023-03-20 17:53:00
118,28254687.729153,15993.670422814183,1766.6168541805814,0.0005660536961557717,2023-03-20 17:52:00
119,28258916.536135502,15991.26813451892,1767.1466964517103,0.0005658839814927056,2023-03-20 17:51:00
120,28261721.533235,15989.676179875898,1767.4980540759361,0.0005657714856850629,2023-03-20 17:50:00
121,28260721.533235,15990.240274006777,1767.373163189719,0.0005658114657547591,2023-03-20 17:48:00
122,28260577.093235,15990.321755053916,1767.3551243146771,0.0005658172408263266,2023-03-20 17:47:00
123,28250507.093235,15996.00446623228,1766.0977247707135,0.0005662200828268586,2023-03-20 17:46:00
124,28250566.720725,15995.970602430021,1766.1051912931953,0.0005662176890311783,2023-03-20 17:44:00
125,28247577.062208667,15997.658002003001,1765.7320474509504,0.0005663373594497599,2023-03-20 17:43:00
126,28246315.275677502,15998.368448747568,1765.5747441603232,0.0005663878029946571,2023-03-20 17:42:00
127,28234734.8881035,16004.90922150369,1764.129649090324,0.0005668517620315337,2023-03-20 17:41:00
128,28236791.68364,16003.739900380873,1764.3870657363027,0.000566769060723468,2023-03-20 17:40:00
129,28235059.647002,16004.718682549235,1764.1709432952987,0.0005668384939645593,2023-03-20 17:39:00
130,28234331.718240336,16005.127543179013,1764.0803982156801,0.0005668675898636801,2023-03-20 17:38:00
131,28232822.998661,16005.980068866182,1763.8921768448904,0.0005669280781907507,2023-03-20 17:36:00
132,28231697.998661,16006.615967094342,1763.7518171672523,0.0005669731933181461,2023-03-20 17:35:00
133,28231254.673328,16006.86638246479,1763.6965297521342,0.0005669909671997119,2023-03-20 17:33:00
134,28229886.403796,16007.639889007749,1763.525829989043,0.000567045848859085,2023-03-20 17:32:00
135,28229252.76685,16007.997862921547,1763.446810062105,0.00056707125743406,2023-03-20 17:31:00
136,28232153.712748,16006.348165619638,1763.8098249188797,0.0005669545646002732,2023-03-20 17:30:00
137,28234464.309949,16005.033352399161,1764.099061382084,0.000566861590827679,2023-03-20 17:29:00
138,28239724.669070665,16002.040830105681,1764.7576939998723,0.0005666500300830153,2023-03-20 17:28:00
139,28241871.9958395,16000.818589795894,1765.0266982431685,0.0005665636682018927,2023-03-20 17:27:00
140,28240403.1961,16001.64830272102,1764.8433875532212,0.0005666225156957989,2023-03-20 17:26:00
141,28244437.0568285,15999.35566145206,1765.348408678988,0.0005664604194186571,2023-03-20 17:24:00
142,28256909.042876,15992.26127464285,1766.9114178168063,0.0005659593287566158,2023-03-20 17:23:00
143,28250959.042876,15995.619337375389,1766.168501951329,0.0005661973922053092,2023-03-20 17:22:00
144,28251160.565289497,15995.504893546458,1766.1937371684198,0.0005661893024495238,2023-03-20 17:21:00
145,28249302.524852,15996.550711911608,1765.9621497196433,0.0005662635746501296,2023-03-20 17:20:00
146,28246820.923384,15997.95056765211,1765.6524692918563,0.0005663628700392361,2023-03-20 17:19:00
147,28246766.397906,15997.981356274133,1765.6456629653533,0.0005663650532919089,2023-03-20 17:18:00
148,28237473.397906,16003.23056752136,1764.4858290421557,0.0005667373433690219,2023-03-20 17:17:00
149,28217693.876927,16014.41450876582,1762.0184529057533,0.0005675309463138113,2023-03-20 17:16:00
150,28217061.533971,16014.772314391459,1761.9396005235897,0.0005675563451276338,2023-03-20 17:15:00
151,28211765.157294,16017.76985119696,1761.279217979638,0.0005677691474422206,2023-03-20 17:14:00
152,28212113.287686,16017.571601196958,1761.3227516696584,0.0005677551141901976,2023-03-20 17:13:00
153,28207954.752456,16019.925894742915,1760.8043219296474,0.0005679222770785286,2023-03-20 17:12:00
154,28212952.495639,16017.079530264953,1761.4292569584502,0.0005677207847261212,2023-03-20 17:11:00
155,28212452.495639,16017.362544091811,1761.366917804173,0.0005677408777761426,2023-03-20 17:10:00
156,28214006.545635,16016.477648692431,1761.5612617056195,0.0005676782430512179,2023-03-20 17:08:00
157,28192625.287743,16028.585879327193,1758.896605102533,0.0005685382512530951,2023-03-20 17:06:00
158,28192358.894092,16028.736881369561,1758.8634152988311,0.0005685489795863995,2023-03-20 17:03:00
159,28190868.514608,16029.581744323164,1758.6777364258087,0.0005686090071802617,2023-03-20 17:02:00
160,28183677.657993,16033.659358147075,1757.782003774383,0.0005688987674427349,2023-03-20 17:01:00
161,28181245.944763,16035.038664089883,1757.479138972972,0.0005689967965050076,2023-03-20 16:57:00
162,28190985.046674,16029.482453553908,1758.695910954852,0.0005686031381979745,2023-03-20 16:56:00
163,28227539.207304668,16008.665995111523,1763.2670287307271,0.0005671296259821278,2023-03-20 16:55:00
164,28238616.153744,16002.362604079113,1764.6529360949353,0.0005666836688085174,2023-03-20 16:54:00
165,28236429.995651,16003.597886380903,1764.380131794699,0.0005667712942263273,2023-03-20 16:52:00
166,28230136.840978,16007.154714641754,1763.5949264084938,0.0005670236316887512,2023-03-20 16:51:00
167,28230035.23939,16007.212152518385,1763.582250951089,0.000567027707077856,2023-03-20 16:50:00
168,28230292.501517,16007.065840160163,1763.61444273503,0.000567017356950871,2023-03-20 16:49:00
169,28230070.364491,16007.190732873609,1763.58680597376,0.0005670262430601989,2023-03-20 16:47:00
170,28230708.429291,16006.82640293969,1763.6668080629877,0.0005670005215431178,2023-03-20 16:45:00
171,28227287.791079,16008.75499582656,1763.2406763650188,0.0005671375594023149,2023-03-20 16:43:00
172,28234457.853935,16004.677330762708,1764.1378998416508,0.0005668491108828625,2023-03-20 16:42:00
173,28230855.3274995,16006.712323389724,1763.688555554315,0.0005669935304107613,2023-03-20 16:41:00
174,28230184.2541795,16007.08985671752,1763.6050343338695,0.0005670203819364005,2023-03-20 16:40:00
175,28228657.08643933,16007.951018558582,1763.4147741717804,0.000567081569210741,2023-03-20 16:39:00
176,28228004.2199405,16008.305863199945,1763.3349058951026,0.0005671072565135652,2023-03-20 16:38:00
177,28231125.247824,16006.52169592744,1763.7264242877086,0.0005669813573261804,2023-03-20 16:37:00
178,28229420.953268,16007.480960032768,1763.5142963454764,0.0005670495795756812,2023-03-20 16:36:00
179,28226432.540768,16009.17047228055,1763.1414812929447,0.0005671694589515761,2023-03-20 16:35:00
180,28226047.77236,16009.385960265112,1763.0937169831127,0.0005671848253292063,2023-03-20 16:34:00
181,28226614.941418,16009.063137683737,1763.1646960636544,0.0005671619912947133,2023-03-20 16:33:00
182,28226074.857782,16009.368539492976,1763.0973256785262,0.0005671836633381263,2023-03-20 16:32:00
183,28226066.948586,16009.37301200309,1763.0963390898191,0.0005671839807212351,2023-03-20 16:30:00
184,28208465.328224,16019.33261982689,1760.901405674716,0.0005678909658299892,2023-03-20 16:29:00
185,28203621.610098,16022.075879816333,1760.2976673150497,0.0005680857861973391,2023-03-20 16:28:00
186,28200099.829311,16024.068492569893,1759.858918036889,0.0005682273678302334,2023-03-20 16:24:00
187,28199462.795538,16024.42808052482,1759.7796731421222,0.0005682529559112509,2023-03-20 16:23:00
188,28194609.686214,16027.178190686896,1759.1749324746638,0.0005684483173010469,2023-03-20 16:21:00
189,28190101.665698,16029.733367181176,1758.6132607429154,0.000568629853034064,2023-03-20 16:19:00
190,28243067.563488998,15999.581576501114,1765.2378874541037,0.0005664958861544475,2023-03-20 16:18:00
191,28246795.2115115,15997.463800638427,1765.704587039541,0.0005663461529753784,2023-03-20 16:16:00
192,28249027.344767,15996.195936489543,1765.9840787725693,0.0005662565206675253,2023-03-20 16:13:00
193,28272249.448039,15983.01756725429,1768.8930972560938,0.0005653252881992697,2023-03-20 16:10:00
194,28288131.0807205,15974.0165653164,1770.8853301966187,0.0005646901192791826,2023-03-20 16:09:00
195,28297231.4566195,15968.828142673065,1772.0293063958848,0.0005643247526781705,2023-03-20 16:07:00
196,28298426.922535,15968.151510065705,1772.1792597406634,0.00056427700217321,2023-03-20 16:06:00
197,28298284.301524,15968.231746793354,1772.1614233965945,0.000564282681474558,2023-03-20 16:05:00
198,28298084.301524,15968.344265555274,1772.1364113225409,0.0005642906458051401,2023-03-20 16:02:00
199,28309324.255851,15961.988355105563,1773.546948984098,0.000563842311053796,2023-03-20 15:58:00
200,28327313.727316998,15951.817860195371,1775.80473746529,0.0005631249759066724,2023-03-20 15:53:00
201,28330293.014896,15950.13471934307,1776.1789183213195,0.0005630063452237462,2023-03-20 15:52:00
202,28330666.127899,15949.922641682055,1776.2259268808145,0.0005629914443125345,2023-03-20 15:50:00
203,28330855.299879,15949.815819958912,1776.249683414248,0.0005629839145907369,2023-03-20 15:49:00
204,28324291.148713,15953.500730506406,1775.427953223525,0.000563244483215648,2023-03-20 15:48:00
205,28324455.198084,15953.406029586735,1775.4487769483035,0.0005632378780920658,2023-03-20 15:47:00
206,28324727.640854668,15953.249807965745,1775.4832408513691,0.0005632269452776319,2023-03-20 15:46:00
207,28324720.163399,15953.252380956612,1775.482483885869,0.0005632271842025571,2023-03-20 15:45:00
208,28324506.821655,15953.372181249084,1775.455778242698,0.0005632356560239281,2023-03-20 15:43:00
209,28324006.821655,15953.65295918006,1775.393190144379,0.0005632555118219631,2023-03-20 15:42:00
210,28322529.83332,15954.482428488558,1775.208312790321,0.0005633141715228747,2023-03-20 15:39:00
211,28325875.241353333,15952.588337648856,1775.6288687682008,0.0005631807964598122,2023-03-20 15:37:00
212,28328680.645234335,15950.987430706386,1775.9829207835558,0.0005630685018498281,2023-03-20 15:35:00
213,28326098.218356,15952.437109818567,1775.6596078242126,0.0005631710018461608,2023-03-20 15:34:00
214,28325105.014702,15952.994793714466,1775.5352760387152,0.0005632104377171469,2023-03-20 15:33:00
215,28320105.014702,15955.80289343745,1774.9094297442048,0.0005634090299154686,2023-03-20 15:32:00
216,28320667.840875,15955.48339752489,1774.9802467077006,0.0005633865520540701,2023-03-20 15:29:00
217,28321294.256142,15955.129424894376,1775.0588855740034,0.0005633615921855057,2023-03-20 15:28:00
218,28321596.60132,15954.95858519536,1775.0968423033924,0.0005633495459704049,2023-03-20 15:26:00
219,28320988.383138,15955.299593287573,1775.02078448142,0.0005633736855285207,2023-03-20 15:21:00
220,28319388.536643665,15956.197331444431,1774.8206520185224,0.0005634372126083962,2023-03-20 15:17:00
221,28319788.3753225,15955.968855502284,1774.8711242514282,0.0005634211897093027,2023-03-20 15:15:00
222,28319773.410565,15955.97629504291,1774.8693584712323,0.0005634217500162046,2023-03-20 15:14:00
223,28319335.054878,15956.222537886319,1774.81449576349,0.0005634391665148942,2023-03-20 15:12:00
224,28318720.875228,15956.567559234169,1774.7376288855914,0.0005634635698956406,2023-03-20 15:11:00
225,28319404.924909,15956.180971734168,1774.823497870566,0.0005634363085680353,2023-03-20 15:10:00
226,28319517.42925,15956.117392217107,1774.8376207775564,0.0005634318251389668,2023-03-20 15:09:00
227,28319376.276727,15956.196653892866,1774.8199581021968,0.0005634374323070408,2023-03-20 15:08:00
228,28330026.680721,15950.180028808147,1776.1571737468294,0.0005630132371058612,2023-03-20 15:06:00
229,28333664.337741,15948.126081644825,1776.6140167621988,0.0005628684624600993,2023-03-20 15:05:00
230,28333403.139641,15948.272662108524,1776.5813100849655,0.0005628788248099799,2023-03-20 15:03:00
231,28333500.554364,15948.217664619926,1776.5935448209998,0.0005628749484737967,2023-03-20 15:02:00
232,28330421.966549,15949.94551359903,1776.2080718328657,0.0005629971036941083,2023-03-20 15:01:00
233,28330421.966549,15949.94551359903,1776.2080718328657,0.0005629971036941083,2023-03-20 15:00:00
234,28310147.059943,15961.334123203867,1773.6704742733577,0.0005638025861149189,2023-03-20 14:59:00
235,28310292.670478,15961.25093279769,1773.6888411612592,0.0005637967476557421,2023-03-20 14:58:00
236,28310866.159573,15960.926635182523,1773.7608101754956,0.0005637738720256539,2023-03-20 14:57:00
237,28295913.35688,15969.335777659995,1771.890437451008,0.0005643689806456498,2023-03-20 14:54:00
238,28293223.765469,15970.849300146714,1771.5541153108666,0.0005644761252236361,2023-03-20 14:50:00
239,28291526.13423,15971.80474440887,1771.3418481486133,0.0005645437672266304,2023-03-20 14:49:00
240,28295259.061459,15969.691282081812,1771.810021976231,0.0005643945951296889,2023-03-20 14:48:00
241,28295010.142964,15969.831350102462,1771.778895008961,0.0005644045105272249,2023-03-20 14:46:00
242,28294510.142964,15970.112710722871,1771.7163714170981,0.000564424428273559,2023-03-20 14:45:00
243,28293922.9097815,15970.443172096566,1771.64294098032,0.0005644478223554017,2023-03-20 14:44:00
244,28296460.021709334,15969.005590515988,1771.961318110006,0.0005643464120873395,2023-03-20 14:43:00
245,28299357.204659,15967.365210265272,1772.3247907216153,0.0005642306676717208,2023-03-20 14:41:00
246,28303393.573457,15965.081241060812,1772.8311648463844,0.0005640695063518075,2023-03-20 14:40:00
247,28303293.573457,15965.137478989293,1772.8186563194445,0.0005640734862730427,2023-03-20 14:39:00
248,28303297.399582997,15965.13431177462,1772.8192476812524,0.0005640732981201424,2023-03-20 14:35:00
249,28288184.455519,15973.638077697593,1770.9293473360326,0.000564675265845177,2023-03-20 14:33:00
250,28288043.53539,15973.717413481783,1770.9117297589698,0.0005646808834091947,2023-03-20 14:32:00
251,28287484.53539,15974.03212941239,1770.84184546933,0.0005647031679174696,2023-03-20 14:31:00
252,28286925.53539,15974.34685762467,1770.771962541207,0.0005647254537308777,2023-03-20 14:30:00
253,28286005.53539,15974.86486763205,1770.6569529894023,0.0005647621349876681,2023-03-20 14:29:00
254,28280550.8311115,15977.937291850769,1769.9751831532146,0.0005649797390525143,2023-03-20 14:28:00
255,28257009.698299,15991.208218281963,1767.0340673529502,0.0005659200456769692,2023-03-20 14:25:00
256,28259527.989027,15989.777128531641,1767.3497111227157,0.00056581897386044,2023-03-20 14:24:00
257,28258927.989027,15990.115608628339,1767.274776536222,0.0005658429652687934,2023-03-20 14:23:00
258,28268139.759472,15984.889217636292,1768.4288814640938,0.0005654736871137806,2023-03-20 14:21:00
259,28270473.819425,15983.565506264757,1768.7213662273534,0.0005653801775081055,2023-03-20 14:19:00
260,28270354.845117,15983.63257046522,1768.7065015092599,0.0005653849291257126,2023-03-20 14:18:00
261,28270059.644245,15983.798973620535,1768.6696192126515,0.0005653967191708558,2023-03-20 14:15:00
262,28272084.81970933,15982.649452184856,1768.9235385668,0.0005653155597433122,2023-03-20 14:14:00
263,28270036.388602,15983.802703202062,1768.6677515694446,0.0005653973162074336,2023-03-20 14:12:00
264,28268400.172272,15984.725093524337,1768.4633302654652,0.0005654626719627199,2023-03-20 14:11:00
265,28267400.172272,15985.288879752328,1768.3384006952,0.0005655026207692274,2023-03-20 14:10:00
266,28289052.43530575,15973.015453551796,1771.055154933298,0.0005646367051686741,2023-03-20 14:09:00
267,28312267.65805,15959.862920582824,1773.9668441347796,0.0005637083935961227,2023-03-20 14:08:00
268,28337588.264059,15945.559363922475,1777.1460766797577,0.0005626999452224547,2023-03-20 14:06:00
269,28337765.446634,15945.459363922475,1777.1683336229141,0.0005626928980674621,2023-03-20 14:05:00
270,28337898.385389,15945.384335495533,1777.185032931873,0.000562687610726876,2023-03-20 14:04:00
271,28331339.5109885,15949.060532614692,1776.3650636790178,0.0005629479210918836,2023-03-20 14:03:00
272,28258889.625028,15989.82239257224,1767.305379302377,0.0005658335483139745,2023-03-20 14:02:00
273,28242666.531385,15998.97585379507,1765.2796522400927,0.0005664824826655803,2023-03-20 14:01:00
274,28242666.531385,15998.97585379507,1765.2796522400927,0.0005664824826655803,2023-03-20 14:00:00
275,28242257.726159,15999.206743394829,1765.2286253394473,0.0005664988577941802,2023-03-20 13:59:00
276,28225566.656032,16008.639417449001,1763.1458814239359,0.0005671680435174869,2023-03-20 13:58:00
277,28225284.902257334,16008.798714010487,1763.1107372375147,0.0005671793489362462,2023-03-20 13:56:00
278,28233097.810893,16004.353344551899,1764.0886339299695,0.0005668649420539674,2023-03-20 13:55:00
279,28234043.930665,16003.813718638126,1764.2072337909985,0.0005668268335183959,2023-03-20 13:54:00
280,28239463.687347,16000.733004344644,1764.8856261572016,0.0005666089548121959,2023-03-20 13:53:00
281,28243644.467562333,15998.353956730249,1765.4094302969304,0.0005664408587350299,2023-03-20 13:52:00
282,28245777.483023,15997.141242233225,1765.6765702894954,0.0005663551393424464,2023-03-20 13:51:00
283,28245692.370852,15997.187894534532,1765.66610173557,0.0005663584979440364,2023-03-20 13:50:00
284,28244818.063614,15997.681591089315,1765.5569592616703,0.0005663935082166148,2023-03-20 13:48:00
285,28244368.063614,15997.935707134182,1765.5007858931822,0.0005664115292331016,2023-03-20 13:47:00
286,28243988.0969,15998.15028189577,1765.4533554958646,0.0005664267463578096,2023-03-20 13:45:00
287,28243840.598958,15998.233578469812,1765.434943828308,0.0005664326536051912,2023-03-20 13:44:00
288,28242890.598958,15998.770093203697,1765.3163608467394,0.0005664707030304454,2023-03-20 13:43:00
289,28242563.2332,15998.954698150426,1765.275529967003,0.0005664838055358607,2023-03-20 13:42:00
290,28226018.866106,16008.303890372437,1763.21108465972,0.000567147069741221,2023-03-20 13:41:00
291,28229440.032653,16006.357983926397,1763.6391776943285,0.0005670094045582143,2023-03-20 13:40:00
292,28229598.284886,16006.267983926396,1763.6589811712734,0.0005670030378185041,2023-03-20 13:38:00
293,28244440.9084765,15997.834784625222,1765.5172459139626,0.0005664067411698275,2023-03-20 13:37:00
294,28261174.1937102,15988.326415562135,1767.6133282517173,0.0005657347759636101,2023-03-20 13:36:00
295,28319698.98086567,15955.184912322375,1774.9531348702283,0.0005633954150216095,2023-03-20 13:35:00
296,28373579.2220985,15924.794776143975,1781.7236335112248,0.000561254429123233,2023-03-20 13:34:00
297,28381563.53145,15920.300214160745,1782.7279102566952,0.0005609380961876622,2023-03-20 13:32:00
298,28379413.53145,15921.502704535258,1782.4582302111862,0.0005610229643322031,2023-03-20 13:31:00
299,28376783.581167,15922.972224736372,1782.1285623470085,0.0005611267460731719,2023-03-20 13:30:00
300,28379203.6364825,15921.60697452669,1782.4333858701261,0.000561030791619507,2023-03-20 13:27:00
301,28380748.851867,15920.737109294923,1782.6278178601174,0.0005609695921835266,2023-03-20 13:26:00
302,28382312.944662,15919.857109294924,1782.8246038773038,0.0005609076730404049,2023-03-20 13:25:00
303,28388070.4045285,15916.618665768856,1783.549073264833,0.0005606798375524249,2023-03-20 13:24:00
304,28391889.642698,15914.471123562726,1784.0297313217905,0.0005605287750776992,2023-03-20 13:23:00
305,28390904.642698,15915.021607141576,1783.9061324276242,0.0005605676116148289,2023-03-20 13:22:00
306,28390511.305005666,15915.241289325679,1783.856794185399,0.0005605831159001358,2023-03-20 13:21:00
307,28391570.860791,15914.645442747114,1783.9901594370785,0.0005605412085431798,2023-03-20 13:20:00
308,28391521.360791,15914.673106344799,1783.9839480882572,0.0005605431601958159,2023-03-20 13:18:00
309,28391747.851364,15914.545767602409,1784.0124541387609,0.0005605342034917318,2023-03-20 13:16:00
310,28389805.4531265,15915.631360078318,1783.7687255290539,0.0005606107936965438,2023-03-20 13:15:00
311,28388442.063348666,15916.393432852337,1783.597659269919,0.0005606645620621222,2023-03-20 13:14:00
312,28387516.7844295,15916.91007587238,1783.4816337631817,0.0005607010362316761,2023-03-20 13:13:00
313,28392691.041289,15914.000666113503,1784.1328297633552,0.0005604963841916628,2023-03-20 13:12:00
314,28392211.188638,15914.268766331743,1784.0726209616755,0.0005605152997981474,2023-03-20 13:11:00
315,28392389.061796,15914.168766331743,1784.0950085852658,0.0005605082662010081,2023-03-20 13:09:00
316,28390389.061796,15915.286498549185,1783.8440460612521,0.0005605871220682163,2023-03-20 13:08:00
317,28387783.316855,15916.742997000962,1783.517100347719,0.0005606898861887193,2023-03-20 13:06:00
318,28388697.538789,15916.228727800084,1783.6321671605458,0.0005606537146007804,2023-03-20 13:04:00
319,28388973.480777,15916.073555891979,1783.6668937903767,0.0005606427991018842,2023-03-20 13:03:00
320,28388273.480777,15916.464838149499,1783.5790654174884,0.000560670406706039,2023-03-20 13:02:00
321,28397813.787625,15911.101583065836,1784.779868280695,0.0005602931867240944,2023-03-20 13:01:00
322,28397813.787625,15911.101583065836,1784.779868280695,0.0005602931867240944,2023-03-20 12:57:00
323,28395103.168873,15912.61591257494,1784.4396750903652,0.000560400003406873,2023-03-20 12:56:00
324,28395050.794163,15912.645175364214,1784.4331021798885,0.0005604020676249426,2023-03-20 12:55:00
325,28392050.794163,15914.321515057482,1784.0566289489377,0.0005605203241721883,2023-03-20 12:50:00
326,28392204.342181,15914.235189763574,1784.0759548686049,0.0005605142523618894,2023-03-20 12:49:00
327,28392430.264983,15914.108176784348,1784.1043902417443,0.0005605053187860274,2023-03-20 12:48:00
328,28391862.687784668,15914.425368789125,1784.0331689988968,0.0005605276963988495,2023-03-20 12:46:00
329,28390746.968187,15915.048898915065,1783.8931660670664,0.0005605716861506688,2023-03-20 12:45:00
330,28390493.895767,15915.190339753539,1783.8614109975294,0.0005605816650525576,2023-03-20 12:44:00
331,28390293.895767,15915.302120525002,1783.8363155641107,0.0005605895514487076,2023-03-20 12:43:00
332,28390043.895767,15915.441848701124,1783.8049465201584,0.0005605994096780577,2023-03-20 12:41:00
333,28391070.722403,15914.86195605626,1783.9344707443877,0.0005605587114940305,2023-03-20 12:39:00
334,28392274.822023,15914.184942180551,1784.0860166686432,0.0005605110912013438,2023-03-20 12:38:00
335,28392269.847023,15914.187722358089,1784.0853923781644,0.0005605112873364273,2023-03-20 12:37:00
336,28391400.2016005,15914.672948170908,1783.976352796648,0.0005605455467291567,2023-03-20 12:36:00
337,28391291.926386,15914.73338925885,1783.9627741166962,0.0005605498133212045,2023-03-20 12:34:00
338,28391206.926386,15914.780893182646,1783.9521082283848,0.0005605531647332643,2023-03-20 12:33:00
339,28390842.56529,15914.984526830167,1783.9063881857687,0.0005605675312464121,2023-03-20 12:32:00
340,28390448.910774,15915.204537810878,1783.8569930612455,0.0005605830534004398,2023-03-20 12:30:00
341,28388934.552068003,15916.050967535248,1783.6669810166982,0.0005606427727490911,2023-03-20 12:29:00
342,28387987.402329,15916.58039727356,1783.5481424886805,0.0005606801275375984,2023-03-20 12:28:00
343,28388007.9667745,15916.567076352414,1783.550928507727,0.0005606792525445792,2023-03-20 12:24:00
344,28389011.865346,15916.002531732298,1783.6772649882294,0.0005606395392423186,2023-03-20 12:22:00
345,28388866.424289,15916.08382753595,1783.6590163702365,0.0005606452751462607,2023-03-20 12:21:00
346,28388581.2498985,15916.242276188397,1783.6233427814086,0.0005606564885334899,2023-03-20 12:20:00
347,28389529.88892,15915.708599991083,1783.7427539315408,0.0005606189557299694,2023-03-20 12:19:00
348,28388961.432884,15916.026337520869,1783.6714284619584,0.0005606413737659574,2023-03-20 12:18:00
349,28388872.172932,15916.076126828983,1783.6602405504382,0.0005606448903610162,2023-03-20 12:17:00
350,28389053.225494,15915.974315850159,1783.6830257565425,0.0005606377285450861,2023-03-20 12:16:00
351,28389250.352505,15915.863467215126,1783.707834072819,0.0005606299310334114,2023-03-20 12:15:00
352,28389271.109009,15915.85179549108,1783.7104462766868,0.000560629110003475,2023-03-20 12:13:00
353,28389540.869560003,15915.700106568707,1783.7443958241806,0.0005606184397394338,2023-03-20 12:11:00
354,28387691.867308,15916.733219063617,1783.51245048876,0.0005606913479779503,2023-03-20 12:10:00
355,28387655.983938,15916.753278225582,1783.5079483686443,0.0005606927633345785,2023-03-20 12:09:00
356,28387414.669992,15916.885625233454,1783.477958937077,0.0005607021921555993,2023-03-20 12:08:00
357,28386614.669992,15917.332848987851,1783.3775884002478,0.0005607337484245471,2023-03-20 12:06:00
358,28386489.481014,15917.40283658986,1783.3618821582636,0.00056073868688976,2023-03-20 12:03:00
359,28385981.294302,15917.686946542355,1783.2981255149018,0.0005607587344439475,2023-03-20 12:01:00
360,28385981.294302,15917.686946542355,1783.2981255149018,0.0005607587344439475,2023-03-20 12:00:00
361,28385481.294302,15917.96648969544,1783.2353971015996,0.0005607784601098434,2023-03-20 11:53:00
362,28385398.177592,15918.012960061626,1783.224969649862,0.00056078173927564,2023-03-20 11:49:00
363,28385095.818999,15918.182010557226,1783.187037367074,0.0005607936683547556,2023-03-20 11:48:00
364,28384247.619735,15918.656262317434,1783.0806289175332,0.0005608271346692139,2023-03-20 11:47:00
365,28406111.71575733,15906.367635769915,1785.8328887641667,0.00055996291676262,2023-03-20 11:46:00
366,28415640.59938,15901.016235525934,1787.0329908709418,0.000559586759304933,2023-03-20 11:45:00
367,28415975.802127,15900.82754710159,1787.075277557279,0.0005595735180036075,2023-03-20 11:43:00
368,28419452.744496,15898.875962919457,1787.5133318092314,0.0005594363869656415,2023-03-20 11:41:00
369,28419949.830959,15898.597018267443,1787.5759603131678,0.0005594167869305042,2023-03-20 11:40:00
370,28419355.616734,15898.927934797168,1787.5013795448444,0.0005594401276795838,2023-03-20 11:39:00
371,28419596.992477,15898.792494349214,1787.5317891329144,0.0005594306104536883,2023-03-20 11:38:00
372,28419798.070418,15898.67966751139,1787.557122022733,0.0005594226823187823,2023-03-20 11:35:00
373,28417881.771492332,15899.748244508155,1787.3164619393617,0.0005594980081933291,2023-03-20 11:31:00
374,28417465.21143,15899.98000756179,1787.2642102641062,0.0005595143651716882,2023-03-20 11:29:00
375,28414043.426454,15901.889031664989,1786.83446789711,0.0005596489310937012,2023-03-20 11:27:00
376,28408368.768097997,15905.056203455018,1786.1219287267675,0.000559872227640425,2023-03-20 11:25:00
377,28399825.017727003,15909.826621396742,1785.049348567461,0.0005602086268025583,2023-03-20 11:22:00
378,28395553.483144,15912.212575818823,1784.5132063089472,0.0005603769120142186,2023-03-20 11:21:00
379,28391539.854682,15914.455290109268,1784.0095270070071,0.0005605351231939202,2023-03-20 11:18:00
380,28376294.578901,15922.97956290716,1782.0970332310308,0.0005611366752841574,2023-03-20 11:17:00
381,28375239.486808,15923.569653942235,1781.9647292328748,0.0005611783351236665,2023-03-20 11:15:00
382,28374339.486808,15924.073215234195,1781.8518605944942,0.0005612138820936336,2023-03-20 11:14:00
383,28374574.686431,15923.940821857865,1781.8814452941747,0.0005612045642211106,2023-03-20 11:13:00
384,28374150.123242,15924.178291560504,1781.8282122956207,0.0005612213310508399,2023-03-20 11:10:00
385,28374286.886989,15924.099780589435,1781.8455848647488,0.0005612158587108461,2023-03-20 11:08:00
386,28374306.624274,15924.088670389077,1781.8480675152334,0.0005612150767682951,2023-03-20 11:06:00
387,28373806.624274,15924.368441034847,1781.7853643199255,0.0005612348266098153,2023-03-20 11:05:00
388,28371962.367972,15925.40046379811,1781.5540923110616,0.0005613076831715973,2023-03-20 11:04:00
389,28373404.121318,15924.588807942751,1781.7354332862014,0.0005612505552769254,2023-03-20 11:01:00
390,28375037.71326833,15923.669251214264,1781.9409142534014,0.0005611858362689857,2023-03-20 11:00:00
391,28375582.040754,15923.362860518248,1782.0093839041283,0.0005611642727768036,2023-03-20 10:59:00
392,28376014.788028,15923.11929121563,1782.063819849815,0.0005611471311303968,2023-03-20 10:56:00
393,28376243.239084,15922.990414928192,1782.092590795389,0.0005611380718110023,2023-03-20 10:55:00
394,28376065.4234865,15923.088255549934,1782.0704736456264,0.0005611450361878568,2023-03-20 10:54:00
395,28375843.558274,15923.211449704027,1782.042752362083,0.0005611537650679301,2023-03-20 10:53:00
396,28381137.063753,15920.23259832013,1782.7086940141642,0.0005609441426732924,2023-03-20 10:52:00
397,28380707.851185,15920.471812625725,1782.6549500233168,0.0005609610554563368,2023-03-20 10:50:00
398,28379900.470197,15920.92313250645,1782.5537020900053,0.0005609929164275062,2023-03-20 10:49:00
399,28378946.288894,15921.456598862116,1782.434045068603,0.0005610305765684091,2023-03-20 10:48:00
400,28378340.558824003,15921.795419902126,1782.3580702547897,0.0005610544910947142,2023-03-20 10:47:00
401,28378469.536457,15921.722482333556,1782.3743359391683,0.0005610493709634122,2023-03-20 10:46:00
402,28378602.814125,15921.647482333557,1782.3911027808845,0.0005610440932070415,2023-03-20 10:45:00
403,28378487.460674,15921.706147984609,1782.3772902796718,0.0005610484410082955,2023-03-20 10:41:00
404,28373747.984741,15924.357689173732,1781.7828849719356,0.0005612356075671648,2023-03-20 10:40:00
405,28373762.210425,15924.337870774272,1781.7860234265147,0.0005612346364352773,2023-03-20 10:39:00
406,28375010.523459,15923.62872324287,1781.9437401251082,0.000561184945114929,2023-03-20 10:37:00
407,28373048.4522395,15924.726598929941,1781.6976851016334,0.000561262448139826,2023-03-20 10:36:00
408,28372734.184226,15924.898119467529,1781.6587589297237,0.0005612747095775509,2023-03-20 10:34:00
409,28372659.035203002,15924.93583163199,1781.6498185723487,0.000561277524671677,2023-03-20 10:33:00
410,28371056.560203,15925.832617183423,1781.4488725438198,0.0005613408363339948,2023-03-20 10:32:00
411,28370217.425065666,15926.301967134583,1781.343687889096,0.0005613739845477199,2023-03-20 10:31:00
412,28346589.450148,15939.537144611482,1778.382219820658,0.0005623088157622525,2023-03-20 10:30:00
413,28344617.266267,15940.642870994538,1778.1351414529606,0.0005623869506245031,2023-03-20 10:29:00
414,28346011.537988,15939.856459909413,1778.3103452068342,0.0005623315469921774,2023-03-20 10:26:00
415,28346797.863046497,15939.411465720455,1778.4093173133779,0.0005623002479072218,2023-03-20 10:24:00
416,28345077.43165833,15940.376041610043,1778.1937785436521,0.0005623684084589143,2023-03-20 10:23:00
417,28343085.140459,15941.49313993754,1777.944192031315,0.0005624473504185147,2023-03-20 10:22:00
418,28342885.522043,15941.605078750545,1777.919185805375,0.0005624552611748844,2023-03-20 10:21:00
419,28342527.974288,15941.805582581763,1777.8743961885623,0.0005624694309923228,2023-03-20 10:19:00
420,28342017.886103,15942.091636014084,1777.8104989734713,0.0005624896469997291,2023-03-20 10:18:00
421,28343320.1936265,15941.35627892987,1777.9742012108882,0.000562437857368373,2023-03-20 10:16:00
422,28347416.213673,15939.045271457071,1778.4889703799438,0.0005622750642003515,2023-03-20 10:14:00
423,28383268.161597,15918.851573703832,1782.9972237747975,0.0005608533690719339,2023-03-20 10:13:00
424,28382772.536597,15919.128717575475,1782.935048779464,0.000560872927302969,2023-03-20 10:12:00
425,28383335.371734,15918.8114612424,1783.0059386555984,0.0005608506277629162,2023-03-20 10:10:00
426,28382986.183883,15919.006718535687,1782.9621336565367,0.0005608644071413238,2023-03-20 10:07:00
427,28383186.1048675,15918.893918909027,1782.9873262251267,0.0005608564824305591,2023-03-20 10:05:00
428,28383291.698106,15918.834518255691,1783.0006126111864,0.0005608523030934409,2023-03-20 10:04:00
429,28381036.146993,15920.09585443437,1782.7176674371449,0.0005609413191252047,2023-03-20 10:03:00
430,28380917.26751,15920.162339073622,1782.7027553515172,0.0005609460113291954,2023-03-20 10:01:00
431,28380519.525739,15920.384787633593,1782.6528639485073,0.0005609617110581587,2023-03-20 10:00:00
432,28380400.795126665,15920.447552422038,1782.638381956522,0.0005609662705704448,2023-03-20 09:59:00
433,28382014.682766497,15919.537646577071,1782.8416449708,0.0005609023117548913,2023-03-20 09:55:00
434,28382278.287984,15919.389345651683,1782.874812075408,0.0005608918771116187,2023-03-20 09:54:00
435,28381673.158859,15919.727182492275,1782.7989660563262,0.0005609157393398538,2023-03-20 09:53:00
436,28381637.130163666,15919.746765957976,1782.794509760908,0.0005609171413718237,2023-03-20 09:52:00
437,28381782.939183,15919.664178741714,1782.812917440969,0.0005609113498209277,2023-03-20 09:51:00
438,28382393.070588,15919.320926734517,1782.889684881175,0.0005608871981704507,2023-03-20 09:50:00
439,28382761.50460067,15919.112537812085,1782.936168693793,0.0005608725754999974,2023-03-20 09:46:00
440,28382162.118581,15919.447418525355,1782.8610109640406,0.0005608962189706943,2023-03-20 09:45:00
441,28382667.36431867,15919.162619609955,1782.9246453266107,0.0005608762001481898,2023-03-20 09:44:00
442,28383198.094766665,15918.863238874364,1782.9915167154359,0.0005608551648977146,2023-03-20 09:43:00
443,28383174.858956,15918.874001983815,1782.9888505568222,0.0005608560029344564,2023-03-20 09:42:00
444,28383074.858956,15918.929919524317,1782.9763057216935,0.0005608599490587347,2023-03-20 09:41:00
445,28383796.811148003,15918.52380015031,1783.0671472596557,0.0005608313754332391,2023-03-20 09:38:00
446,28384368.354609,15918.202299881936,1783.139064316297,0.000560808755756482,2023-03-20 09:37:00
447,28423500.132841,15896.221194754235,1788.0664709308887,0.0005592633250817505,2023-03-20 09:36:00
448,28442279.99879,15885.693409364707,1790.4336478018085,0.0005585239091254471,2023-03-20 09:35:00
449,28442210.125872,15885.73231807851,1790.4248640463234,0.0005585266492222525,2023-03-20 09:34:00
450,28441360.125872,15886.205655816335,1790.3180119136223,0.0005585599839776109,2023-03-20 09:33:00
451,28442420.380786,15885.611344247323,1790.4517342409924,0.0005585182671366004,2023-03-20 09:32:00
452,28440620.380786,15886.61372456592,1790.2254611256437,0.0005585888602942939,2023-03-20 09:30:00
453,28440638.229345,15886.603724565919,1790.2277115005022,0.0005585881581298041,2023-03-20 09:29:00
454,28440618.229345,15886.614862821625,1790.2251974335115,0.0005585889425719245,2023-03-20 09:28:00
455,28440118.229345,15886.893324304987,1790.162346330804,0.0005586085541625005,2023-03-20 09:25:00
456,28439968.229345,15886.976864654873,1790.1434912149869,0.00055861443784112,2023-03-20 09:24:00
457,28441753.14276,15885.976864654873,1790.36853958329,0.0005585442225115277,2023-03-20 09:23:00
458,28442724.8162765,15885.43217694456,1790.4910928280992,0.0005585059898732598,2023-03-20 09:22:00
459,28442975.396859,15885.291805679639,1790.5226888365676,0.0005584961342488056,2023-03-20 09:21:00
460,28442492.005241,15885.560972687093,1790.4619203655268,0.0005585150896679488,2023-03-20 09:20:00
461,28443503.445527,15884.99438842034,1790.5894550558617,0.0005584753094442873,2023-03-20 09:19:00
462,28441584.668865,15886.062562644465,1790.3482727186552,0.0005585505430818856,2023-03-20 09:18:00
463,28444314.981189,15884.53310345467,1790.6925432389794,0.0005584431586402957,2023-03-20 09:17:00
464,28451744.413405754,15880.372804839953,1791.629504222548,0.000558151113596314,2023-03-20 09:16:00
465,28447643.056253,15882.652417614328,1791.1141230229107,0.0005583117162363019,2023-03-20 09:14:00
466,22269824.23388,12432.32380386276,1791.2841223844694,0.0005582587304451722,2023-03-20 09:13:00
467,22269612.282315,12432.441773735298,1791.25007682414,0.0005582693410252271,2023-03-20 09:12:00
468,22270174.334955,12432.127060782383,1791.3406310982061,0.000558241119885131,2023-03-20 09:10:00
469,22276192.885089334,12428.755916268305,1792.31142349099,0.0005579391688641412,2023-03-20 09:07:00
470,22290180.285402,12420.928694346856,1794.5663189860306,0.0005572376954923695,2023-03-20 09:05:00
471,22289180.285402,12421.484285254628,1794.4055455483028,0.0005572876223442776,2023-03-20 09:04:00
472,22288680.052104,12421.760580347196,1794.3253693599445,0.0005573125282090526,2023-03-20 09:01:00
473,22287680.052104,12422.316221010375,1794.1646030881045,0.0005573624617712369,2023-03-20 09:00:00
474,22287786.617169,12422.256647206339,1794.1817859785835,0.0005573571239073634,2023-03-20 08:59:00
475,22286491.617169,12422.976301163837,1793.9736080057648,0.0005574218012669819,2023-03-20 08:56:00
476,22286411.617169,12423.020761286301,1793.9607479865006,0.0005574257971487818,2023-03-20 08:55:00
477,22284634.98333,12424.008210513375,1793.6751655132052,0.0005575145484683569,2023-03-20 08:54:00
478,22284863.144489,12423.880625900254,1793.7119500352737,0.0005575031152467568,2023-03-20 08:53:00
479,22285800.813912,12423.356204165653,1793.8631435553132,0.0005574561267912941,2023-03-20 08:50:00
480,22285260.813912,12423.65633466756,1793.7763419715782,0.0005574831023252756,2023-03-20 08:49:00
481,22286274.005213,12423.089823861326,1793.939697868659,0.0005574323379922293,2023-03-20 08:47:00
482,22286174.005213,12423.145400114798,1793.9236229986539,0.0005574373329943882,2023-03-20 08:45:00
483,22285874.005213,12423.312131865516,1793.875398819791,0.0005574523184040041,2023-03-20 08:44:00
484,22286044.487728,12423.216560719364,1793.9029219045933,0.0005574437656516532,2023-03-20 08:43:00
485,22286242.214386,12423.106008550896,1793.9348017352706,0.0005574338593758822,2023-03-20 08:42:00
486,22298825.983076,12416.07426499798,1795.964288481938,0.0005568039444956129,2023-03-20 08:41:00
487,22304009.925411,12413.17981499798,1796.8006794248336,0.0005565447583869491,2023-03-20 08:40:00
488,22315729.477585,12406.641162916472,1798.6922636472193,0.0005559594713396354,2023-03-20 08:39:00
489,22307332.53235033,12411.29740318424,1797.3409485907378,0.0005563774903546907,2023-03-20 08:38:00
490,22291951.179768,12419.838170157282,1794.8675924088268,0.0005571448553689873,2023-03-20 08:37:00
491,22274190.479840003,12429.707263144961,1792.0124753683094,0.0005580318294796868,2023-03-20 08:33:00
492,22273590.592355,12430.041023923373,1791.916096615154,0.0005580618433468807,2023-03-20 08:32:00
493,22273790.592355,12429.929076718288,1791.9483252784303,0.0005580518064574331,2023-03-20 08:30:00
494,22273494.92006,12430.09358440218,1791.9008227071672,0.0005580666001946304,2023-03-20 08:28:00
495,22273018.344426,12430.358753091634,1791.8242575972583,0.0005580904465156349,2023-03-20 08:26:00
496,22273054.073458,12430.338753091635,1791.8300149236331,0.0005580886533160455,2023-03-20 08:24:00
497,22274888.203711003,12429.312150583275,1792.125576542497,0.0005579966120149832,2023-03-20 08:22:00
498,22276690.796416,12428.302498541168,1792.4162047899006,0.0005579061366035885,2023-03-20 08:21:00
499,22276490.796416,12428.413746023585,1792.3840686059605,0.000557916139467674,2023-03-20 08:19:00
500,22276950.137872998,12428.1564769491,1792.4581316931415,0.0005578930868315957,2023-03-20 08:18:00
